whale_txn_count,whale_burst_flag,etow_usd_log,etow_coins_log,whale_net_usd_log,wtoe_usd_log,wtoe_coins_log,whale_net_usd_24h_log
4,0,17.946942437473275,10.135947570487687,18.307175259017228,18.836340027768582,11.021918808236205,18.307175259017228
1,0,17.291805702727817,9.489259158757807,-17.291805702727817,0.0,0.0,17.857337304448656
1,0,17.39106335076916,9.503457646917903,-17.39106335076916,0.0,0.0,16.870260892919102
1,0,17.403790174167725,9.506139412529912,-17.403790174167725,0.0,0.0,-16.52061682995642
1,0,16.988430607983805,9.04699757378001,-16.988430607983805,0.0,0.0,-17.474781216087
1,0,17.112416851926625,9.172949982757624,-17.112416851926625,0.0,0.0,-18.003070668386872
2,0,18.13961153159816,10.196567530049501,-18.13961153159816,0.0,0.0,-18.766816891345954
1,0,17.79042199262685,9.836011387411213,-17.79042199262685,0.0,0.0,-19.086481938086987
2,0,16.893221955434807,8.934850340289763,10.367693155666892,16.89468638053899,8.934850340289763,-19.08631844477424
1,0,17.797696978858713,9.834673236535767,-17.797696978858713,0.0,0.0,-19.329774697026906
1,0,17.469976113658106,9.503233841478497,-17.469976113658106,0.0,0.0,-19.474484365760823
1,0,17.80669610537221,9.836599606994497,-17.80669610537221,0.0,0.0,-19.647314249153045
1,0,17.48052573694662,9.516058806914062,-17.48052573694662,0.0,0.0,-19.755760394439026
1,0,17.181318315803132,9.210340371976184,-17.181318315803132,0.0,0.0,-19.82919329294362
1,0,17.186880113534546,9.210440366976517,-17.186880113534546,0.0,0.0,-19.89796943498021
2,0,17.183934647777914,9.210440366976517,-12.963489561107938,17.169133581065736,9.197761589769323,-19.898942588377352
1,0,17.526480314766136,9.546884034617925,-17.526480314766136,0.0,0.0,-19.988098260737008
1,0,17.815501106442884,9.838308826511133,-17.815501106442884,0.0,0.0,-20.095948989650346
2,0,18.377818168863012,10.382419951415045,-18.377818168863012,0.0,0.0,-20.260955812676293
1,0,17.498741589733534,9.51369892381297,-17.498741589733534,0.0,0.0,-20.322193686156446
1,0,0.0,0.0,17.204478261032772,17.204478261032772,9.214133170214879,-20.276926239190146
1,0,17.84748466487245,9.84977027003014,-17.84748466487245,0.0,0.0,-20.361346434846382
2,1,18.205305701979555,10.206070552676763,-18.205305701979555,0.0,0.0,-20.470902501754935
1,0,17.524596356889113,9.504650430718184,-17.524596356889113,0.0,0.0,-20.522102519388138
1,0,17.51577547600144,9.48432911729596,-17.51577547600144,0.0,0.0,-20.66934468434092
1,0,17.910058082921378,9.84977027003014,-17.910058082921378,0.0,0.0,-20.69813191461822
2,1,17.83329308543661,9.770013301136158,-17.83329308543661,0.0,0.0,-20.718296182645396
1,0,17.540412732484008,9.475393326367602,-17.540412732484008,0.0,0.0,-20.723603836818018
4,1,18.69991736627476,10.628036496235605,-18.69991736627476,0.0,0.0,-20.826429611835056
1,0,17.519786525125287,9.446755465483632,-17.519786525125287,0.0,0.0,-20.83861453689937
1,0,17.452713591675682,9.382779928915687,-17.452713591675682,0.0,0.0,-20.804617723271477
3,1,19.58524730111465,11.502875129116727,-18.424609506248984,19.209409485671202,11.127262984158243,-20.84716416889351
2,0,18.133086094345764,10.068874864289374,-18.133086094345764,0.0,0.0,-20.911353369340553
1,0,17.42337009584188,9.355652103136237,-17.42337009584188,0.0,0.0,-20.89738047307243
1,0,0.0,0.0,17.466700579915535,17.466700579915535,9.392745258631441,-20.83034706443015
1,0,17.38576716137587,9.33353098253138,-17.38576716137587,0.0,0.0,-20.813500754824194
2,0,17.56498437461331,9.495519314209846,16.571155987362108,17.87990959517722,9.81230384711351,-20.762143642275063
2,0,18.369783234389562,10.302196556147285,-18.369783234389562,0.0,0.0,-20.823766311111726
2,0,18.66275698349115,10.596634733096073,-12.54258416709401,18.660556495976703,10.596659732783579,-20.797339192358123
1,0,17.410145099675038,9.324561516066206,-17.410145099675038,0.0,0.0,-20.830200588843894
1,0,17.409827762504325,9.305013985578864,-17.409827762504325,0.0,0.0,-20.826146416102105
1,0,0.0,0.0,17.430375616315313,17.430375616315313,9.308464769969381,-20.739744391708367
2,0,17.301491361566363,9.16868469670735,17.999518431853442,18.403359544366307,10.284625814486557,-20.566825356191508
2,0,18.65343668387518,10.537839686585567,-18.65343668387518,0.0,0.0,-20.663107105711102
1,0,17.389714019560323,9.299906815335225,-17.389714019560323,0.0,0.0,-20.730158626994857
4,1,18.365676879168475,10.280313102435128,-18.0533269694404,17.049932552487135,8.962007209588313,-20.742873320693523
4,1,18.842639979622636,10.74761611027086,-18.842639979622636,0.0,0.0,-20.81097603537012
8,1,18.64848132246228,10.56856956482773,17.01858548353163,18.827422150578297,10.742054552499475,-20.749174444549233
4,1,18.677126675741704,10.589635294075828,-18.03508824598564,17.930117298735446,9.844109029016629,-20.775662718607453
4,1,19.167389710176792,11.069197584736731,-19.167389710176792,0.0,0.0,-20.909567916769827
2,0,17.88944793618261,9.794509389966382,-17.42427542473806,16.900514635150884,8.805674944038582,-20.89396076821501
1,0,17.330419914563816,9.241354425505353,-17.330419914563816,0.0,0.0,-20.88731695783922
1,0,17.86991305091832,9.783408132205587,-17.86991305091832,0.0,0.0,-20.82194600377854
1,0,17.289937428407555,9.236397906295473,-17.289937428407555,0.0,0.0,-20.814359810120813
2,0,17.2438518867033,9.183585634667363,-15.518827444698346,17.047631793793006,8.987321812850125,-20.784246749166236
2,0,17.305701697622005,9.225721474014485,-15.31243756262016,17.159229874703517,9.052282067317908,-20.689660360401678
5,1,18.33790454953904,10.232899207525533,-16.691565314965647,18.123777432928367,10.022913682018666,-20.628614976543275
3,0,18.571082688902123,10.470504455951861,-18.571082688902123,0.0,0.0,-20.712238870809415
2,0,18.27167486524367,10.17332383184232,-18.27167486524367,0.0,0.0,-20.830963061372575
4,0,19.06821229741384,10.974728644408106,-19.06821229741384,0.0,0.0,-20.961705095810967
3,0,17.9954406533659,9.922260237859412,-17.559585830453642,16.95497011890208,8.88875674784872,-21.006388302923643
2,0,18.230018528367765,10.166236358442697,-18.230018528367765,0.0,0.0,-20.997004595882295
1,0,17.28162579505765,9.229162126216771,-17.28162579505765,0.0,0.0,-21.020851250781035
2,0,17.988631919243293,9.925884849978166,-17.988631919243293,0.0,0.0,-21.041805937425913
1,0,16.815470581973607,8.740496729931813,-16.815470581973607,0.0,0.0,-21.029877106100194
2,0,17.96562510671817,9.890858136135986,-17.96562510671817,0.0,0.0,-21.101291401284268
1,0,17.065575040603623,8.997765772011208,-17.065575040603623,0.0,0.0,-21.1620500529428
3,0,18.399562913956153,10.334262968600457,-18.399562913956153,0.0,0.0,-21.14363507532612
2,0,17.301911338764196,9.232199706329077,-15.966146778706072,16.996802265724998,8.93260863037757,-21.125691495938757
1,0,17.28047882245509,9.232199706329077,-17.28047882245509,0.0,0.0,-21.10044582201919
1,0,17.288165562228365,9.246479418592056,-17.288165562228365,0.0,0.0,-21.014362779835476
1,0,17.27483872500435,9.246479418592056,-17.27483872500435,0.0,0.0,-21.05565687465045
1,0,17.301455653685487,9.270682600982344,-17.301455653685487,0.0,0.0,-21.02997558870561
2,0,17.97812241517302,9.959726098983317,-17.97812241517302,0.0,0.0,-20.915687161447092
1,0,17.012460477375775,8.991064332188461,-17.012460477375775,0.0,0.0,-20.905352804559808
1,0,17.317377369325925,9.295692039075686,-17.317377369325925,0.0,0.0,-20.904989694320317
1,0,17.29003850968143,9.271153211372695,-17.29003850968143,0.0,0.0,-20.883610030168548
2,0,17.985443012194487,9.967400878279781,-17.985443012194487,0.0,0.0,-20.910862301088898
1,0,17.309311155878326,9.277438115508676,-17.309311155878326,0.0,0.0,-20.93333652553507
1,0,17.3056133190827,9.271153211372695,-17.3056133190827,0.0,0.0,-20.95603225877183
1,0,17.311225350727216,9.271153211372695,-17.311225350727216,0.0,0.0,-20.96802712646155
1,0,17.322822720754523,9.271153211372695,-17.322822720754523,0.0,0.0,-20.90094724488151
1,0,17.327380332252567,9.273221270015384,-17.327380332252567,0.0,0.0,-20.855871085081496
1,0,17.335546625295624,9.279119887371008,-17.335546625295624,0.0,0.0,-20.707647507333874
1,0,17.314241343205993,9.279119887371008,-17.314241343205993,0.0,0.0,-20.698262390827303
1,0,17.60411269246734,9.552581649917311,-17.60411269246734,0.0,0.0,-20.658044374390762
1,0,16.848292198620392,8.813438494528507,-16.848292198620392,0.0,0.0,-20.645955656268164
1,0,17.31178151568472,9.280425979542871,-17.31178151568472,0.0,0.0,-20.610855115781373
1,0,17.308208173826863,9.281078386481525,-17.308208173826863,0.0,0.0,-20.625065081149728
1,0,17.698387328633206,9.653807502217354,-17.698387328633206,0.0,0.0,-20.60851622692386
1,0,17.33680015891673,9.283219017388756,-17.33680015891673,0.0,0.0,-20.617488993525097
1,0,18.86633752957275,10.819798284210286,-18.86633752957275,0.0,0.0,-20.680219044397358
2,1,18.002172036765955,9.96415923206886,-18.002172036765955,0.0,0.0,-20.738232265131654
1,0,17.32042991360774,9.262932822095353,-17.32042991360774,0.0,0.0,-20.739515395838755
2,1,17.25981880069198,9.19207456316929,-11.749119487228672,17.25576735772108,9.19207456316929,-20.707427839389247
1,0,17.005772934802796,8.963032193662675,-17.005772934802796,0.0,0.0,-20.699778104121798
1,0,17.313909995371034,9.259320994197804,-17.313909995371034,0.0,0.0,-20.70019695975892
1,0,17.34525505635958,9.271341393533582,-17.34525505635958,0.0,0.0,-20.668884978830576
4,1,18.36690121407273,10.32137518064285,-15.72901321110035,18.29270324842075,10.24555127050591,-20.65003934202361
1,0,17.30989474545488,9.273127360074948,-17.30989474545488,0.0,0.0,-20.649773189134137
1,0,0.0,0.0,17.0367287972365,17.0367287972365,8.987321812850125,-20.58607262116638
2,1,18.001400464306503,9.96636845057533,-18.001400464306503,0.0,0.0,-20.587265881068088
1,0,0.0,0.0,17.14170896038735,17.14170896038735,9.10242102975669,-20.51513348790216
1,0,16.897492268305168,8.853808274977197,-16.897492268305168,0.0,0.0,-20.5015110658304
1,0,17.313820433680174,9.272469743441732,-17.313820433680174,0.0,0.0,-20.501618012724517
3,1,17.812789679145293,9.76846934085804,17.99352498024375,18.600382112716467,10.555474139590984,-20.370302284409174
1,0,17.010314444583926,8.970050661827003,-17.010314444583926,0.0,0.0,-20.357257934698
1,0,17.303286228402452,9.264449697623215,-17.303286228402452,0.0,0.0,-20.355710163410656
1,0,0.0,0.0,18.354350955452905,18.354350955452905,10.308985993422082,-20.153696621845526
2,0,17.299967069065172,9.2596066132791,17.77931211502363,18.2612373859146,10.221213746336286,-19.96593721068987
1,0,17.64696200256737,9.61587214452889,-17.64696200256737,0.0,0.0,-20.018636928903817
1,0,0.0,0.0,16.98928344647582,16.98928344647582,8.968396191198256,-19.89636392453788
2,0,17.28428814265588,9.266437111328052,-16.081836667550316,16.926960535845453,8.903951072058707,-19.84179116562386
1,0,17.30053455620156,9.269646477873591,-17.30053455620156,0.0,0.0,-19.802543256422837
1,0,17.30138628610449,9.268420583052707,-17.30138628610449,0.0,0.0,-19.79958326763176
1,0,0.0,0.0,17.24410349759249,17.24410349759249,9.210440366976517,-19.162948491235664
1,0,17.299946274302215,9.269457976459272,-17.299946274302215,0.0,0.0,-18.990929402035235
1,0,17.321530520623348,9.26974071525763,-17.321530520623348,0.0,0.0,-18.991136577153
1,0,17.31979426126426,9.26974071525763,-17.31979426126426,0.0,0.0,-19.162800443482666
1,0,0.0,0.0,17.289740378839994,17.289740378839994,9.23620303150191,-18.84901915868444
1,0,17.52044442259781,9.46691869937663,-17.52044442259781,0.0,0.0,-18.897258987975178
1,0,17.393301735180973,9.343734255146714,-17.393301735180973,0.0,0.0,-18.907630866801295
6,1,17.327657308508478,9.274441297382706,20.078881235413526,20.140775323243894,12.089291607706253,19.726382424107797
1,0,17.394206272241846,9.275753510524416,-17.394206272241846,0.0,0.0,19.71850169346705
1,0,17.36563764241298,9.272375762895635,-17.36563764241298,0.0,0.0,19.53992737277114
1,0,17.312755271909516,9.210440366976517,-17.312755271909516,0.0,0.0,19.641458342441982
2,0,17.52837871844813,9.410256237171089,-9.841026871193522,17.5279200466976,9.410256237171089,19.555725062932805
1,0,17.732772675247038,9.60951909544164,-17.732772675247038,0.0,0.0,19.459790923883766
1,0,0.0,0.0,16.814731538895618,16.814731538895618,8.699514748210191,19.63202477788946
1,0,0.0,0.0,17.801075413900946,17.801075413900946,9.67733949220162,19.59742306306179
1,0,17.565578051615656,9.444779883032243,-17.565578051615656,0.0,0.0,19.53994630781704
2,1,18.06020884354629,9.948556515903705,-18.06020884354629,0.0,0.0,19.41110925382176
1,0,16.860511881003816,8.764678074116606,-16.860511881003816,0.0,0.0,18.85665254148462
1,0,17.348717708501823,9.248406572782638,-17.348717708501823,0.0,0.0,18.031420785263656
1,0,0.0,0.0,18.414816533028965,18.414816533028965,10.308985993422082,19.178212752589708
1,0,17.341368897683175,9.237858258012922,-17.341368897683175,0.0,0.0,18.86164260783245
3,1,18.024792406833562,9.92250555837189,-17.215189420593106,17.435942714952784,9.333354147871328,18.721596629437716
1,0,17.434191396116315,9.333354147871328,-17.434191396116315,0.0,0.0,18.68645789328185
2,0,18.404313772824793,10.308985993422082,-18.404313772824793,0.0,0.0,17.98556255180827
2,0,18.406400535393402,10.308952660644293,12.21629026739059,18.408448028439796,10.308985993422082,17.344445501213357
1,0,19.976578804588016,11.870690814200973,-19.976578804588016,0.0,0.0,-19.824919187716336
3,1,18.41887830052674,10.300618023854234,-18.41887830052674,0.0,0.0,-19.976183832018002
1,0,17.356904570119713,9.205830216498297,-17.356904570119713,0.0,0.0,-19.978834448273425
1,0,17.341113913647433,9.205830216498297,-17.341113913647433,0.0,0.0,-20.109394688085224
1,0,17.749612734649755,9.610993923087126,-17.749612734649755,0.0,0.0,-20.128551990427013
1,0,0.0,0.0,16.835550589573824,16.835550589573824,8.699681400989514,-20.02094454259887
1,0,17.78291790004318,9.626019802491319,-17.78291790004318,0.0,0.0,-20.793972894110563
1,0,17.35690882912846,9.205830216498297,-17.35690882912846,0.0,0.0,-20.79275005077161
2,0,17.371100904386036,9.205830216498297,-16.307532169607832,16.94764251914888,8.792397742356906,-20.771315804380677
1,0,18.95505980486543,10.809727948556782,-18.95505980486543,0.0,0.0,-20.894558111703653
2,0,18.453369652006213,10.296272607486918,-18.453369652006213,0.0,0.0,-20.9780178926985
2,0,0.0,0.0,18.227807719698834,18.227807719698834,10.08088031609333,-20.869459564021582
7,1,19.871347378016363,11.72215668707104,-19.808508146862962,17.072916626897598,8.922658299524402,-21.179489945032284
3,1,18.74880713641436,10.596409707779776,-18.74880713641436,0.0,0.0,-21.294672462942223
1,0,17.755027030413242,9.60123315090109,-17.755027030413242,0.0,0.0,-21.299669002193838
5,1,18.944405627391827,10.8056590758494,-18.411340458983364,18.060573487792045,9.91610758389223,-21.31601875402295
1,0,17.758163888435686,9.60784051043005,-17.758163888435686,0.0,0.0,-21.332763243266378
1,0,0.0,0.0,16.92866838106188,16.92866838106188,8.79527937019457,-21.301440398801
1,0,16.823827511207735,8.699681400989514,-16.823827511207735,0.0,0.0,-21.366408197416014
2,0,16.897015766955633,8.774158291205957,16.786025685134092,17.536206942439932,9.416947954650293,-21.3378917453626
1,0,17.17402602207674,9.05473863988161,-17.17402602207674,0.0,0.0,-21.337238195985655
1,0,17.308367707200144,9.197660318818809,-17.308367707200144,0.0,0.0,-21.334849430506953
1,0,0.0,0.0,17.28696821650464,17.28696821650464,9.170039075202657,-21.261388265789538
2,0,17.991173306398906,9.881446421659248,-17.991173306398906,0.0,0.0,-21.29879601425333
2,0,17.98569109966557,9.884508585938326,-17.98569109966557,0.0,0.0,-21.037248515059844
2,0,16.993467675302334,8.882669291308039,-10.263746067806213,16.99227213704843,8.882669291308039,-20.961553953020427
1,0,17.289612027878835,9.193906065512758,-17.289612027878835,0.0,0.0,-20.959782450523544
1,0,17.304433580913017,9.194109358865765,-17.304433580913017,0.0,0.0,-20.95881610013423
2,0,17.84475558837841,9.734299374132137,-17.84475558837841,0.0,0.0,-20.962839439909633
2,0,18.979163930737183,10.873451743956059,-18.979163930737183,0.0,0.0,-21.105804276699743
4,0,17.8463343032344,9.70649895869877,15.04933969308128,17.905539638542503,9.765029759388561,-21.066656610203484
1,0,17.39191871910533,9.250137841850249,-17.39191871910533,0.0,0.0,-21.067528582878314
2,0,17.350958577698588,9.187174093944343,-15.450976775919502,17.188943859906512,9.031572493381526,-21.06258791889811
2,0,17.132735975302506,8.96098117384356,-10.608143255278941,17.131268018162626,8.961109485898655,-20.933038070916183
4,0,18.262462963003816,10.084474886316945,-17.406802899528834,17.709073275954836,9.532061486651386,-20.877149448828487
2,0,16.815006191188566,8.635153989049803,15.770353405692124,17.116453513823803,8.938531648680692,-20.9397883067974
2,0,18.163967740983573,9.987139125031739,-18.163967740983573,0.0,0.0,-20.63824845607904
1,0,17.7408304861746,9.55094690773585,-17.7408304861746,0.0,0.0,-20.53733276086046
3,0,16.906307617579646,8.714567550836485,16.866857512749274,17.579924248775782,9.386727689281946,-20.44591899024315
3,0,17.836538557862188,9.641733102094262,-17.20659127160667,17.07592621244746,8.881975184248867,-20.349908692796696
2,0,18.088089265439063,9.884559542650608,-18.088089265439063,0.0,0.0,-20.37876000241724
1,0,0.0,0.0,16.88740132847973,16.88740132847973,8.699681400989514,-20.380042448094603
4,1,18.203325333981617,10.007982693865577,-17.728829103817397,17.229939218910765,9.034795799461252,-20.421202500058087
5,1,19.073326368229573,10.880534662252394,-19.073326368229573,0.0,0.0,-20.67287185805343
1,0,18.09738475801817,9.903437551286085,-18.09738475801817,0.0,0.0,-20.717734778806967
1,0,17.367214358622764,9.19207456316929,-17.367214358622764,0.0,0.0,-20.719736754052366
1,0,17.358491778619303,9.178436822963175,-17.358491778619303,0.0,0.0,-20.784577829057984
1,0,17.333140908797485,9.14644164612595,-17.333140908797485,0.0,0.0,-20.754621169121425
1,0,0.0,0.0,17.386595570106774,17.386595570106774,9.210440366976517,-20.652381682396335
1,0,17.356970017782402,9.175541866433488,-17.356970017782402,0.0,0.0,-20.6887348344495
1,0,0.0,0.0,17.062820747305512,17.062820747305512,8.872206756028303,-20.626830383058618
1,0,0.0,0.0,17.799594005071274,17.799594005071274,9.61587214452889,-20.526742110686772
2,0,17.204915413639966,9.018937706446035,8.434246270595311,17.205070587552846,9.018937706446035,-20.455855283151262
2,0,18.044641851626647,9.86485066892121,-18.044641851626647,0.0,0.0,-20.306559444693338
2,0,17.327949716711636,9.143559338285831,9.454462329675584,17.328330318830325,9.143559338285831,-20.311736426067817
2,0,0.0,0.0,18.223231364476185,18.223231364476185,10.03889218954233,-20.115945731534097
2,0,18.52193785113333,10.33478283734531,-18.52193785113333,0.0,0.0,-20.292995414122228
1,0,17.362630547232765,9.160834952072344,-17.362630547232765,0.0,0.0,-20.34493807064143
1,0,0.0,0.0,16.904765095771893,16.904765095771893,8.699681400989514,-20.256081126812234
1,0,17.37322877983171,9.155356063643422,-17.37322877983171,0.0,0.0,-20.3211603355344
2,0,17.86067331433535,9.64101828255575,-17.86067331433535,0.0,0.0,-20.29043718823069
1,0,17.369016008602795,9.145268375232467,-17.369016008602795,0.0,0.0,-20.265882894729515
2,0,17.316009476689448,9.125653563808989,-16.141037463499664,16.946643494717446,8.756525002926972,-20.314265168102747
1,0,17.2126716380432,9.022563964499264,-17.2126716380432,0.0,0.0,-20.314537780708285
2,0,17.999966110629288,9.81809304951918,-17.999966110629288,0.0,0.0,-20.305393602783703
3,0,18.723258157939295,10.532629403120161,-18.723258157939295,0.0,0.0,-20.51914429459967
1,0,17.32280680263875,9.13075589263334,-17.32280680263875,0.0,0.0,-20.498441372438847
3,1,18.027430815830783,9.820105943597078,-17.63759027801134,16.896817410140628,8.699681400989514,-20.29600596303116
5,1,18.874474855943646,10.674289977661678,-18.874474855943646,0.0,0.0,-20.41856705133343
2,0,17.314367206648495,9.126415137038421,17.48067356226089,18.09412079983711,9.90353755128617,-20.312904144110515
1,0,0.0,0.0,18.40834284412342,18.40834284412342,10.213285750552616,-20.08851329622852
2,0,18.154924363760017,9.96034036412891,-18.154924363760017,0.0,0.0,-20.166439490150097
1,0,17.29243534978229,9.10219821335648,-17.29243534978229,0.0,0.0,-20.278446353712603
1,0,17.29964258469201,9.11063052782717,-17.29964258469201,0.0,0.0,-20.275441351588043
1,0,0.0,0.0,16.906041153072778,16.906041153072778,8.699681400989514,-20.281265083222586
4,1,17.99586179262938,9.805047479722875,16.474170564915063,18.193352950895445,10.001702600033083,-20.340845185428805
1,0,18.03956937638978,9.846705538437144,-18.03956937638978,0.0,0.0,-20.43628059098798
1,0,0.0,0.0,17.144395170515658,17.144395170515658,8.951569643018821,-20.29855375445839
1,0,18.119949135468552,9.928228944424575,-18.119949135468552,0.0,0.0,-20.405809477037813
1,0,17.23645523859464,9.046290859969677,-17.23645523859464,0.0,0.0,-20.549720366206408
1,0,17.830760161867612,9.648853334130548,-17.830760161867612,0.0,0.0,-20.481780020088532
1,0,17.283279018717856,9.104424146384634,-17.283279018717856,0.0,0.0,-20.47840293517023
1,0,17.28130692768584,9.105535257610056,-17.28130692768584,0.0,0.0,-20.54506516204341
1,0,17.288794403241216,9.107088742165708,-17.288794403241216,0.0,0.0,-20.541664677803745
3,0,18.428621423144318,10.246616157728505,-18.428621423144318,0.0,0.0,-20.592713577152786
2,0,18.492578022894953,10.308952660644293,-11.134238597894669,18.491940573280935,10.308985993422082,-20.55217324192147
2,0,18.007958743177568,9.817003309314352,-18.007958743177568,0.0,0.0,-20.61645548300303
1,0,0.0,0.0,17.025918350032526,17.025918350032526,8.815963560853438,-20.553695925242668
3,0,18.52926669130828,10.313243442061449,17.820722130531035,18.92962563023985,10.711324099399532,-20.399592538555943
4,1,18.43769010115042,10.217458523810828,-17.947714570703482,17.48928576508701,9.268892258925797,-20.293201799321977
4,1,18.43439553478202,10.212405048870064,-18.105582718649814,17.162223383135775,8.935903526274423,-20.352319857324105
1,0,17.332177278527336,9.115370134384955,-17.332177278527336,0.0,0.0,-20.33473759346221
3,0,18.489767941657124,10.244378583319053,-18.489767941657124,0.0,0.0,-20.257699788657895
3,0,18.212643970987177,9.97329342678009,-18.212643970987177,0.0,0.0,-20.43299357150587
1,0,17.36024749146503,9.123365357961776,-17.36024749146503,0.0,0.0,-20.59709498155407
1,0,0.0,0.0,17.753702529538806,17.753702529538806,9.505916206547065,-20.44020762727893
4,1,18.756042628646686,10.50262620577447,-18.756042628646686,0.0,0.0,-20.57355919490573
1,0,0.0,0.0,16.9613436646327,16.9613436646327,8.714239143608575,-20.506511032806852
3,0,18.48468288376319,10.210457413895194,-18.48468288376319,0.0,0.0,-20.654693127536152
1,0,17.374007741474166,9.101529466118004,-17.374007741474166,0.0,0.0,-20.706234730495712
5,1,19.27436580552869,10.999713663211269,-17.41180528734475,19.105622209531475,10.83176614205561,-20.67330407777751
1,0,17.364162996573306,9.09873819539488,-17.364162996573306,0.0,0.0,-20.737109008575967
4,1,17.870508859152288,9.597573618489543,17.538490572283713,18.411363573610767,10.142346960290341,-20.616264247685823
1,0,0.0,0.0,17.11658066958342,17.11658066958342,8.85366542803745,-20.549845671357765
1,0,17.34944503354591,9.094929520464856,-17.34944503354591,0.0,0.0,-20.52433384717021
1,0,19.270719846556776,11.00341564182546,-19.270719846556776,0.0,0.0,-20.7445520289024
3,0,19.287943613409098,11.019710525463898,-19.287943613409098,0.0,0.0,-20.928287024913995
1,0,17.355647514964982,9.090542808520587,-17.355647514964982,0.0,0.0,-20.93010134484327
4,1,18.62472546824487,10.365962915361072,-18.62472546824487,0.0,0.0,-20.947703220498596
4,1,19.18942978311895,10.931534305156966,-19.18942978311895,0.0,0.0,-21.106660151773617
2,0,16.833239080477966,8.566173813637858,11.75419965835672,16.83944561769808,8.566173813637858,-21.060412536780454
2,0,17.352207506624456,9.050406334059858,16.47183312475297,17.699073840142223,9.402364704231523,-21.06791168413051
2,0,18.43455316542202,10.14037620564201,-18.43455316542202,0.0,0.0,-21.17292024941815
2,0,17.350128455270994,9.049467146388098,15.356277261458192,17.477791384194198,9.177507214880942,-21.129255480128663
2,0,18.304695384008323,10.005276698438163,-18.304695384008323,0.0,0.0,-21.139910949252453
2,0,18.252839499560253,9.943285022410194,-18.252839499560253,0.0,0.0,-21.172901504787248
6,1,18.692718720667283,10.39973746484973,17.71975123951285,19.01332270281523,10.72190081192847,-21.06754717940469
1,0,0.0,0.0,17.21419003904025,17.21419003904025,8.922791623969637,-20.98550184241984
1,0,0.0,0.0,17.469051937718397,17.469051937718397,9.179984251961283,-20.927505054833667
1,0,17.094702552376518,8.81001204797317,-17.094702552376518,0.0,0.0,-20.989063865446468
1,0,20.1273772114199,11.862680521619788,-20.1273772114199,0.0,0.0,-21.263086752755584
2,0,18.404541270508147,10.141716741268379,-16.57178295244723,18.230221578451246,9.96815106586185,-21.28555214899881
1,0,17.27954576540113,9.021235862885396,-17.27954576540113,0.0,0.0,-21.242069046388675
1,0,0.0,0.0,17.00517678601162,17.00517678601162,8.740496729931813,-21.206077779664067
1,0,17.297154411929903,9.030735122676456,-17.297154411929903,0.0,0.0,-21.203637625584395
1,0,0.0,0.0,17.00697983083787,17.00697983083787,8.758412389457677,-21.166402239247237
1,0,0.0,0.0,17.28344295295786,17.28344295295786,9.028938392241612,-21.17236623231318
1,0,17.275696840066047,9.028938392241612,-17.275696840066047,0.0,0.0,-21.20930675921698
1,0,17.258977398065163,9.048291920021784,-17.258977398065163,0.0,0.0,-21.207482544529586
1,0,17.290968114482446,9.064042114358884,-17.290968114482446,0.0,0.0,-21.074797029750517
1,0,17.415417176321807,9.210440366976517,-17.415417176321807,0.0,0.0,-20.92195130988495
2,0,18.275990788341826,10.070653169440881,-18.275990788341826,0.0,0.0,-20.963742819796565
1,0,17.28888744395702,9.064042114358884,-17.28888744395702,0.0,0.0,-20.89002171384237
2,0,0.0,0.0,17.908937082251807,17.908937082251807,9.680656452403964,-20.6243448209123
1,0,17.772643401557918,9.543234787249512,-17.772643401557918,0.0,0.0,-20.680617877407908
1,0,0.0,0.0,16.99287744408672,16.99287744408672,8.778171881033469,-20.67040180011491
1,0,0.0,0.0,17.20013879299254,17.20013879299254,8.987321812850125,-20.52188993933211
4,1,18.387973475388346,10.17404889817949,-17.248583053908508,18.002290368301775,9.7925001243465,-20.564557122879158
2,0,17.986835960509215,9.776392544732296,-17.986835960509215,0.0,0.0,-20.535727477871177
1,0,0.0,0.0,17.389268652891136,17.389268652891136,9.210440366976517,-20.37908141210518
3,0,17.970654565935902,9.776392544732296,-17.51797674300904,16.96026476750876,8.765614549914716,-20.49881864376027
1,0,0.0,0.0,17.029402262715582,17.029402262715582,8.825118970345061,-20.505118057208875
1,0,17.304015883746793,9.100971834920818,-17.304015883746793,0.0,0.0,-20.590139797583724
1,0,0.0,0.0,16.855176029222793,16.855176029222793,8.649098262296176,-20.534405588223397
1,0,0.0,0.0,16.890960347861295,16.890960347861295,8.675051276031818,-19.35744026550099
5,1,18.112077284225773,9.896261507444388,-17.31814684581575,17.510479632644138,9.294865327045871,-19.423632504784777
1,0,19.131822589998674,10.915161188842836,-19.131822589998674,0.0,0.0,-19.91205023626181
1,0,17.76978857225699,9.546884034617925,-17.76978857225699,0.0,0.0,-20.070792098433348
5,1,18.020001112165325,9.79406323525484,18.490498275313872,18.97581629344821,10.748969479399353,-19.758340365698764
1,0,0.0,0.0,17.95688193692135,17.95688193692135,9.713174145812621,-19.651626664883025
1,0,0.0,0.0,19.07804202442886,19.07804202442886,10.822953238903926,-19.017029119254712
1,0,17.9868485836364,9.717218213494077,-17.9868485836364,0.0,0.0,-19.183945794284654
1,0,17.798760808805753,9.520175249069098,-17.798760808805753,0.0,0.0,-19.28324539724935
2,0,18.24549723854522,9.982113872991318,-14.032804232062864,18.230580100367945,9.964911854523127,-19.14267295266025
2,0,18.659429293459336,10.386314855875257,18.50231973381238,19.27710394859164,11.002116507732017,-17.922307236454778
1,0,0.0,0.0,17.904821857880155,17.904821857880155,9.625491749673769,18.263746403333897
1,0,0.0,0.0,17.859755236208272,17.859755236208272,9.595670797663967,18.979093116645473
1,0,0.0,0.0,18.441636069381808,18.441636069381808,10.168540506927547,19.195233836446715
1,0,0.0,0.0,18.098467997831225,18.098467997831225,9.828817884199099,19.649513272758362
1,0,19.11566770607585,10.8331879713202,-19.11566770607585,0.0,0.0,18.580858561184098
1,0,0.0,0.0,17.88834129863206,17.88834129863206,9.62832676063802,18.8031357519186
1,0,18.139173832553734,9.926617969924983,-18.139173832553734,0.0,0.0,18.441414104648473
3,0,0.0,0.0,19.31132897103136,19.31132897103136,11.156264806643742,19.833050000893213
1,0,0.0,0.0,17.734903577992053,17.734903577992053,9.62092568277892,19.868274019502323
1,0,0.0,0.0,18.005989490555358,18.005989490555358,9.90353755128617,20.091943998931512
1,0,0.0,0.0,19.724143934288236,19.724143934288236,11.608244735642321,20.589980329518216
1,0,18.206346129775017,10.1104610706877,-18.206346129775017,0.0,0.0,20.53361064829039
1,0,0.0,0.0,18.590013729946232,18.590013729946232,10.45843531933701,20.645085381787116
2,0,0.0,0.0,19.181748912403908,19.181748912403908,11.026337065568283,20.834086068891875
1,0,0.0,0.0,18.017117541075294,18.017117541075294,9.863498544319764,20.9198111719803
1,0,0.0,0.0,18.06218265337704,18.06218265337704,9.90353755128617,21.12250795837534
2,0,0.0,0.0,18.827688867666087,18.827688867666087,10.675584536074474,21.249817647072273
1,0,0.0,0.0,17.74164707754549,17.74164707754549,9.61587214452889,21.215864505412846
1,0,18.438422867515072,10.308985993422082,-18.438422867515072,0.0,0.0,21.10980941327971
1,0,0.0,0.0,18.257620032423088,18.257620032423088,10.12667110305036,21.03359144381717
2,1,0.0,0.0,18.708187005950393,18.708187005950393,10.596634733096073,21.169220801222995
1,0,18.72753228741683,10.596659732783579,-18.72753228741683,0.0,0.0,21.115144710728078
1,0,19.37029674494997,11.258046118484,-19.37029674494997,0.0,0.0,20.924187891906026
1,0,18.424759116075233,10.308985993422082,-18.424759116075233,0.0,0.0,20.736788401550523
2,1,19.273372357578523,11.155950476022493,-19.273372357578523,0.0,0.0,20.393817395026026
2,1,0.0,0.0,18.827942796588218,18.827942796588218,10.714439990727769,20.515653659490894
1,0,0.0,0.0,18.23776721597804,18.23776721597804,10.12667110305036,20.492201579496616
1,0,0.0,0.0,17.744737287050505,17.744737287050505,9.61587214452889,20.464626820817127
1,0,18.047326542772073,9.90353755128617,-18.047326542772073,0.0,0.0,20.621928162136314
1,0,17.86041650832017,9.678091466168624,-17.86041650832017,0.0,0.0,20.48475363942195
1,0,0.0,0.0,18.057968540956146,18.057968540956146,9.852194258148577,20.65374673273759
1,0,18.79973138826816,10.596659732783579,-18.79973138826816,0.0,0.0,20.112770408004447
1,0,17.737442210208503,9.529448434427817,-17.737442210208503,0.0,0.0,19.90730446089403
1,0,17.74255302446798,9.529666449762425,-17.74255302446798,0.0,0.0,19.600574760084182
2,1,19.663086836109006,11.51293546492023,-19.663086836109006,0.0,0.0,-19.779587171239864
1,0,0.0,0.0,18.57865473986876,18.57865473986876,10.463131911491967,-19.069730185176947
1,0,19.441829266339234,11.332841403116465,-19.441829266339234,0.0,0.0,-20.191321612070407
1,0,17.9931755425869,9.884151816229386,-17.9931755425869,0.0,0.0,-20.580239507452568
3,1,19.47145635024277,11.376865163062764,-18.328346856592255,19.087518722695414,10.9932945212425,-20.74767049881466
1,0,0.0,0.0,18.072476351951096,18.072476351951096,10.039896052315676,-20.74696471887681
1,0,18.011885592398986,9.880832861971323,-18.011885592398986,0.0,0.0,-20.938908199760373
2,1,18.42685718043766,10.273429104575246,-18.42685718043766,0.0,0.0,-21.05399937152757
1,0,0.0,0.0,18.117966329878296,18.117966329878296,9.96716632919931,-20.919093916119447
3,1,0.0,0.0,19.282500675351333,19.282500675351333,11.225256725762893,-20.78579471322479
1,0,18.30882029386033,10.203629181337648,-18.30882029386033,0.0,0.0,-20.975775545151123
1,0,18.410294210176534,10.308985993422082,-18.410294210176534,0.0,0.0,-20.946653196137063
1,0,18.37715965180979,10.275085591132715,-18.37715965180979,0.0,0.0,-20.80721567629198
1,0,0.0,0.0,17.749783546410175,17.749783546410175,9.674137279312397,-20.657169519607482
1,0,17.87391903473249,9.80410910855585,-17.87391903473249,0.0,0.0,-20.447943789042444
1,0,0.0,0.0,18.1737040512216,18.1737040512216,10.110542371500753,-20.538719532836357
1,0,17.925446031166796,9.807692255081262,-17.925446031166796,0.0,0.0,-20.698674163211543
1,0,17.73012093326228,9.59791302724276,-17.73012093326228,0.0,0.0,-20.797171660097973
1,0,0.0,0.0,17.83918748993067,17.83918748993067,9.799182035726814,-20.674030397406614
1,0,18.959327881164725,10.96496894286603,-18.959327881164725,0.0,0.0,-20.787385380637687
1,0,19.242588943224455,11.261073749519275,-19.242588943224455,0.0,0.0,-21.033160988044408
1,0,18.852887349617703,10.905882583462414,-18.852887349617703,0.0,0.0,-21.03899426142448
2,0,18.45810031679508,10.516237796024043,-14.486466831557202,18.439077913467063,10.49684202174171,-21.0029530482448
1,0,18.916004672898037,10.97990535569447,-18.916004672898037,0.0,0.0,-21.085170725153564
1,0,0.0,0.0,17.795910309112866,17.795910309112866,9.854192260811251,-20.758758570387347
1,0,0.0,0.0,19.18727301879675,19.18727301879675,11.261073749519275,-20.659262430209587
3,1,0.0,0.0,20.574894387649284,20.574894387649284,12.658526295861142,19.122525926975065
1,0,0.0,0.0,18.0012458866912,18.0012458866912,10.106469212026385,19.622758990736997
1,0,18.034510134064664,10.12515000756854,-18.034510134064664,0.0,0.0,19.69020817737828
1,0,0.0,0.0,19.77288088656165,19.77288088656165,11.852920062217734,20.325640528641223
1,0,19.575498029324937,11.695788541782415,-19.575498029324937,0.0,0.0,19.858177645216767
1,0,0.0,0.0,17.774878302485774,17.774878302485774,9.90358754753646,20.168241245320978
1,0,0.0,0.0,18.69603547346986,18.69603547346986,10.819798284210286,20.264205178397127
1,0,18.375403966604956,10.491301994830229,-18.375403966604956,0.0,0.0,19.517815558359384
3,1,0.0,0.0,18.951969911854995,18.951969911854995,11.066763354529959,20.141814543332014
1,0,0.0,0.0,17.80607433757447,17.80607433757447,9.90353755128617,20.38378293361292
1,0,0.0,0.0,18.16949142355943,18.16949142355943,10.283669040109793,20.601851834175093
1,0,0.0,0.0,18.390506701989672,18.390506701989672,10.50783084142058,20.652381798329667
1,0,0.0,0.0,18.07396504171819,18.07396504171819,10.175116459665661,20.78167875073881
1,0,18.724585831290327,10.819798284210286,-18.724585831290327,0.0,0.0,20.55664760619422
1,0,0.0,0.0,19.99060252136044,19.99060252136044,12.111778449439564,21.051196505877208
1,0,17.872767221632845,9.988425949052319,-17.872767221632845,0.0,0.0,21.045644061520306
1,0,0.0,0.0,20.848423765769176,20.848423765769176,12.902581668759144,21.62254383465483
1,0,18.491235605564,10.596659732783579,-18.491235605564,0.0,0.0,21.648272974344465
1,0,18.597069083975352,10.715306262813572,-18.597069083975352,0.0,0.0,21.69028002183936
1,0,17.840733722583153,9.952325334619427,-17.840733722583153,0.0,0.0,21.726890414078383
1,0,18.203747829147048,10.309185966759637,-18.203747829147048,0.0,0.0,21.697678310644417
1,0,17.801065732660618,9.90353755128617,-17.801065732660618,0.0,0.0,21.73845950620798
1,0,0.0,0.0,17.734436284700656,17.734436284700656,9.819181603482871,21.737302235327057
1,0,18.43100564820851,10.515777110135918,-18.43100564820851,0.0,0.0,21.61543846142048
1,0,18.377930464401608,10.459181373890983,-18.377930464401608,0.0,0.0,21.11699578259669
1,1,0.0,0.0,18.398584234318637,18.398584234318637,10.455733391852487,21.13839931999029
1,1,18.39636071494411,10.455733391852487,-18.39636071494411,0.0,0.0,21.118640891914037
1,1,0.0,0.0,17.839957357265778,17.839957357265778,9.903487552536127,20.86675837199932
1,1,0.0,0.0,18.01788260631477,18.01788260631477,10.075758773476581,21.154065463449246
1,1,0.0,0.0,18.434456668673093,18.434456668673093,10.611547975828369,21.18539491942021
1,1,0.0,0.0,18.424830830418184,18.424830830418184,10.596634733096073,21.165491131027977
2,1,0.0,0.0,18.923948293296636,18.923948293296636,11.097546375348252,21.320535904125556
1,0,18.300229568223884,10.515804215181525,-18.300229568223884,0.0,0.0,21.166917080909585
1,1,0.0,0.0,17.90366961265049,17.90366961265049,10.12667110305036,21.17046870317532
1,1,18.603460137589703,10.819798284210286,-18.603460137589703,0.0,0.0,21.035217805339396
1,1,0.0,0.0,18.176990255161865,18.176990255161865,10.378012196575787,21.02146819759679
1,1,18.173121925958853,10.378012196575787,-18.173121925958853,0.0,0.0,20.904472914605808
1,1,0.0,0.0,18.080981353667795,18.080981353667795,10.308985993422082,21.063570607873917
1,1,18.06742638599048,10.308985993422082,-18.06742638599048,0.0,0.0,20.566037326119655
1,1,18.13681529890346,10.373522431293592,-18.13681529890346,0.0,0.0,20.54537938730869
2,1,17.944083327393216,10.239209507766637,-10.029238757841688,17.94371799611416,10.239995502805316,-19.50692567110066
3,1,18.01357475032761,10.31068449348905,18.01133054363755,18.705600449579602,11.004496965803959,-18.624389741822903
1,0,0.0,0.0,19.286621752977403,19.286621752977403,11.576557325215003,19.27262575103587
1,0,18.345691936284613,10.819798284210286,-18.345691936284613,0.0,0.0,19.101945643995624
1,0,18.231858567842274,10.680631153000125,-18.231858567842274,0.0,0.0,19.0902656618357
5,1,0.0,0.0,19.527052757927592,19.527052757927592,11.918397239722838,20.12814289706602
2,0,18.38333711996439,10.765976583441928,10.666487234994907,18.38378227150968,10.765976583441928,20.032498472376698
1,0,0.0,0.0,18.449961429853243,18.449961429853243,10.843690104456597,20.373992745867184
2,0,18.570018431319728,11.015575304605662,11.102925088060303,18.57058984671077,11.015887683869506,20.5014738044191
1,0,17.869303957043545,10.330420567259534,-17.869303957043545,0.0,0.0,20.28577084983479
1,0,0.0,0.0,18.152525914476755,18.152525914476755,10.654077828632564,20.524483171256048
1,0,18.155300017534564,10.65405422396356,-18.155300017534564,0.0,0.0,20.34797190325041
1,0,0.0,0.0,20.068280276206035,20.068280276206035,12.779875885354993,20.85402402077962
2,0,18.054711527478563,10.654408235508033,-12.091334968059751,18.05213701524685,10.65492722584759,20.760683684567685
3,1,17.97741877972521,10.572239576261351,17.977553705557405,18.6706334176885,11.26537394804985,20.725177410724516
1,0,17.74409458943058,10.26049744037489,-17.74409458943058,0.0,0.0,20.482043242660804
1,0,17.735251503324054,10.242884080674587,-17.735251503324054,0.0,0.0,20.529597794356395
2,0,19.165704468526723,11.695238688396127,-19.165704468526723,0.0,0.0,20.132047276822867
1,0,17.94471129051309,10.468943396953234,-17.94471129051309,0.0,0.0,20.231554567723528
1,0,0.0,0.0,17.64394654205334,17.64394654205334,10.150699131184039,20.17715228195906
1,0,17.734131687815232,10.22379411156297,-17.734131687815232,0.0,0.0,20.2239337256534
1,0,17.765927434806265,10.140928408551162,-17.765927434806265,0.0,0.0,19.99714172125906
1,0,17.762891209115107,10.136937806838977,-17.762891209115107,0.0,0.0,20.03455038375995
1,0,17.75333609637856,9.977481232444454,-17.75333609637856,0.0,0.0,20.08119318084562
1,0,17.831521185062428,10.079329830732325,-17.831521185062428,0.0,0.0,19.969824988298804
1,0,17.83173617894258,10.077146698751429,-17.83173617894258,0.0,0.0,19.67013704573196
2,0,18.466183825867216,10.619643001144993,-16.8927808821475,18.23382493093807,10.388903056364905,18.308869310236812
1,0,0.0,0.0,17.735441116125063,17.735441116125063,9.903487552536127,19.26480335141251
1,0,17.872670270589147,10.031308923974013,-17.872670270589147,0.0,0.0,19.366829677903656
1,0,17.769583616340153,9.920737905942655,-17.769583616340153,0.0,0.0,-18.389264377506205
1,0,17.87648273882021,10.014357861367552,-17.87648273882021,0.0,0.0,-18.85881174462384
1,0,0.0,0.0,18.46407843292189,18.46407843292189,10.580733983564397,-18.84932079975879
1,0,18.506037690626584,10.626872916156684,-18.506037690626584,0.0,0.0,-19.385737921619437
2,1,18.68277938083628,10.823272173664538,-18.68277938083628,0.0,0.0,-19.62917424949308
2,1,18.45686160103676,10.596634733096073,-10.887922796141838,18.456345237399272,10.596659732783579,-19.835018451337813
2,1,19.616960565017877,11.770609563758812,-19.302122718451745,18.30797082077259,10.463131911491967,-20.17183101025454
1,0,0.0,0.0,19.7786339673263,19.7786339673263,11.918397239722838,-20.376186793306697
2,1,17.97168879903399,10.106305940055739,-15.817085823906744,17.848448046500966,9.981003994963956,-20.386354089554487
3,1,19.38196678386714,11.568700700437642,-18.024899163781903,19.084349514239246,11.270841164835856,-20.55542663870768
2,1,0.0,0.0,19.683163131211355,19.683163131211355,11.808091959131636,-19.90509146659041
1,0,0.0,0.0,18.080077329755824,18.080077329755824,10.211009016314167,-19.582940438082385
1,0,17.73519029566112,9.84739327818122,-17.73519029566112,0.0,0.0,-18.887241798080378
1,0,17.73342950810071,9.850666776352545,-17.73342950810071,0.0,0.0,-18.81013541292117
1,0,17.73825804995526,9.847181716325034,-17.73825804995526,0.0,0.0,-19.31328194967669
1,0,17.73230665404982,9.836599606994497,-17.73230665404982,0.0,0.0,-19.31290599105039
2,1,18.20294514327733,10.312512981839049,15.869866700548219,18.29552129432487,10.4080737515121,-19.0320570394
1,0,19.359706333264278,11.51293546492023,-19.359706333264278,0.0,0.0,-19.777149511245
1,0,0.0,0.0,17.854211217718404,17.854211217718404,9.99884318585288,-19.450965843089545
1,0,17.736246812543772,9.882519246099932,-17.736246812543772,0.0,0.0,-19.43280763727824
1,0,0.0,0.0,17.8021064960067,17.8021064960067,9.962133747968862,-18.926185581407434
1,0,17.83591720280329,9.958165113826825,-17.83591720280329,0.0,0.0,-19.1128619330928
2,1,18.62787579941484,10.749420195723987,15.30716668474121,18.66336571197965,10.786159451386606,-19.319863525824147
1,0,17.82319989794793,9.900031587562738,-17.82319989794793,0.0,0.0,-19.308444836841165
1,0,0.0,0.0,17.968795815189623,17.968795815189623,10.094934017107084,-18.661106328926145
1,0,17.965561675960647,10.094438436028137,-17.965561675960647,0.0,0.0,-18.702738821349513
2,1,0.0,0.0,19.324021440916436,19.324021440916436,11.451060699493427,16.09405702447241
2,1,17.86855776964679,10.04654839537678,-14.220965666022439,17.842158586661597,10.021315031649332,18.579162630547145
1,0,17.732716210247283,9.818583045445685,-17.732716210247283,0.0,0.0,19.098098554030592
1,0,17.742128300196626,9.818583045445685,-17.742128300196626,0.0,0.0,18.800466789087924
2,1,18.349022398243154,10.412321193621326,-10.00487016682473,18.348784597753333,10.413072406865986,19.775517742379847
3,1,18.867496813852927,10.915106645867503,-18.867496813852927,0.0,0.0,-18.875205478334486
1,0,17.767045926319465,9.823198981307291,-17.767045926319465,0.0,0.0,-19.124554731057913
1,0,17.747747733444243,9.801011760946892,-17.747747733444243,0.0,0.0,-19.040517877777567
1,0,0.0,0.0,17.95131252878834,17.95131252878834,10.030164255362632,-19.9824843166945
1,0,19.281803019530585,11.367101686736445,-19.281803019530585,0.0,0.0,-20.480501948245205
4,1,0.0,0.0,19.131918700171294,19.131918700171294,11.289794413577894,-20.08918220341828
1,0,0.0,0.0,18.217428676280612,18.217428676280612,10.374834029757805,-19.803264250861556
1,0,0.0,0.0,18.307399060740746,18.307399060740746,10.434145214930487,-19.371138633559124
1,0,18.311201390850837,10.437316558067081,-18.311201390850837,0.0,0.0,-19.512873243131796
1,0,0.0,0.0,18.424327068025313,18.424327068025313,10.596659732783579,-19.14103808249739
1,0,17.769888935288467,9.939819481783518,-17.769888935288467,0.0,0.0,-14.473646433368835
1,0,17.924213493606064,10.078910367638926,-17.924213493606064,0.0,0.0,-18.59925744752824
1,0,19.56165425152685,11.770609563758812,-19.56165425152685,0.0,0.0,-19.76118053338212
2,0,18.181791908681166,10.463988662743825,-11.398669950289543,18.18065854633998,10.463131911491967,-19.89328046976885
1,0,0.0,0.0,18.023224042779084,18.023224042779084,10.239995502805316,-19.56212645566138
2,0,17.808411054844694,10.024642674092595,-12.01604950754918,17.80535564113752,10.021315031649332,-19.576740974913385
1,0,17.9596703936723,10.16103253056767,-17.9596703936723,0.0,0.0,-19.601745336422567
1,0,18.266146172114663,10.477316144080852,-18.266146172114663,0.0,0.0,-19.979053100275113
1,0,0.0,0.0,17.790015001434604,17.790015001434604,9.99884318585288,-19.69729196030014
1,0,0.0,0.0,18.490650150473734,18.490650150473734,10.691967639914864,-20.026076576176
2,0,0.0,0.0,18.424914698105177,18.424914698105177,10.596659732783579,-19.79707314962398
1,0,0.0,0.0,17.78340737915612,17.78340737915612,9.993739506513155,-19.495429715069896
1,0,0.0,0.0,18.506947619703045,18.506947619703045,10.717878440381437,-18.707219220247257
1,0,18.56268338278683,10.706363195370585,-18.56268338278683,0.0,0.0,-19.330618441975012
1,0,0.0,0.0,17.754193955706892,17.754193955706892,9.90358754753646,-17.522552987055384
2,1,17.747520526638862,9.90353755128617,17.308667329982686,18.245124371606195,10.40043735076647,17.603593059377392
1,0,18.31679650472872,10.467692792805359,-18.31679650472872,0.0,0.0,15.436807868910822
1,0,17.735840386009667,9.892325487829936,-17.735840386009667,0.0,0.0,-18.496688988729577
1,0,18.409737241667685,10.546156895606837,-18.409737241667685,0.0,0.0,17.209101382987388
2,1,0.0,0.0,18.432646744947164,18.432646744947164,10.545367754151743,-18.10150285819714
1,0,17.732061118528932,9.7990710356157,-17.732061118528932,0.0,0.0,-19.1361213980541
2,1,18.30744062112359,10.379380058262003,-16.8075784257769,18.05491859327594,10.126631103850338,-19.56402902464936
1,0,0.0,0.0,18.160262440873264,18.160262440873264,10.228212487576084,-18.806096493528702
1,0,17.73101104992122,9.79734895647446,-17.73101104992122,0.0,0.0,-19.51113322172929
2,1,0.0,0.0,19.170360576215078,19.170360576215078,11.156236235215168,-17.334980573928352
1,0,18.04779483810114,10.04607159599192,-18.04779483810114,0.0,0.0,-17.54776535203578
2,1,18.461627553082952,10.456682772668628,-18.461627553082952,0.0,0.0,18.933675128256162
2,1,18.755533112151998,10.762127984908533,-18.755533112151998,0.0,0.0,17.124019387019178
2,1,18.796116435364038,10.77515741663288,-15.714133662599435,18.74916295948566,10.733065044791472,-17.65571697324744
1,0,0.0,0.0,17.75265205601472,17.75265205601472,9.733884768149949,15.405182402433894
1,0,17.803703680719646,9.780245895678089,-17.803703680719646,0.0,0.0,16.455242517108708
1,0,17.7343086605024,9.721005982940808,-17.7343086605024,0.0,0.0,17.714467168651
2,1,0.0,0.0,18.70985319024511,18.70985319024511,10.700341381869716,18.68042151622554
1,0,18.105579196731963,10.101149179835646,-18.105579196731963,0.0,0.0,-17.738663811730476
1,0,0.0,0.0,18.714364694048577,18.714364694048577,10.714439990727769,-16.639738002424544
1,0,18.710298077577654,10.711145754882038,-18.710298077577654,0.0,0.0,-19.130256001668332
1,0,17.910488386297725,9.9066326016802,-17.910488386297725,0.0,0.0,-19.73537297260125
1,0,0.0,0.0,18.29283046320861,18.29283046320861,10.271320019170737,-18.946024468231265
1,0,0.0,0.0,18.264358376049994,18.264358376049994,10.233007103729488,-18.72024152189573
1,0,0.0,0.0,18.65752194860362,18.65752194860362,10.596634733096073,-17.531329537492656
1,0,18.256723804543174,10.195335933857326,-18.256723804543174,0.0,0.0,-17.394494813603366
1,0,0.0,0.0,17.92338422111399,17.92338422111399,9.858856228390534,18.13828085616723
1,0,18.665808087190808,10.596659732783579,-18.665808087190808,0.0,0.0,17.655616979162545
1,0,17.74406248501569,9.62304587173984,-17.74406248501569,0.0,0.0,-18.474284788499176
1,0,17.76565224645662,9.65374331942474,-17.76565224645662,0.0,0.0,-18.49041677522766
1,0,0.0,0.0,18.141301745380538,18.141301745380538,9.99884318585288,-16.272561481120494
1,0,18.755736449195137,10.610537638265065,-18.755736449195137,0.0,0.0,-19.24724403549216
2,1,17.742645027900107,9.607168286688683,15.944625801950172,17.895903835347106,9.757652204312583,-18.951094148407243
4,1,19.11442842917329,10.982390209583826,-19.11442842917329,0.0,0.0,-20.181492652793867
2,1,17.746989561992365,9.614538010517382,-10.163194443157385,17.746480824967623,9.614538010517382,-20.055527886291646
2,1,0.0,0.0,18.454521984809386,18.454521984809386,10.308985993422082,-19.536627564385483
1,0,0.0,0.0,17.98913054896134,17.98913054896134,9.836920308264014,-18.42588863929317
1,0,0.0,0.0,18.392940311474003,18.392940311474003,10.239995502805316,15.044749566443045
1,0,0.0,0.0,17.73423495879958,17.73423495879958,9.559658319461347,14.724974439836132
2,1,19.197448809022678,11.003582075485388,-19.197448809022678,0.0,0.0,-18.896933748858483
2,1,18.56971415572589,10.383193957243249,-18.56971415572589,0.0,0.0,-19.239289418543443
1,0,17.731058005244215,9.531843992903474,-17.731058005244215,0.0,0.0,-19.83274770012523
1,0,18.547994053053237,10.356948858912547,-18.547994053053237,0.0,0.0,-19.92708617541843
1,0,0.0,0.0,18.06123096801145,18.06123096801145,9.88078171500049,-20.060412712534443
1,0,18.397603746552637,10.216398679033684,-18.397603746552637,0.0,0.0,-19.988266758781386
1,0,0.0,0.0,17.908006061730962,17.908006061730962,9.728538750071586,-19.700443726444053
1,0,17.837207040844735,9.652844327519334,-17.837207040844735,0.0,0.0,-20.036841860911874
2,1,0.0,0.0,18.493375121737902,18.493375121737902,10.319925570795222,-19.99212825121385
1,0,0.0,0.0,19.25765135136018,19.25765135136018,11.018497987013873,-19.74815098559698
1,0,19.30937590442555,11.069820793033108,-19.30937590442555,0.0,0.0,-20.098649083629226
1,0,18.584012530991917,10.337540117496205,-18.584012530991917,0.0,0.0,-20.386430764708315
2,1,18.431769861785,10.195373277248482,-17.057329133599957,18.140105160485778,9.90353755128617,-20.231962392658055
1,0,0.0,0.0,17.785737450534654,17.785737450534654,9.549238235812235,-20.045989100026723
1,0,17.866252736185352,9.647239545573877,-17.866252736185352,0.0,0.0,-20.05675254445731
1,0,0.0,0.0,17.863768615334006,17.863768615334006,9.647239545573877,-20.091822473544422
1,0,0.0,0.0,17.729251027705892,17.729251027705892,9.509110741413384,-19.650133736503207
1,0,0.0,0.0,18.6191193291999,18.6191193291999,10.393293809078044,-19.246580896120793
2,1,0.0,0.0,18.649429071124917,18.649429071124917,10.423560289658782,18.39463577934608
1,0,17.82293926590703,9.597030324758013,-17.82293926590703,0.0,0.0,17.563832877071505
1,0,0.0,0.0,18.768522374801233,18.768522374801233,10.554457654196888,18.20511547974539
1,0,18.886831955908473,10.672368169181512,-18.886831955908473,0.0,0.0,-18.783421904139722
1,0,0.0,0.0,17.82427526353695,17.82427526353695,9.615805480084347,-19.040782221028316
1,0,18.464370733839356,10.255868289551836,-18.464370733839356,0.0,0.0,-19.646553113697465
1,0,18.30483673466869,10.116338314364906,-18.30483673466869,0.0,0.0,-19.173660675234515
1,0,0.0,0.0,18.30722712284121,18.30722712284121,10.12667110305036,-15.759427149775606
2,1,0.0,0.0,18.57465386230223,18.57465386230223,10.38495645364112,18.889661519011067
1,0,0.0,0.0,17.9834559542435,17.9834559542435,9.798127036878302,19.638545595400178
1,0,18.407907664389985,10.206956848388238,-18.407907664389985,0.0,0.0,18.948124435565823
3,1,0.0,0.0,18.97964636629022,18.97964636629022,10.757072748994158,19.90696628008553
1,0,0.0,0.0,17.933559521079133,17.933559521079133,9.709477955946982,19.91046663977275
1,0,18.774798731662983,10.564085714610725,-18.774798731662983,0.0,0.0,19.69301638053221
1,0,0.0,0.0,17.751710511343315,17.751710511343315,9.546812608597396,19.521295396551082
1,0,0.0,0.0,18.165643322496333,18.165643322496333,9.946882234855318,18.80699035133278
2,1,0.0,0.0,18.90630266399316,18.90630266399316,10.685469446796564,20.130629811277853
1,0,17.921774995361666,9.699717614936302,-17.921774995361666,0.0,0.0,20.22879121071175
2,1,18.448893232553285,10.223431082444048,-18.448893232553285,0.0,0.0,20.093300044535518
1,0,0.0,0.0,18.808754203617664,18.808754203617664,10.561111177027026,20.256500595258856
2,1,19.063525397047815,10.790823099954862,-12.866404752948341,19.061488045804296,10.789339695269716,20.343585804960775
1,0,18.30775414419813,10.043292972227004,-18.30775414419813,0.0,0.0,20.102366900460286
1,0,18.1127258120626,9.868119408698337,-18.1127258120626,0.0,0.0,19.841087330554654
2,1,18.187556866960147,9.952325334619427,-16.257229309047712,18.030785331619004,9.79059877045751,19.45186251145698
1,0,0.0,0.0,18.19422094997881,18.19422094997881,9.952325334619427,19.2728398095123
1,0,0.0,0.0,18.63613666904541,18.63613666904541,10.39056336913101,19.84021247047506
1,0,18.517578072660164,10.28677521569959,-18.517578072660164,0.0,0.0,18.901518212157864
1,0,19.27936619321442,11.038367480374779,-19.27936619321442,0.0,0.0,18.259596232244142
2,1,0.0,0.0,18.638586353167927,18.638586353167927,10.399889655636395,18.854993670221198
1,0,0.0,0.0,18.104861384826872,18.104861384826872,9.852246888342531,19.619968041415206
1,0,18.139376794626745,9.952325334619427,-18.139376794626745,0.0,0.0,19.660088287321333
1,0,0.0,0.0,17.772343321005817,17.772343321005817,9.611395771595648,19.546822466406475
1,0,0.0,0.0,18.27681859520787,18.27681859520787,10.14800112958653,19.444311982008756
2,1,17.801569608673752,9.669219856718984,-11.567782900254944,17.799605691764647,9.669219856718984,19.17980318960132
1,0,18.75603469838621,10.595383951194421,-18.75603469838621,0.0,0.0,18.966066309407758
1,0,0.0,0.0,17.7811728088836,17.7811728088836,9.61587214452889,17.735427980321933
2,1,18.13464858963677,9.957170489452313,16.858561341907716,18.380826645452927,10.203629181337648,16.110682843866805
1,0,17.831912515474297,9.656947423415522,-17.831912515474297,0.0,0.0,18.3893698852559
1,0,0.0,0.0,18.044426309534867,18.044426309534867,9.867601273971719,18.554657392435786
2,1,17.73553887520896,9.547241088215463,16.631196304879587,18.02179143778968,9.835208711782833,17.796172833703178
1,0,0.0,0.0,17.970602730517843,17.970602730517843,9.76846934085804,-17.62678937607594
1,0,0.0,0.0,18.43371700150142,18.43371700150142,10.218298292376161,18.576174096277065
1,0,0.0,0.0,17.833068725798615,17.833068725798615,9.61587214452889,19.433190685973905
1,0,0.0,0.0,17.809362035638856,17.809362035638856,9.58713161949974,19.020065292637746
2,1,17.770107341044252,9.577341813632218,-13.089794730120225,17.76078795570565,9.561067663645012,19.01953307458611
1,0,0.0,0.0,18.857056439258088,18.857056439258088,10.654785709738103,19.87002852320882
1,0,0.0,0.0,18.221193817559058,18.221193817559058,10.029899914890565,20.18102423886191
3,1,18.704174417293743,10.516481602659502,18.58329468343655,19.338707104750856,11.14988746250196,20.381612417146822
1,0,0.0,0.0,17.833069661634724,17.833069661634724,9.64943366106433,20.347006960681725
1,0,0.0,0.0,17.796205922187333,17.796205922187333,9.611730522042317,20.238653848916186
1,0,17.978633219722592,9.777640842670152,-17.978633219722592,0.0,0.0,20.310532816935375
1,0,0.0,0.0,17.771332626044476,17.771332626044476,9.511037381505458,20.672060116618876
1,0,0.0,0.0,18.461989333665976,18.461989333665976,10.193691442531419,20.6506452460925
1,0,0.0,0.0,17.7558924810117,17.7558924810117,9.474932921202932,20.627275421134023
2,1,17.73543613565204,9.450852217451484,17.938508933761153,18.535265693400458,10.254144424149297,20.76794920452082
1,0,17.727916829936415,9.383368881858544,-17.727916829936415,0.0,0.0,20.66498619158479
1,0,0.0,0.0,19.20868814855627,19.20868814855627,10.874455845700979,20.797154029307467
1,0,0.0,0.0,17.789513558040685,17.789513558040685,9.438750032962892,20.84547382980119
1,0,0.0,0.0,18.22294448880576,18.22294448880576,9.873698223725375,21.024770380859106
3,1,19.014911418222653,10.65443183182229,-17.583085266189958,18.741957287185315,10.37670476269511,20.951087295372215
2,0,17.735287206064076,9.37534620656045,16.42326871033503,17.973733829946287,9.61587214452889,20.945177078879215
1,0,18.510267631465595,10.17152798473262,-18.510267631465595,0.0,0.0,20.90106834570662
3,1,18.70233512884121,10.364071959865372,-16.991457420213028,18.503021492183805,10.165890277802454,20.820389940595696
1,0,0.0,0.0,17.755626067843625,17.755626067843625,9.394410399304254,20.85141015618704
2,0,18.435920122506715,10.061815210915432,-18.435920122506715,0.0,0.0,20.694273175207087
2,0,17.984644715934326,9.62019582838564,-16.363074585648846,17.76451137851399,9.394410399304254,20.569339871369014
2,0,18.805676891613718,10.46310334047155,-18.243131899625194,17.962271353009157,9.61587214452889,20.392033362364273
1,0,0.0,0.0,18.201126518294863,18.201126518294863,9.841665338892785,20.42763546562403
1,0,0.0,0.0,18.068390203027867,18.068390203027867,9.70320567036518,20.518519467419036
1,0,18.51900752378571,10.129028228450059,-18.51900752378571,0.0,0.0,20.125088132703404
1,0,19.082580055600456,10.689054375683599,-19.082580055600456,0.0,0.0,19.42882293204554
2,0,17.910822785180883,9.519881778780857,-11.727270421928088,17.908757584781345,9.519881778780857,18.86708530528224
1,0,19.429153404113872,11.034696096907226,-19.429153404113872,0.0,0.0,-18.97133092928771
1,0,0.0,0.0,18.007055920731364,18.007055920731364,9.601638940166769,-18.8960909438196
1,0,18.772781249081387,10.335302435967074,-18.772781249081387,0.0,0.0,-19.291139573482603
1,0,17.730908362346938,9.277812087091196,-17.730908362346938,0.0,0.0,-19.648003617133174
1,0,18.714314243974,10.257273326840833,-18.714314243974,0.0,0.0,-20.177770882354988
1,0,0.0,0.0,18.368132978834804,18.368132978834804,9.90353755128617,-20.099854029217724
2,0,0.0,0.0,19.706138493888076,19.706138493888076,11.242664100328065,-19.28029108230489
2,0,19.140450809513,10.677753784380865,-18.42000895835494,18.473873061553387,10.007397015926639,-19.471983655045214
1,0,17.90492036428215,9.472781556562168,-17.90492036428215,0.0,0.0,-20.15365109693833
1,0,19.326668991014426,10.910057649040004,-19.326668991014426,0.0,0.0,-20.579831868979838
2,0,19.24393516641829,10.801451367717398,-19.24393516641829,0.0,0.0,-20.885577468859527
1,0,18.645652942272022,10.239959789157341,-18.645652942272022,0.0,0.0,-20.952932499235892
1,0,18.497505349855704,10.055994024250897,-18.497505349855704,0.0,0.0,-21.04515685599821
1,0,18.90801200394105,10.46310334047155,-18.90801200394105,0.0,0.0,-21.083146759140455
1,0,0.0,0.0,17.914729089742558,17.914729089742558,9.472781556562168,-21.022567226174644
2,1,19.463528846393352,11.029715008237211,-19.463528846393352,0.0,0.0,-21.24447889800083
1,0,17.943017470386618,9.553007665260306,-17.943017470386618,0.0,0.0,-21.220736751425388
3,1,18.858466248591206,10.46310334047155,16.35480998128782,18.937079087233077,10.540090836284206,-21.205142482772214
2,1,18.79138535228418,10.401227936753463,-17.757729269563708,18.351788181719986,9.965851836732678,-21.185055101739515
2,1,0.0,0.0,18.649191800403187,18.649191800403187,10.256430541385182,-21.156038522633715
1,0,18.467636340617158,10.068705336846714,-18.467636340617158,0.0,0.0,-21.26363525138496
1,0,0.0,0.0,18.466284828432173,18.466284828432173,10.068705336846714,-21.12982539792248
1,0,0.0,0.0,18.19032866099096,18.19032866099096,9.798182590890704,-20.92895402923756
2,1,0.0,0.0,18.560927360158534,18.560927360158534,10.153623508913938,-20.830496031165463
1,0,18.34349949257174,9.976180237929569,-18.34349949257174,0.0,0.0,-20.652437286989358
2,1,18.220427083741146,9.838362192575666,-12.300859961392241,18.217737118451808,9.838362192575666,-20.721230153347822
1,0,18.87189407994386,10.491274217438248,-18.87189407994386,0.0,0.0,-20.735967691754528
2,1,18.813162849771114,10.4341158035983,-18.31614972860845,17.875788934269565,9.503681402279643,-20.774613230520576
1,0,0.0,0.0,18.040449706697636,18.040449706697636,9.664722620318962,-20.560969192153326
1,0,0.0,0.0,17.742205581002622,17.742205581002622,9.388653907372598,-20.6115863474481
1,0,0.0,0.0,18.249231219846582,18.249231219846582,9.901986426409861,-20.881737627313687
1,0,17.84901917604295,9.516868732224324,-17.84901917604295,0.0,0.0,-20.843928883165926
1,0,0.0,0.0,17.85337243681269,17.85337243681269,9.522153924002891,-20.735031419233326
2,1,19.079133974489206,10.73950054911992,-17.864797013219867,18.726868146691977,10.388410581979008,-20.526951618686688
1,0,19.5375811377898,11.19822841866684,-19.5375811377898,0.0,0.0,-20.617350486284995
1,0,0.0,0.0,17.860853303620154,17.860853303620154,9.484557193474393,-20.390783359639986
3,1,18.124414734705727,9.75533551151227,17.88140370673014,18.703420096263613,10.337637294504201,-20.126953128412357
2,0,17.757980107396946,9.401208634738603,9.18881025342582,17.75816994018172,9.401208634738603,-19.776600004875174
1,0,0.0,0.0,18.650841775058083,18.650841775058083,10.300819677414104,-19.591444740393328
2,0,18.673475683513164,10.308952660644293,-18.166125250518068,17.751949435254584,9.388486557359657,-18.57119321351159
1,0,0.0,0.0,18.082191111756437,18.082191111756437,9.717218213494077,16.652524787143264
2,0,18.88709532777289,10.533987755195422,-18.88709532777289,0.0,0.0,-18.85914749115855
1,0,17.9794128676564,9.624302610338294,-17.9794128676564,0.0,0.0,-18.938414821304853
1,0,18.01914863644775,9.574636203046277,-18.01914863644775,0.0,0.0,-19.70279218744029
2,1,18.43165398709589,9.973340054434962,-18.43165398709589,0.0,0.0,-19.692461732300092
1,0,17.76010585933235,9.28023949935585,-17.76010585933235,0.0,0.0,-20.05586715231139
1,0,0.0,0.0,17.875128918235276,17.875128918235276,9.392745258631441,-20.096869653817333
1,0,17.98023928781628,9.521714556684751,-17.98023928781628,0.0,0.0,-20.38631731712036
1,0,18.004712379255768,9.546812608597396,-18.004712379255768,0.0,0.0,-20.348344728138027
1,0,19.112170827284775,10.65254236503437,-19.112170827284775,0.0,0.0,-20.60312154672137
1,0,19.725191886504696,11.261073749519275,-19.725191886504696,0.0,0.0,-20.81708356450682
1,0,17.75628483578599,9.285540604539118,-17.75628483578599,0.0,0.0,-20.78129251762248
9,1,20.852091676676743,12.386534140147228,-20.852091676676743,0.0,0.0,-21.54110793850863
1,0,18.548581401198515,10.081968409944144,-18.548581401198515,0.0,0.0,-21.61115241486405
2,0,18.45076285584547,9.979475898535465,-18.45076285584547,0.0,0.0,-21.685404053648213
1,0,17.757380032991605,9.28637505825218,-17.757380032991605,0.0,0.0,-21.683513349847377
1,0,18.264952914411406,9.796904067133344,-18.264952914411406,0.0,0.0,-21.736547937906632
1,0,18.00699517021107,9.57373270366244,-18.00699517021107,0.0,0.0,-21.739724575708
7,1,20.65344061915536,12.211343728928965,-20.65344061915536,0.0,0.0,-21.944217113216858
1,0,0.0,0.0,18.620593980796972,18.620593980796972,10.239995502805316,-21.924859564411925
1,0,0.0,0.0,18.143136997882806,18.143136997882806,9.75857738074032,-21.91959910377451
2,0,18.608655789619412,10.218261795359789,15.744040397826316,18.664095267773973,10.275085591132715,-21.91752025940693
1,0,0.0,0.0,18.301092075371564,18.301092075371564,9.90353755128617,-21.928711765791423
2,0,19.61898782232217,11.210373379851719,-19.61898782232217,0.0,0.0,-22.0020226928186
3,0,0.0,0.0,19.02008332654494,19.02008332654494,10.603064020860977,-21.97068682615795
2,0,18.96457860420724,10.538608295573725,-15.858861731843405,18.91875203390068,10.491301994830229,-21.92613079764014
1,0,18.223487331284268,9.791941277791215,-18.223487331284268,0.0,0.0,-21.931456845128004
2,0,18.856859753907877,10.422965635581258,-18.856859753907877,0.0,0.0,-21.957333094105167
5,0,20.188384212201537,11.747989681980126,-20.188384212201537,0.0,0.0,-22.08930854796947
1,0,18.45463236904102,10.016503689004832,-18.45463236904102,0.0,0.0,-22.102436428163294
1,0,18.13272560755535,9.701432566051784,-18.13272560755535,0.0,0.0,-22.135359000310554
1,0,18.023793842597186,9.589940513889292,-18.023793842597186,0.0,0.0,-22.136056957083383
1,0,0.0,0.0,17.982751879355806,17.982751879355806,9.562896846651167,-22.103767552040583
1,0,17.93975396169539,9.523690191176541,-17.93975396169539,0.0,0.0,-22.06849040175197
1,0,0.0,0.0,18.28174902434689,18.28174902434689,9.90353755128617,-21.94215616113153
1,0,18.9495480867016,10.573647540450066,-18.9495480867016,0.0,0.0,-21.976506867723224
2,0,18.97038317366541,10.591647316585027,-18.97038317366541,0.0,0.0,-21.65442758510039
3,0,19.6781960962474,11.287917677046268,-19.6781960962474,0.0,0.0,-21.74408904963214
6,1,20.402776989883513,12.01376741732726,-20.402776989883513,0.0,0.0,-21.94651726836322
1,0,17.835211779107254,9.472396896788991,-17.835211779107254,0.0,0.0,-21.947743526339572
1,0,0.0,0.0,18.14342112850842,18.14342112850842,9.740968623038354,-21.899155023344186
1,0,0.0,0.0,18.148431910699333,18.148431910699333,9.740968623038354,-21.854260183377153
1,0,0.0,0.0,17.728042833692285,17.728042833692285,9.323401164260197,-21.472866088372648
1,0,0.0,0.0,18.00671302588724,18.00671302588724,9.615805480084347,-21.49899773829437
5,1,18.80805248993798,10.428068141534455,18.324303061569857,19.288295792503906,10.910843101765995,-21.49204609998074
1,0,0.0,0.0,18.19096037520941,18.19096037520941,9.820377645813121,-21.45781275917858
1,0,18.156561527457004,9.75417514934912,-18.156561527457004,0.0,0.0,-21.534220075540865
1,0,0.0,0.0,17.79731962955062,17.79731962955062,9.392745258631441,-21.34652153721285
1,0,0.0,0.0,17.836816683567868,17.836816683567868,9.461410325931231,-21.41206315405294
1,0,0.0,0.0,17.823586976021698,17.823586976021698,9.464750005164392,-21.380040407175002
1,0,18.321521549184613,9.9607181859904,-18.321521549184613,0.0,0.0,-21.384415783535154
1,0,17.985713346655764,9.61587214452889,-17.985713346655764,0.0,0.0,-21.336865642510332
1,0,0.0,0.0,18.675675016626627,18.675675016626627,10.308985993422082,-20.84750310052401
3,0,18.930197141055025,10.55643754334466,18.832268722307933,19.575578377298285,11.202956882939207,-20.59305439802885
1,0,0.0,0.0,18.50806107453691,18.50806107453691,10.134242066851673,-20.357692995295277
1,0,0.0,0.0,18.328273548408877,18.328273548408877,9.932463660772646,-20.098496136158772
1,0,0.0,0.0,18.2891095431816,18.2891095431816,9.912794111856428,-20.054323729661053
1,0,18.097495506892887,9.725974416734479,-18.097495506892887,0.0,0.0,-20.074734701983843
1,0,0.0,0.0,18.469475812871675,18.469475812871675,10.087640764159053,-20.03975484879441
1,0,0.0,0.0,18.22182225877812,18.22182225877812,9.826282481627157,-19.349587122853865
2,0,18.148302764172954,9.755277525370941,15.684104054089651,18.229953691752264,9.830863094815127,-18.11172031104567
1,0,0.0,0.0,17.727830459314465,17.727830459314465,9.332558004700433,19.609320062953305
2,0,19.09644161985583,10.675145498714587,-19.09644161985583,0.0,0.0,20.56953466761232
1,0,16.988101912787876,8.53070154144103,-16.988101912787876,0.0,0.0,20.605965121080136
1,0,17.75195644204689,9.30492301446213,-17.75195644204689,0.0,0.0,20.45184519188213
2,0,17.983160955237942,9.543521484499182,-9.462965052612562,17.982961550488263,9.543521484499182,20.346557894320906
2,0,18.065218707001613,9.623707509980202,-15.942902506554187,17.937664934292535,9.497247143960212,20.257569737757816
1,0,17.654720131421406,9.210440366976517,-17.654720131421406,0.0,0.0,20.059885343814503
2,0,18.179856442816877,9.738436006907127,16.44751680128084,18.342714899770694,9.90178610589637,19.898178242055955
1,0,18.097810402704198,9.680406499268875,-18.097810402704198,0.0,0.0,19.47260055925846
1,0,18.25412186483651,9.835262243540562,-18.25412186483651,0.0,0.0,19.444731675139053
2,1,19.126418074904553,10.72306912649225,-18.84825962359768,17.71099627307597,9.31343832997975,18.08488917362528
1,0,17.714527996455026,9.31343832997975,-17.714527996455026,0.0,0.0,-17.331542365736553
1,0,18.09815800313076,9.689241798157529,-18.09815800313076,0.0,0.0,-18.897681511032573
1,0,0.0,0.0,17.798484282377885,17.798484282377885,9.391911647379434,-16.642066555690445
1,0,17.938195267548252,9.522812613235182,-17.938195267548252,0.0,0.0,-16.446201342589436
1,0,18.50823360431341,10.09075519061184,-18.50823360431341,0.0,0.0,-19.34525219186608
1,0,0.0,0.0,17.427990763107307,17.427990763107307,9.0173622349937,-19.717985878882324
1,0,17.42321219582929,9.0173622349937,-17.42321219582929,0.0,0.0,-20.053746360699822
1,0,17.95005418472603,9.515027043243787,-17.95005418472603,0.0,0.0,-20.316182896853544
1,0,0.0,0.0,17.735397243455765,17.735397243455765,9.305741456739435,-20.37067672746342
1,0,0.0,0.0,18.37551034003887,18.37551034003887,9.94712158955619,-20.097587570974095
1,0,18.380068258733505,9.94712158955619,-18.380068258733505,0.0,0.0,-20.41663079293876
1,0,0.0,0.0,17.8044303987637,17.8044303987637,9.370671910878523,-20.453933290799114
1,0,19.811595312955404,11.390011790064813,-19.811595312955404,0.0,0.0,-20.882165837161775
1,0,17.625827251879524,9.210440366976517,-17.625827251879524,0.0,0.0,-20.960233634714793
1,0,0.0,0.0,17.907095215149788,17.907095215149788,9.50144159247362,-20.73421851577601
1,0,16.924181753377365,8.517393171418904,-16.924181753377365,0.0,0.0,-20.732755558765227
1,0,0.0,0.0,18.8904192505562,18.8904192505562,10.482121346307313,-20.49804654527303
1,0,0.0,0.0,18.104324906964273,18.104324906964273,9.729193687429403,-20.4023002990057
1,0,18.103538799565275,9.729193687429403,-18.103538799565275,0.0,0.0,-20.487389111760727
4,1,19.03019411529518,10.696389566233066,-17.4610050223483,18.796730051927028,10.461845406747434,-20.476970121972148
1,0,0.0,0.0,18.051967732353805,18.051967732353805,9.710691327448153,-20.403653066651398
1,0,18.79625585711407,10.46310334047155,-18.79625585711407,0.0,0.0,-20.499630100779108
2,1,17.727564462915026,9.387398099095039,20.661996021099565,20.713792071208047,12.375384947730488,19.234364379361914
2,1,18.474482273087506,10.132851715663394,-18.474482273087506,0.0,0.0,19.426617912328716
1,0,18.04276881165615,9.711176264112805,-18.04276881165615,0.0,0.0,19.353914016972816
1,0,19.40507036382929,11.068651958695275,-19.40507036382929,0.0,0.0,17.894502469043342
1,0,18.563985949376413,10.22015787614662,-18.563985949376413,0.0,0.0,-18.515979450963606
1,0,0.0,0.0,17.85399437577384,17.85399437577384,9.522666275340724,15.951597520814705
1,0,0.0,0.0,18.690879576348628,18.690879576348628,10.356186058125473,19.331511525387953
1,0,18.064905980443914,9.732995747495751,-18.064905980443914,0.0,0.0,18.76793636603769
3,1,0.0,0.0,19.41457772728821,19.41457772728821,11.085782071618791,19.921582644172048
1,0,0.0,0.0,18.046250678004295,18.046250678004295,9.727346854817254,20.178198051779695
4,1,0.0,0.0,19.198624277229282,19.198624277229282,10.902113746328311,20.431718732873566
1,0,18.71780301963959,10.417508067198638,-18.71780301963959,0.0,0.0,20.063409083563606
1,0,18.235283646528167,9.952325334619427,-18.235283646528167,0.0,0.0,20.088138590122664
1,0,18.455047097590878,10.165890277802454,-18.455047097590878,0.0,0.0,19.73541239598655
2,0,0.0,0.0,18.51166088994917,18.51166088994917,10.216691162217987,20.59968731208839
2,0,18.208115655383097,9.945253101768596,-12.476076881717649,18.204869942196773,9.945253101768596,20.64924784782102
1,0,0.0,0.0,17.816006458510596,17.816006458510596,9.551373619924957,20.643622434373313
2,0,17.9816406618707,9.702900186935281,14.712322810000785,18.018967608384028,9.741027444837728,20.670169475905457
2,0,0.0,0.0,18.50905952062478,18.50905952062478,10.211009016314167,20.615203035623516
1,0,0.0,0.0,16.89931204047299,16.89931204047299,8.578852571802965,20.556659143915955
1,0,0.0,0.0,18.96642070635214,18.96642070635214,10.630722100840213,20.811225182721618
1,0,0.0,0.0,17.992771648325448,17.992771648325448,9.642187721358466,20.901773882373654
2,0,18.923904395810602,10.59162219127253,-18.923904395810602,0.0,0.0,20.68334514550548
1,0,0.0,0.0,17.984528237377457,17.984528237377457,9.661161181805145,20.881209652302037
1,0,0.0,0.0,17.804764549571587,17.804764549571587,9.48402493478411,19.466403900648928
2,0,17.87613374193366,9.55094690773585,15.228857427854662,17.944580761651213,9.61587214452889,19.792325187138694
1,0,16.910620908018476,8.545391845774915,-16.910620908018476,0.0,0.0,19.90369827931141
1,0,16.813503075241847,8.449984441722787,-16.813503075241847,0.0,0.0,20.349582336970666
4,1,20.563581639913004,12.19748588459285,11.261022291984593,20.5636728251266,12.197541357359519,20.50471250817276
1,0,17.748155541203783,9.382611592916636,-17.748155541203783,0.0,0.0,20.36071447204604
2,0,18.139451632954827,9.767152232578871,-17.80246450823977,16.887974772338847,8.517393171418904,20.05185194816175
1,0,18.281422481209322,9.893487720457795,-18.281422481209322,0.0,0.0,20.01814384365205
1,0,17.78625844301729,9.396902923027392,-17.78625844301729,0.0,0.0,18.956295758064634
1,0,0.0,0.0,18.072886733239475,18.072886733239475,9.68234200388459,18.967102390766208
1,0,17.89231890563544,9.485772721999046,-17.89231890563544,0.0,0.0,-18.459419446726535
1,0,18.163324907344958,9.756784073343919,-18.163324907344958,0.0,0.0,-17.658423606479808
1,0,18.307222642271423,9.889642145714076,-18.307222642271423,0.0,0.0,-17.78311832524688
1,0,18.153550900128412,9.740968623038354,-18.153550900128412,0.0,0.0,-17.070484031986545
1,0,0.0,0.0,17.87381530128727,17.87381530128727,9.455480221162288,-18.166659598672958
1,0,0.0,0.0,17.775592622274264,17.775592622274264,9.362718052397065,-17.028123491808866
1,0,0.0,0.0,17.888610271388554,17.888610271388554,9.460476328353995,-16.847111538740798
1,0,18.038675977305154,9.615805480084347,-18.038675977305154,0.0,0.0,-18.331098953551557
1,0,18.05417728659756,9.623376745580666,-18.05417728659756,0.0,0.0,-19.413884004674834
1,0,18.3402223257165,9.886239659126575,-18.3402223257165,0.0,0.0,-19.76640698717677
2,1,0.0,0.0,18.790177524695295,18.790177524695295,10.332245920613584,-19.83649840668366
1,0,0.0,0.0,18.2480213259932,18.2480213259932,9.798293689657623,-19.789396571495008
2,1,19.23451664568389,10.784606961398842,-19.23451664568389,0.0,0.0,-19.932021216178303
1,0,17.864958481400063,9.400878083541478,-17.864958481400063,0.0,0.0,-20.170398673233517
1,0,18.346997679973917,9.936583780025318,-18.346997679973917,0.0,0.0,-20.397825341886538
1,0,0.0,0.0,18.304113646243717,18.304113646243717,9.903487552536127,-20.272785271216662
3,1,0.0,0.0,19.409019977583323,19.409019977583323,11.002433118994357,-19.663552850169133
1,0,18.42012335864203,10.016726948142638,-18.42012335864203,0.0,0.0,-19.871015728060364
2,0,19.382630243239067,10.976884592063174,-19.382630243239067,0.0,0.0,-20.3496064810096
2,1,18.162657986489908,9.764110536067486,17.274775443822197,18.507329521877566,10.10475352533102,-20.221360160235168
1,0,18.826703250018753,10.412802035103168,-18.826703250018753,0.0,0.0,-20.36882989314652
1,0,0.0,0.0,18.36937975479837,18.36937975479837,9.952325334619427,-20.06851106120248
2,1,18.218039807728843,9.799792316197363,-10.68347734584582,18.21750538220854,9.799792316197363,-19.96095916030412
1,0,18.303499392247883,9.903487552536127,-18.303499392247883,0.0,0.0,-20.25510967607954
2,1,18.25296968807632,9.865058525916346,-17.171104916124122,17.83902447173564,9.45727857185611,-20.205518598980994
1,0,17.95119995400234,9.566335084610051,-17.95119995400234,0.0,0.0,-20.18040717336936
1,0,17.873464386860057,9.61587214452889,-17.873464386860057,0.0,0.0,-20.12482210125528
1,0,18.719346345996893,10.465870935715712,-18.719346345996893,0.0,0.0,-20.225545474543637
2,1,18.488201541803726,10.236131040272427,-17.165316008795518,18.178457107495515,9.928228944424575,-20.358397716126273
1,0,0.0,0.0,18.155128718970936,18.155128718970936,9.90353755128617,-20.322895104940773
1,0,17.867145424940798,9.61587214452889,-17.867145424940798,0.0,0.0,-20.48285112661474
1,0,0.0,0.0,18.408772521680056,18.408772521680056,10.178730073594318,-20.243997483173768
3,1,18.774886858839075,10.562741802072889,-18.302797332008453,17.797524480665942,9.591785974240127,-20.275103353452582
