timestamp,observed_volatility,predicted_volatility
2025-08-22 17:00:00,0.006894303,0.0060522305
2025-08-22 18:00:00,0.003393888,0.0044950605
2025-08-22 19:00:00,0.0025674226,0.005559358
2025-08-22 20:00:00,0.002645537,0.0039884066
2025-08-22 21:00:00,0.0029734375,0.003308953
2025-08-22 22:00:00,0.0017107305,0.0030760304
2025-08-22 23:00:00,0.0030216482,0.0029401556
2025-08-23 00:00:00,0.0029093872,0.0024468384
2025-08-23 01:00:00,0.0047813114,0.0029630656
2025-08-23 02:00:00,0.0029106278,0.0028479332
2025-08-23 03:00:00,0.002584278,0.0034813918
2025-08-23 04:00:00,0.0026801485,0.0028991988
2025-08-23 05:00:00,0.0014304904,0.0028748626
2025-08-23 06:00:00,0.0034344804,0.0026009858
2025-08-23 07:00:00,0.0026963537,0.002087897
2025-08-23 08:00:00,0.00148805,0.0027767909
2025-08-23 09:00:00,0.0013367644,0.0029451551
2025-08-23 10:00:00,0.0016033809,0.00218391
2025-08-23 11:00:00,0.0024359282,0.001904298
2025-08-23 12:00:00,0.004222427,0.001868742
2025-08-23 13:00:00,0.0027427056,0.0021862274
2025-08-23 14:00:00,0.002194085,0.0026701463
2025-08-23 15:00:00,0.0021541554,0.0025016633
2025-08-23 16:00:00,0.0014201348,0.002517285
2025-08-23 17:00:00,0.001092716,0.002124467
2025-08-23 18:00:00,0.0012568991,0.0018593337
2025-08-23 19:00:00,0.0014589436,0.0017441364
2025-08-23 20:00:00,0.0014131076,0.0016190554
2025-08-23 21:00:00,0.0017595987,0.0017110307
2025-08-23 22:00:00,0.0014301229,0.0016472666
2025-08-23 23:00:00,0.0014903359,0.0017395931
2025-08-24 00:00:00,0.0026609378,0.0017834799
2025-08-24 01:00:00,0.0023850787,0.0017758416
2025-08-24 02:00:00,0.0023346592,0.0020818317
2025-08-24 03:00:00,0.0014852507,0.0020747392
2025-08-24 04:00:00,0.0019578675,0.0021113595
2025-08-24 05:00:00,0.0018975053,0.0019799357
2025-08-24 06:00:00,0.0015744522,0.0019139942
2025-08-24 07:00:00,0.0022968226,0.0019615744
2025-08-24 08:00:00,0.0020880215,0.0019174425
2025-08-24 09:00:00,0.0023355992,0.0020018995
2025-08-24 10:00:00,0.001811101,0.002385512
2025-08-24 11:00:00,0.0019218931,0.0021696866
2025-08-24 12:00:00,0.003008278,0.0020906436
2025-08-24 13:00:00,0.0034557113,0.0019666909
2025-08-24 14:00:00,0.0031945722,0.0023085526
2025-08-24 15:00:00,0.0033741293,0.0023269693
2025-08-24 16:00:00,0.0050502564,0.002705455
2025-08-24 17:00:00,0.004683237,0.0026617842
2025-08-24 18:00:00,0.015990144,0.0034253804
2025-08-24 19:00:00,0.0118511105,0.004909926
2025-08-24 20:00:00,0.007515293,0.0067140823
2025-08-24 21:00:00,0.0061128247,0.00686862
2025-08-24 22:00:00,0.003930356,0.006374005
2025-08-24 23:00:00,0.00826281,0.0053600185
2025-08-25 00:00:00,0.0043833577,0.004673682
2025-08-25 01:00:00,0.0027771657,0.0058692154
2025-08-25 02:00:00,0.002531198,0.0045707226
2025-08-25 03:00:00,0.00544635,0.0036327601
2025-08-25 04:00:00,0.0061288564,0.003177805
2025-08-25 05:00:00,0.0074200095,0.0039682924
2025-08-25 06:00:00,0.0065745665,0.0049858717
2025-08-25 07:00:00,0.006135573,0.00594117
2025-08-25 08:00:00,0.005538368,0.0058304677
2025-08-25 09:00:00,0.007162268,0.005552049
2025-08-25 10:00:00,0.0066686724,0.005273005
2025-08-25 11:00:00,0.0054184804,0.005928548
2025-08-25 12:00:00,0.008766431,0.0060783783
2025-08-25 13:00:00,0.0050814683,0.0051978063
2025-08-25 14:00:00,0.0043300185,0.007343316
2025-08-25 15:00:00,0.004147674,0.0051886016
2025-08-25 16:00:00,0.0035212152,0.005465029
2025-08-25 17:00:00,0.002481006,0.004558284
2025-08-25 18:00:00,0.006203092,0.003935502
2025-08-25 19:00:00,0.008903586,0.0039013636
2025-08-25 20:00:00,0.0064269817,0.0054881847
2025-08-25 21:00:00,0.0044661793,0.0061880224
2025-08-25 22:00:00,0.0040237997,0.006111656
2025-08-25 23:00:00,0.0066567203,0.0048133666
2025-08-26 00:00:00,0.0063684913,0.0046695634
2025-08-26 01:00:00,0.0040101158,0.005300109
2025-08-26 02:00:00,0.0039961105,0.0049875816
2025-08-26 03:00:00,0.0039741457,0.004622577
2025-08-26 04:00:00,0.0025518937,0.0042318865
2025-08-26 05:00:00,0.003286299,0.003642696
2025-08-26 06:00:00,0.004341857,0.0029777028
2025-08-26 07:00:00,0.005268956,0.0033617169
2025-08-26 08:00:00,0.0035895864,0.0035808762
2025-08-26 09:00:00,0.0029962629,0.0038615582
2025-08-26 10:00:00,0.0043063085,0.003698432
2025-08-26 11:00:00,0.008125237,0.0034164789
2025-08-26 12:00:00,0.0074832207,0.00404743
2025-08-26 13:00:00,0.0069467127,0.0050390684
2025-08-26 14:00:00,0.0076033263,0.006063016
2025-08-26 15:00:00,0.0070376666,0.0060614003
2025-08-26 16:00:00,0.007449445,0.005725772
2025-08-26 17:00:00,0.005044745,0.0059339134
2025-08-26 18:00:00,0.006089565,0.0068133096
2025-08-26 19:00:00,0.004640229,0.0050895507
2025-08-26 20:00:00,0.0038766738,0.0054666917
2025-08-26 21:00:00,0.003949961,0.004602953
2025-08-26 22:00:00,0.00519049,0.004434541
2025-08-26 23:00:00,0.005619978,0.0040113493
2025-08-27 00:00:00,0.0054734917,0.0046881814
2025-08-27 01:00:00,0.0039562816,0.0047631273
2025-08-27 02:00:00,0.00491418,0.005015514
2025-08-27 03:00:00,0.0049748314,0.00414643
2025-08-27 04:00:00,0.004884431,0.004163318
2025-08-27 05:00:00,0.0049434896,0.004097404
2025-08-27 06:00:00,0.005367251,0.0041244137
2025-08-27 07:00:00,0.0065230513,0.004527107
2025-08-27 08:00:00,0.006066767,0.0044909967
2025-08-27 09:00:00,0.007725687,0.005072436
2025-08-27 10:00:00,0.0044722315,0.0054031885
2025-08-27 11:00:00,0.0063898875,0.0062061897
2025-08-27 12:00:00,0.0068693114,0.005000639
2025-08-27 13:00:00,0.008084456,0.0059504947
2025-08-27 14:00:00,0.007988205,0.0061070793
2025-08-27 15:00:00,0.005390514,0.00646255
2025-08-27 16:00:00,0.0044125537,0.0069081606
2025-08-27 17:00:00,0.0040143114,0.0060436046
2025-08-27 18:00:00,0.0049950453,0.00465579
2025-08-27 19:00:00,0.0068787974,0.0043188357
2025-08-27 20:00:00,0.0052150083,0.0047811563
2025-08-27 21:00:00,0.0048349365,0.005624748
2025-08-27 22:00:00,0.005162686,0.005125432
2025-08-27 23:00:00,0.005252653,0.004607092
2025-08-28 00:00:00,0.0033372375,0.0049248436
2025-08-28 01:00:00,0.0036480897,0.0051249578
2025-08-28 02:00:00,0.0035390733,0.0037049116
2025-08-28 03:00:00,0.004225055,0.0037787482
2025-08-28 04:00:00,0.0024509325,0.004328299
2025-08-28 05:00:00,0.0022248197,0.0035118684
2025-08-28 06:00:00,0.002280042,0.003109203
2025-08-28 07:00:00,0.0027150172,0.002835363
2025-08-28 08:00:00,0.0024048456,0.0026087763
2025-08-28 09:00:00,0.0020486638,0.0025252113
2025-08-28 10:00:00,0.0017136566,0.0027135287
2025-08-28 11:00:00,0.0024999415,0.0023334029
2025-08-28 12:00:00,0.0036611126,0.0022424348
2025-08-28 13:00:00,0.0043531135,0.0022307674
2025-08-28 14:00:00,0.004404234,0.0030287497
2025-08-28 15:00:00,0.0031715366,0.0030506623
2025-08-28 16:00:00,0.0032980808,0.003314687
2025-08-28 17:00:00,0.0023683815,0.0029045304
2025-08-28 18:00:00,0.0026310005,0.002876489
2025-08-28 19:00:00,0.0014812673,0.0024659305
2025-08-28 20:00:00,0.0009093219,0.0027921249
2025-08-28 21:00:00,0.0015452376,0.002050161
2025-08-28 22:00:00,0.0012037628,0.0018690763
2025-08-28 23:00:00,0.0018412601,0.0019302986
2025-08-29 00:00:00,0.0031932776,0.0018279325
2025-08-29 01:00:00,0.0027715499,0.0020894597
2025-08-29 02:00:00,0.0023717212,0.0022220365
2025-08-29 03:00:00,0.0025351648,0.0023393228
2025-08-29 04:00:00,0.0018616322,0.0029921609
2025-08-29 05:00:00,0.0033045348,0.0022558817
2025-08-29 06:00:00,0.0052813743,0.0021462012
2025-08-29 07:00:00,0.004478933,0.0028459635
2025-08-29 08:00:00,0.0025347127,0.0029808267
2025-08-29 09:00:00,0.003169822,0.0031053359
2025-08-29 10:00:00,0.0019067258,0.0029966384
2025-08-29 11:00:00,0.005966889,0.0027344904
2025-08-29 12:00:00,0.0055445856,0.0037076455
2025-08-29 13:00:00,0.0083902385,0.003993956
2025-08-29 14:00:00,0.007345463,0.0054259137
2025-08-29 15:00:00,0.0046444614,0.005913091
2025-08-29 16:00:00,0.0057091336,0.0055733114
2025-08-29 17:00:00,0.004477173,0.0047253235
2025-08-29 18:00:00,0.0042080516,0.004779125
2025-08-29 19:00:00,0.0069985664,0.004457973
2025-08-29 20:00:00,0.0041640783,0.0041505015
2025-08-29 21:00:00,0.0052310023,0.0056710397
2025-08-29 22:00:00,0.004450121,0.0044594314
2025-08-29 23:00:00,0.0041965996,0.0047843056
2025-08-30 00:00:00,0.004827802,0.00460872
2025-08-30 01:00:00,0.0047884276,0.004341526
2025-08-30 02:00:00,0.0039524557,0.004419903
2025-08-30 03:00:00,0.004006066,0.004557593
2025-08-30 04:00:00,0.0046724435,0.003974079
2025-08-30 05:00:00,0.0054867375,0.00409118
2025-08-30 06:00:00,0.005079426,0.003960691
2025-08-30 07:00:00,0.0035200417,0.0044671954
2025-08-30 08:00:00,0.0036159495,0.004823639
2025-08-30 09:00:00,0.0036327722,0.003942925
2025-08-30 10:00:00,0.0033409186,0.0038246713
2025-08-30 11:00:00,0.0022407759,0.0033236372
2025-08-30 12:00:00,0.0033209994,0.0032534269
2025-08-30 13:00:00,0.0031080113,0.0027264324
2025-08-30 14:00:00,0.0031321293,0.0031186421
2025-08-30 15:00:00,0.0016926302,0.002868278
2025-08-30 16:00:00,0.0024564525,0.0032312532
2025-08-30 17:00:00,0.002564355,0.0024181416
2025-08-30 18:00:00,0.0017313533,0.002630298
2025-08-30 19:00:00,0.002056279,0.0024183227
2025-08-30 20:00:00,0.002607299,0.0021821633
2025-08-30 21:00:00,0.0032796757,0.0021877405
2025-08-30 22:00:00,0.0028713075,0.0023270037
2025-08-30 23:00:00,0.0040259776,0.002481516
2025-08-31 00:00:00,0.0030095421,0.002921468
2025-08-31 01:00:00,0.0030322222,0.0029001597
2025-08-31 02:00:00,0.0030769606,0.0029540285
2025-08-31 03:00:00,0.0065345825,0.0027179162
2025-08-31 04:00:00,0.004660219,0.0029996708
2025-08-31 05:00:00,0.004515928,0.0037157834
2025-08-31 06:00:00,0.0041502696,0.0036656247
2025-08-31 07:00:00,0.0038144446,0.0037086976
2025-08-31 08:00:00,0.004655324,0.0036237964
2025-08-31 09:00:00,0.004698102,0.003427073
2025-08-31 10:00:00,0.005555378,0.003967386
2025-08-31 11:00:00,0.005851345,0.004001814
2025-08-31 12:00:00,0.0040424117,0.0049669784
2025-08-31 13:00:00,0.0030196202,0.004603528
2025-08-31 14:00:00,0.0054098214,0.0041534235
2025-08-31 15:00:00,0.002966105,0.0033985083
2025-08-31 16:00:00,0.004050363,0.0042869
2025-08-31 17:00:00,0.003108899,0.003286078
2025-08-31 18:00:00,0.0036098184,0.0038035887
2025-08-31 19:00:00,0.0032837412,0.003108226
2025-08-31 20:00:00,0.0040971166,0.0035322704
2025-08-31 21:00:00,0.004679942,0.0031577004
2025-08-31 22:00:00,0.00521602,0.0036545736
2025-08-31 23:00:00,0.011917662,0.0039923624
2025-09-01 00:00:00,0.012343877,0.0042501776
2025-09-01 01:00:00,0.011144119,0.0066964743
2025-09-01 02:00:00,0.011213062,0.007854462
2025-09-01 03:00:00,0.011152131,0.008555778
2025-09-01 04:00:00,0.010917474,0.008185158
2025-09-01 05:00:00,0.009064257,0.009783565
2025-09-01 06:00:00,0.0077040307,0.008929212
2025-09-01 07:00:00,0.0069257203,0.009948353
2025-09-01 08:00:00,0.0067972112,0.008282021
2025-09-01 09:00:00,0.010168303,0.0073321443
2025-09-01 10:00:00,0.0051567345,0.008064121
2025-09-01 11:00:00,0.002968839,0.009229135
2025-09-01 12:00:00,0.0035083436,0.007090865
2025-09-01 13:00:00,0.0043492834,0.0048614647
2025-09-01 14:00:00,0.006756659,0.0045278626
2025-09-01 15:00:00,0.0038465622,0.004646471
2025-09-01 16:00:00,0.004092284,0.005948279
2025-09-01 17:00:00,0.0021471707,0.004587444
2025-09-01 18:00:00,0.00281714,0.004743189
2025-09-01 19:00:00,0.005188003,0.0033741568
2025-09-01 20:00:00,0.007789835,0.003174926
2025-09-01 21:00:00,0.0048703277,0.00458847
2025-09-01 22:00:00,0.0042168773,0.0057716677
2025-09-01 23:00:00,0.0032452971,0.005095337
2025-09-02 00:00:00,0.0041698823,0.0043208483
2025-09-02 01:00:00,0.0032639543,0.0036448694
2025-09-02 02:00:00,0.004666385,0.003601222
2025-09-02 03:00:00,0.0032191824,0.0035374737
2025-09-02 04:00:00,0.0033864423,0.0040032165
2025-09-02 05:00:00,0.0025214502,0.0034154754
2025-09-02 06:00:00,0.0028320472,0.0035765537
2025-09-02 07:00:00,0.0037640182,0.002832282
2025-09-02 08:00:00,0.0032812478,0.0033118068
2025-09-02 09:00:00,0.0015534417,0.0036464827
2025-09-02 10:00:00,0.0024578667,0.0030574107
2025-09-02 11:00:00,0.0067344103,0.0024757602
2025-09-02 12:00:00,0.008827561,0.0030140344
2025-09-02 13:00:00,0.006745289,0.0055525093
2025-09-02 14:00:00,0.005728618,0.0056537297
2025-09-02 15:00:00,0.004629133,0.0056219297
2025-09-02 16:00:00,0.003322102,0.005333277
2025-09-02 17:00:00,0.0041207103,0.004253584
2025-09-02 18:00:00,0.0034640278,0.0039001172
2025-09-02 19:00:00,0.0050906404,0.003533699
2025-09-02 20:00:00,0.0035336216,0.0035243244
2025-09-02 21:00:00,0.002812241,0.0040249065
2025-09-02 22:00:00,0.0017016315,0.0035346462
2025-09-02 23:00:00,0.0035710288,0.003140281
2025-09-03 00:00:00,0.0028451371,0.002519103
2025-09-03 01:00:00,0.0030419845,0.002967674
2025-09-03 02:00:00,0.002402001,0.0029258134
2025-09-03 03:00:00,0.0018229901,0.0030856603
2025-09-03 04:00:00,0.0023463687,0.002768343
2025-09-03 05:00:00,0.0015003182,0.0024107527
2025-09-03 06:00:00,0.003123668,0.002619033
2025-09-03 07:00:00,0.0032002698,0.0020943743
2025-09-03 08:00:00,0.0036364603,0.0025044826
2025-09-03 09:00:00,0.0025130957,0.0026132448
2025-09-03 10:00:00,0.0046460982,0.0032142464
2025-09-03 11:00:00,0.004804197,0.0025826124
2025-09-03 12:00:00,0.0038971596,0.0033209156
2025-09-03 13:00:00,0.008394328,0.0034133215
2025-09-03 14:00:00,0.002838833,0.0034656997
2025-09-03 15:00:00,0.0025704494,0.0046659554
2025-09-03 16:00:00,0.0033074196,0.0034507418
2025-09-03 17:00:00,0.0033475747,0.0032415327
2025-09-03 18:00:00,0.002668082,0.0029466539
2025-09-03 19:00:00,0.0021363941,0.0027982388
2025-09-03 20:00:00,0.0023692616,0.002903136
2025-09-03 21:00:00,0.0019771487,0.0026776537
2025-09-03 22:00:00,0.0033468502,0.0025805112
2025-09-03 23:00:00,0.002732444,0.002288741
2025-09-04 00:00:00,0.0031428111,0.0028896453
2025-09-04 01:00:00,0.0025438787,0.0024923428
2025-09-04 02:00:00,0.003332537,0.00283185
2025-09-04 03:00:00,0.0021389802,0.0024953193
2025-09-04 04:00:00,0.0043092887,0.0027177553
2025-09-04 05:00:00,0.0038520447,0.0023203224
2025-09-04 06:00:00,0.0034017235,0.0030873262
2025-09-04 07:00:00,0.0025201326,0.0028963427
2025-09-04 08:00:00,0.0016366966,0.0030960036
2025-09-04 09:00:00,0.0029788415,0.002850005
2025-09-04 10:00:00,0.002917968,0.0022065893
2025-09-04 11:00:00,0.0028947783,0.0025818981
2025-09-04 12:00:00,0.0034292666,0.0025138473
2025-09-04 13:00:00,0.0049991915,0.0027933114
2025-09-04 14:00:00,0.0039575007,0.0030163333
2025-09-04 15:00:00,0.0022629998,0.003922573
2025-09-04 16:00:00,0.0031780826,0.0036505293
2025-09-04 17:00:00,0.0032797116,0.0030142902
2025-09-04 18:00:00,0.002382738,0.0030806705
2025-09-04 19:00:00,0.0027153331,0.0028047964
2025-09-04 20:00:00,0.0014559268,0.002835006
2025-09-04 21:00:00,0.0026036676,0.0025557308
2025-09-04 22:00:00,0.008002571,0.0022139754
2025-09-04 23:00:00,0.0031715094,0.0024116402
2025-09-05 00:00:00,0.003502241,0.0038923644
2025-09-05 01:00:00,0.003976367,0.0033656787
2025-09-05 02:00:00,0.0020675287,0.0035693282
2025-09-05 03:00:00,0.0019393206,0.003152205
2025-09-05 04:00:00,0.0026463368,0.0025260241
2025-09-05 05:00:00,0.0028058772,0.0022523862
2025-09-05 06:00:00,0.0064378274,0.002613353
2025-09-05 07:00:00,0.0022074943,0.0029193193
2025-09-05 08:00:00,0.0027268082,0.004078008
2025-09-05 09:00:00,0.0022970515,0.0030696068
2025-09-05 10:00:00,0.002489993,0.0030866978
2025-09-05 11:00:00,0.00595909,0.0024051608
2025-09-05 12:00:00,0.0045315735,0.0034339875
2025-09-05 13:00:00,0.010216032,0.003329689
2025-09-05 14:00:00,0.0050314716,0.0049740607
2025-09-05 15:00:00,0.0027855595,0.005916492
2025-09-05 16:00:00,0.00404282,0.004355601
2025-09-05 17:00:00,0.0035850208,0.0036338498
2025-09-05 18:00:00,0.0031378502,0.003873937
2025-09-05 19:00:00,0.0031368614,0.0034056657
2025-09-05 20:00:00,0.0047723595,0.0032943164
2025-09-05 21:00:00,0.0031768659,0.0032627764
2025-09-05 22:00:00,0.0027195974,0.0037976392
2025-09-05 23:00:00,0.0021580479,0.0033066755
2025-09-06 00:00:00,0.0009883571,0.002896115
2025-09-06 01:00:00,0.0025159637,0.0025257955
2025-09-06 02:00:00,0.0034413508,0.0019169635
2025-09-06 03:00:00,0.0013592833,0.0021881745
2025-09-06 04:00:00,0.001229567,0.0024732563
2025-09-06 05:00:00,0.0008297441,0.0020334315
2025-09-06 06:00:00,0.0009321157,0.001853974
2025-09-06 07:00:00,0.0015321082,0.0016102751
2025-09-06 08:00:00,0.0014686331,0.0015579357
2025-09-06 09:00:00,0.00088167284,0.0017542931
2025-09-06 10:00:00,0.0012378978,0.0017901862
2025-09-06 11:00:00,0.0019949537,0.0015858492
2025-09-06 12:00:00,0.0019455262,0.0016991019
2025-09-06 13:00:00,0.0018009589,0.001734347
2025-09-06 14:00:00,0.0021104354,0.0018801326
2025-09-06 15:00:00,0.002288969,0.0020801527
2025-09-06 16:00:00,0.0018106166,0.0020382358
2025-09-06 17:00:00,0.0015641026,0.001891801
2025-09-06 18:00:00,0.0014974072,0.0020589263
2025-09-06 19:00:00,0.00112286,0.0019340309
2025-09-06 20:00:00,0.0011917298,0.001806938
2025-09-06 21:00:00,0.0010534173,0.0016355709
2025-09-06 22:00:00,0.0009957579,0.0016315321
2025-09-06 23:00:00,0.0017296914,0.0017203571
2025-09-07 00:00:00,0.0023158095,0.0015596609
2025-09-07 01:00:00,0.0017813636,0.0016458572
2025-09-07 02:00:00,0.0016329774,0.0019597346
2025-09-07 03:00:00,0.00090023514,0.0018817865
2025-09-07 04:00:00,0.0019808724,0.0019095019
2025-09-07 05:00:00,0.0016066151,0.0015286041
2025-09-07 06:00:00,0.0030963062,0.0019846477
2025-09-07 07:00:00,0.0036248784,0.0017056396
2025-09-07 08:00:00,0.0036291278,0.0020553644
2025-09-07 09:00:00,0.0051573566,0.002583121
2025-09-07 10:00:00,0.0044056554,0.0027219327
2025-09-07 11:00:00,0.0052252538,0.0029781102
2025-09-07 12:00:00,0.003574731,0.0031993955
2025-09-07 13:00:00,0.0051004323,0.0034639915
2025-09-07 14:00:00,0.004099925,0.0031750652
2025-09-07 15:00:00,0.0042680455,0.0036224213
2025-09-07 16:00:00,0.0035582993,0.0035772496
2025-09-07 17:00:00,0.0019808253,0.0035934362
2025-09-07 18:00:00,0.0033785906,0.0033939835
2025-09-07 19:00:00,0.0033507,0.002717592
2025-09-07 20:00:00,0.002638794,0.002971588
2025-09-07 21:00:00,0.0032207347,0.0029720045
2025-09-07 22:00:00,0.003206713,0.0027758498
2025-09-07 23:00:00,0.0029278246,0.0028767358
2025-09-08 00:00:00,0.0019070341,0.0029985926
2025-09-08 01:00:00,0.0031534708,0.0027391808
2025-09-08 02:00:00,0.0029571785,0.0025766084
2025-09-08 03:00:00,0.0027552526,0.002584099
2025-09-08 04:00:00,0.0016512239,0.002939522
2025-09-08 05:00:00,0.0022422979,0.0025518402
2025-09-08 06:00:00,0.0033430252,0.0020895095
2025-09-08 07:00:00,0.0047434126,0.002401624
2025-09-08 08:00:00,0.0055219526,0.0028129332
2025-09-08 09:00:00,0.0031777688,0.0031861411
2025-09-08 10:00:00,0.0033794816,0.003789114
2025-09-08 11:00:00,0.002707343,0.003082635
2025-09-08 12:00:00,0.0041725673,0.0030854954
2025-09-08 13:00:00,0.0058903187,0.0029752871
2025-09-08 14:00:00,0.003988825,0.003560988
2025-09-08 15:00:00,0.0032763227,0.0037468183
2025-09-08 16:00:00,0.0030081547,0.003885657
2025-09-08 17:00:00,0.002954102,0.0032437346
2025-09-08 18:00:00,0.0024550825,0.0031695713
2025-09-08 19:00:00,0.0015040723,0.0029168176
2025-09-08 20:00:00,0.0013193933,0.002838052
2025-09-08 21:00:00,0.002217483,0.002145491
2025-09-08 22:00:00,0.0015270218,0.0019805362
2025-09-08 23:00:00,0.003765334,0.0020936613
2025-09-09 00:00:00,0.0031988174,0.0024770957
2025-09-09 01:00:00,0.00255615,0.0027030194
2025-09-09 02:00:00,0.002110669,0.0028245568
2025-09-09 03:00:00,0.0027999938,0.0026104823
2025-09-09 04:00:00,0.0024462377,0.0024928171
2025-09-09 05:00:00,0.006215237,0.0024111308
2025-09-09 06:00:00,0.0037311397,0.002877098
2025-09-09 07:00:00,0.0022806476,0.0032316463
2025-09-09 08:00:00,0.0015335269,0.0034663344
2025-09-09 09:00:00,0.0023515604,0.0026166462
2025-09-09 10:00:00,0.0015115872,0.0021933548
2025-09-09 11:00:00,0.0024185071,0.0024524757
2025-09-09 12:00:00,0.0033018382,0.0020714721
2025-09-09 13:00:00,0.00641874,0.0024021624
2025-09-09 14:00:00,0.0040936014,0.0028836906
2025-09-09 15:00:00,0.003647566,0.0038032387
2025-09-09 16:00:00,0.0026760225,0.0036728575
2025-09-09 17:00:00,0.002376,0.0033243885
2025-09-09 18:00:00,0.0012993561,0.0029332617
2025-09-09 19:00:00,0.0022613355,0.002579158
2025-09-09 20:00:00,0.0026784786,0.0023693484
2025-09-09 21:00:00,0.002930586,0.0021014449
2025-09-09 22:00:00,0.002623872,0.0025538742
2025-09-09 23:00:00,0.0032318465,0.0024204177
2025-09-10 00:00:00,0.0038249923,0.002702621
2025-09-10 01:00:00,0.0031368553,0.0027858291
2025-09-10 02:00:00,0.0016402742,0.003367154
2025-09-10 03:00:00,0.0020991785,0.0028915156
2025-09-10 04:00:00,0.0023410637,0.00245214
2025-09-10 05:00:00,0.0035262727,0.0023144416
2025-09-10 06:00:00,0.004856467,0.0024395583
2025-09-10 07:00:00,0.0038882815,0.0026923772
2025-09-10 08:00:00,0.0025089995,0.0033648796
2025-09-10 09:00:00,0.0016947873,0.0030480074
2025-09-10 10:00:00,0.0012160583,0.00289323
2025-09-10 11:00:00,0.0065597547,0.0022249713
2025-09-10 12:00:00,0.007309175,0.0020234266
2025-09-10 13:00:00,0.003060497,0.0039469246
2025-09-10 14:00:00,0.0030386096,0.0040828157
2025-09-10 15:00:00,0.002104098,0.0031871486
2025-09-10 16:00:00,0.0037865909,0.0032516434
2025-09-10 17:00:00,0.0030854924,0.0025567778
2025-09-10 18:00:00,0.0039392025,0.0031559272
2025-09-10 19:00:00,0.004333722,0.0027272243
2025-09-10 20:00:00,0.0019707878,0.00323547
2025-09-10 21:00:00,0.0029618312,0.0032425376
2025-09-10 22:00:00,0.003561049,0.0027915565
2025-09-10 23:00:00,0.0021084668,0.0029906703
2025-09-11 00:00:00,0.0018094048,0.0029130992
2025-09-11 01:00:00,0.001545553,0.0025188532
2025-09-11 02:00:00,0.0020455783,0.002632848
2025-09-11 03:00:00,0.0013930594,0.001954064
2025-09-11 04:00:00,0.0018559296,0.00219299
2025-09-11 05:00:00,0.0014098991,0.0018883545
2025-09-11 06:00:00,0.0025925646,0.0022311856
2025-09-11 07:00:00,0.0008826391,0.0019508427
2025-09-11 08:00:00,0.0013822285,0.0022902705
2025-09-11 09:00:00,0.0008347495,0.0017724187
2025-09-11 10:00:00,0.0009998216,0.0018466985
2025-09-11 11:00:00,0.0035798706,0.0015768798
2025-09-11 12:00:00,0.004007189,0.0016152646
2025-09-11 13:00:00,0.0059449757,0.0023322615
2025-09-11 14:00:00,0.0019560747,0.0025195775
2025-09-11 15:00:00,0.002231411,0.0032909077
2025-09-11 16:00:00,0.0011992374,0.0024918306
2025-09-11 17:00:00,0.0020782016,0.0021582434
2025-09-11 18:00:00,0.0013521678,0.0019008153
2025-09-11 19:00:00,0.0016353533,0.0020132153
2025-09-11 20:00:00,0.0006352377,0.0019399218
2025-09-11 21:00:00,0.003718701,0.0019809594
2025-09-11 22:00:00,0.001632743,0.0016658974
2025-09-11 23:00:00,0.0038418695,0.0022063178
2025-09-12 00:00:00,0.002523455,0.0020140833
2025-09-12 01:00:00,0.0021513181,0.0028527759
2025-09-12 02:00:00,0.001531093,0.0023871472
2025-09-12 03:00:00,0.0017757459,0.002143805
2025-09-12 04:00:00,0.0016752118,0.0020346052
2025-09-12 05:00:00,0.0018270507,0.0018635303
2025-09-12 06:00:00,0.0011678652,0.0018991238
2025-09-12 07:00:00,0.001854898,0.0019660853
2025-09-12 08:00:00,0.0012929857,0.0019390829
2025-09-12 09:00:00,0.0007846492,0.0020366027
2025-09-12 10:00:00,0.0010315913,0.0017304388
2025-09-12 11:00:00,0.0023901141,0.0015999181
2025-09-12 12:00:00,0.0023280082,0.0017495874
2025-09-12 13:00:00,0.003534936,0.0018535213
2025-09-12 14:00:00,0.0022713782,0.0019976152
2025-09-12 15:00:00,0.0013886299,0.0026482935
2025-09-12 16:00:00,0.0022120802,0.0024745963
2025-09-12 17:00:00,0.00229915,0.0019186068
2025-09-12 18:00:00,0.0016992914,0.0020761178
2025-09-12 19:00:00,0.002812823,0.0021193775
2025-09-12 20:00:00,0.0023095654,0.0021470396
2025-09-12 21:00:00,0.0020459937,0.002357873
2025-09-12 22:00:00,0.0013864841,0.0020472605
2025-09-12 23:00:00,0.0013864875,0.0021924712
2025-09-13 00:00:00,0.0023321114,0.0020542464
2025-09-13 01:00:00,0.0010655507,0.0019522515
2025-09-13 02:00:00,0.00087579957,0.0021678149
2025-09-13 03:00:00,0.0011749428,0.0016583545
2025-09-13 04:00:00,0.000987697,0.0016679568
2025-09-13 05:00:00,0.0009824643,0.0015612532
2025-09-13 06:00:00,0.0006742231,0.0016293544
2025-09-13 07:00:00,0.0007940298,0.0015501127
2025-09-13 08:00:00,0.0007080732,0.0014342901
2025-09-13 09:00:00,0.001461207,0.0014916896
2025-09-13 10:00:00,0.00074081874,0.001436535
2025-09-13 11:00:00,0.0008166339,0.0016170933
2025-09-13 12:00:00,0.0010800204,0.0014687438
2025-09-13 13:00:00,0.001926987,0.0014846367
2025-09-13 14:00:00,0.0012962378,0.0014311174
2025-09-13 15:00:00,0.0021352116,0.0015384905
2025-09-13 16:00:00,0.0018599553,0.0016802254
2025-09-13 17:00:00,0.0011403069,0.0017002017
2025-09-13 18:00:00,0.00078726624,0.0017499444
2025-09-13 19:00:00,0.0010977159,0.0016612941
2025-09-13 20:00:00,0.00092720316,0.001468638
2025-09-13 21:00:00,0.0006045769,0.0015032915
2025-09-13 22:00:00,0.00083559775,0.0015671202
2025-09-13 23:00:00,0.00065194594,0.0013672713
2025-09-14 00:00:00,0.0013419696,0.0014258011
2025-09-14 01:00:00,0.0013668104,0.0013794117
2025-09-14 02:00:00,0.0009111027,0.0015592838
2025-09-14 03:00:00,0.0018205544,0.001726062
2025-09-14 04:00:00,0.00081486756,0.0014699887
2025-09-14 05:00:00,0.00086176896,0.0016985275
2025-09-14 06:00:00,0.00040314527,0.0015483628
2025-09-14 07:00:00,0.0008890414,0.001470645
2025-09-14 08:00:00,0.0010614648,0.0013239965
2025-09-14 09:00:00,0.00083975587,0.001370816
2025-09-14 10:00:00,0.0012931116,0.0013882081
2025-09-14 11:00:00,0.0010716085,0.0014405644
2025-09-14 12:00:00,0.0022548297,0.0016029192
2025-09-14 13:00:00,0.0029579569,0.0015676508
2025-09-14 14:00:00,0.0017499712,0.0016914007
2025-09-14 15:00:00,0.0017691384,0.0020589791
2025-09-14 16:00:00,0.0011327367,0.0019087745
2025-09-14 17:00:00,0.0011051659,0.0017634996
2025-09-14 18:00:00,0.0011563206,0.0017123284
2025-09-14 19:00:00,0.00093943044,0.0016111039
2025-09-14 20:00:00,0.0022531552,0.0016286996
2025-09-14 21:00:00,0.0017649196,0.0015033539
2025-09-14 22:00:00,0.0028073105,0.0018472946
2025-09-14 23:00:00,0.0019601234,0.0018816959
2025-09-15 00:00:00,0.0024916702,0.0022719556
2025-09-15 01:00:00,0.001942106,0.0019173721
2025-09-15 02:00:00,0.001211887,0.0022346575
2025-09-15 03:00:00,0.0044230656,0.0020214072
2025-09-15 04:00:00,0.0032008465,0.001835177
2025-09-15 05:00:00,0.0018213644,0.0023189078
2025-09-15 06:00:00,0.0022257662,0.0024473146
2025-09-15 07:00:00,0.0040043145,0.0023389782
2025-09-15 08:00:00,0.0026385463,0.002358932
2025-09-15 09:00:00,0.001162996,0.0026482986
2025-09-15 10:00:00,0.0025036181,0.002588872
2025-09-15 11:00:00,0.001781096,0.0020906974
2025-09-15 12:00:00,0.0033264577,0.0023856177
2025-09-15 13:00:00,0.0024588103,0.0020965205
2025-09-15 14:00:00,0.0028232695,0.0024551842
2025-09-15 15:00:00,0.002163055,0.0023327663
2025-09-15 16:00:00,0.0023352783,0.0027491425
2025-09-15 17:00:00,0.002393408,0.0027131652
2025-09-15 18:00:00,0.0029553783,0.0025209945
2025-09-15 19:00:00,0.0018421119,0.0022890968
2025-09-15 20:00:00,0.0014344405,0.0025315299
2025-09-15 21:00:00,0.001370786,0.0023387251
2025-09-15 22:00:00,0.0010232335,0.0019338151
2025-09-15 23:00:00,0.0018200552,0.0017964526
2025-09-16 00:00:00,0.0023915928,0.0016903114
2025-09-16 01:00:00,0.001227635,0.0018379312
2025-09-16 02:00:00,0.0017571755,0.002039246
2025-09-16 03:00:00,0.0025167137,0.0017379391
2025-09-16 04:00:00,0.0028733085,0.0019533
2025-09-16 05:00:00,0.002678789,0.001958406
2025-09-16 06:00:00,0.001471792,0.0023646036
2025-09-16 07:00:00,0.0018311953,0.0021519286
2025-09-16 08:00:00,0.0010883848,0.0022416085
2025-09-16 09:00:00,0.0010751571,0.0019454028
2025-09-16 10:00:00,0.0011318981,0.0017301376
2025-09-16 11:00:00,0.0011413787,0.001932532
2025-09-16 12:00:00,0.0027635237,0.0018106563
2025-09-16 13:00:00,0.0035153567,0.0018794317
2025-09-16 14:00:00,0.0020706286,0.0020867216
2025-09-16 15:00:00,0.0029983765,0.0023755229
2025-09-16 16:00:00,0.0042525376,0.0024608572
2025-09-16 17:00:00,0.0024752254,0.002574404
2025-09-16 18:00:00,0.0028190643,0.0030694488
2025-09-16 19:00:00,0.0023532384,0.0024171455
2025-09-16 20:00:00,0.0010876626,0.0026306005
2025-09-16 21:00:00,0.001701526,0.002309494
2025-09-16 22:00:00,0.0014988058,0.0019175294
2025-09-16 23:00:00,0.0010429807,0.0018651865
2025-09-17 00:00:00,0.00091656914,0.0020017868
2025-09-17 01:00:00,0.0014573708,0.0018832147
2025-09-17 02:00:00,0.0020094644,0.0016080346
2025-09-17 03:00:00,0.0010002383,0.0018256842
2025-09-17 04:00:00,0.00258422,0.0019020855
2025-09-17 05:00:00,0.0033274144,0.0017464017
2025-09-17 06:00:00,0.001914645,0.0019924827
2025-09-17 07:00:00,0.0015789014,0.0021668135
2025-09-17 08:00:00,0.0011093132,0.0021718345
2025-09-17 09:00:00,0.0013072019,0.0019205097
2025-09-17 10:00:00,0.00046415965,0.0017021736
2025-09-17 11:00:00,0.0017561578,0.0017204826
2025-09-17 12:00:00,0.0014261038,0.0014224459
2025-09-17 13:00:00,0.0028801686,0.001718423
2025-09-17 14:00:00,0.0015685085,0.0016637294
2025-09-17 15:00:00,0.0022448495,0.0020383885
2025-09-17 16:00:00,0.0034487136,0.0018227946
2025-09-17 17:00:00,0.0063641835,0.002199789
2025-09-17 18:00:00,0.005072078,0.0024861551
2025-09-17 19:00:00,0.0026608831,0.003142543
2025-09-17 20:00:00,0.0026788733,0.003104967
2025-09-17 21:00:00,0.002234047,0.002988529
2025-09-17 22:00:00,0.0031653543,0.0026142804
2025-09-17 23:00:00,0.0020565477,0.002146143
2025-09-18 00:00:00,0.0021480033,0.0024122843
2025-09-18 01:00:00,0.002158127,0.002401828
2025-09-18 02:00:00,0.0041253734,0.0023922909
2025-09-18 03:00:00,0.002311435,0.002547348
2025-09-18 04:00:00,0.0011786936,0.0029771207
2025-09-18 05:00:00,0.0022697402,0.0025682943
2025-09-18 06:00:00,0.0014525283,0.0021138154
2025-09-18 07:00:00,0.0017677782,0.0020488924
2025-09-18 08:00:00,0.0010215131,0.001898556
2025-09-18 09:00:00,0.0014749563,0.0019319828
2025-09-18 10:00:00,0.001706948,0.0017797386
2025-09-18 11:00:00,0.0017295767,0.0019592124
2025-09-18 12:00:00,0.0033991986,0.0018830333
2025-09-18 13:00:00,0.0028156815,0.0021694126
2025-09-18 14:00:00,0.0017786653,0.0023990306
2025-09-18 15:00:00,0.0021897098,0.0023141117
2025-09-18 16:00:00,0.0015781563,0.002356614
2025-09-18 17:00:00,0.0014468019,0.0022901383
2025-09-18 18:00:00,0.002491996,0.002025731
2025-09-18 19:00:00,0.0016409188,0.001859401
2025-09-18 20:00:00,0.0011826373,0.0021206066
2025-09-18 21:00:00,0.0016839759,0.0019465442
2025-09-18 22:00:00,0.0031142123,0.002039487
2025-09-18 23:00:00,0.0013678876,0.0018117133
2025-09-19 00:00:00,0.0014642425,0.0021424568
2025-09-19 01:00:00,0.00139082,0.0020353184
2025-09-19 02:00:00,0.0018295562,0.001977079
2025-09-19 03:00:00,0.0017566679,0.0017801451
2025-09-19 04:00:00,0.00078108907,0.0019975998
2025-09-19 05:00:00,0.00080441305,0.0018379698
2025-09-19 06:00:00,0.0010847952,0.0017402186
2025-09-19 07:00:00,0.0016383302,0.0018002591
2025-09-19 08:00:00,0.0017817535,0.001864893
2025-09-19 09:00:00,0.00068062305,0.0019918245
2025-09-19 10:00:00,0.0013269488,0.0018941903
2025-09-19 11:00:00,0.00152518,0.0018137965
2025-09-19 12:00:00,0.0020633547,0.0016078498
2025-09-19 13:00:00,0.00223136,0.0016166385
2025-09-19 14:00:00,0.0022955898,0.001855634
2025-09-19 15:00:00,0.0016880698,0.0022269795
2025-09-19 16:00:00,0.0013761452,0.00222526
2025-09-19 17:00:00,0.0013117244,0.0018798852
2025-09-19 18:00:00,0.002230242,0.0018389534
2025-09-19 19:00:00,0.0013102954,0.0016534906
2025-09-19 20:00:00,0.00088804995,0.002154402
2025-09-19 21:00:00,0.00083881017,0.0017152197
2025-09-19 22:00:00,0.00084787386,0.001803334
2025-09-19 23:00:00,0.001207156,0.0017625496
2025-09-20 00:00:00,0.0009517337,0.0017292346
2025-09-20 01:00:00,0.0012321847,0.0018252133
2025-09-20 02:00:00,0.00087885803,0.0017316852
2025-09-20 03:00:00,0.00078861095,0.0018012448
2025-09-20 04:00:00,0.0007779719,0.0017105396
2025-09-20 05:00:00,0.00080489647,0.0016703119
2025-09-20 06:00:00,0.0010663095,0.0016163248
2025-09-20 07:00:00,0.0012321918,0.0016320363
2025-09-20 08:00:00,0.0007179316,0.0016577308
2025-09-20 09:00:00,0.00061446085,0.001745297
2025-09-20 10:00:00,0.0010134912,0.0016388638
2025-09-20 11:00:00,0.0008883244,0.0015978985
2025-09-20 12:00:00,0.00069969747,0.0016195951
2025-09-20 13:00:00,0.0008514046,0.0016303126
2025-09-20 14:00:00,0.0007352639,0.0016377069
2025-09-20 15:00:00,0.0011046554,0.0015876069
2025-09-20 16:00:00,0.0008191295,0.0015997946
2025-09-20 17:00:00,0.0015031754,0.001694015
2025-09-20 18:00:00,0.0005826415,0.0016046865
2025-09-20 19:00:00,0.0007938541,0.0017590576
2025-09-20 20:00:00,0.0010061979,0.0015923749
2025-09-20 21:00:00,0.00053327327,0.0016588378
2025-09-20 22:00:00,0.00073602726,0.0016428878
2025-09-20 23:00:00,0.0008209263,0.0016294686
2025-09-21 00:00:00,0.000759169,0.0016193211
2025-09-21 01:00:00,0.0010933466,0.0015946027
2025-09-21 02:00:00,0.0006839069,0.0016689968
2025-09-21 03:00:00,0.0007944388,0.0016437239
2025-09-21 04:00:00,0.0007163914,0.0014717296
2025-09-21 05:00:00,0.001017734,0.0013922805
2025-09-21 06:00:00,0.00078770035,0.0013715647
2025-09-21 07:00:00,0.0008148893,0.0014310608
2025-09-21 08:00:00,0.0014190612,0.0013699378
2025-09-21 09:00:00,0.00092137663,0.0014738427
2025-09-21 10:00:00,0.0010242269,0.0014414164
2025-09-21 11:00:00,0.00080009794,0.0014321462
2025-09-21 12:00:00,0.00094709423,0.0015920523
2025-09-21 13:00:00,0.0008806237,0.0014049188
2025-09-21 14:00:00,0.0014512448,0.0014436836
2025-09-21 15:00:00,0.0014293429,0.0014183448
2025-09-21 16:00:00,0.0016970161,0.0016197581
2025-09-21 17:00:00,0.0015486617,0.0015370483
2025-09-21 18:00:00,0.0016316029,0.0016316994
2025-09-21 19:00:00,0.0009458202,0.0017806961
2025-09-21 20:00:00,0.0014262587,0.0017675017
2025-09-21 21:00:00,0.0015642659,0.0015112355
2025-09-21 22:00:00,0.001263394,0.0015429441
2025-09-21 23:00:00,0.0027263558,0.0017079837
2025-09-22 00:00:00,0.001984992,0.0017054656
2025-09-22 01:00:00,0.0033191836,0.001994343
2025-09-22 02:00:00,0.0019085542,0.0019844584
2025-09-22 03:00:00,0.0015804878,0.0026344755
2025-09-22 04:00:00,0.0014384262,0.0021459106
2025-09-22 05:00:00,0.011294532,0.0020822189
2025-09-22 06:00:00,0.0029720045,0.0021714245
2025-09-22 07:00:00,0.0017323501,0.0035646288
2025-09-22 08:00:00,0.0016265932,0.0028375108
2025-09-22 09:00:00,0.0028929347,0.0025643515
2025-09-22 10:00:00,0.0013649425,0.0025371045
2025-09-22 11:00:00,0.0016848627,0.0023082101
2025-09-22 12:00:00,0.0024557111,0.0020421136
2025-09-22 13:00:00,0.0039792405,0.0021340807
2025-09-22 14:00:00,0.0022447736,0.0035213074
2025-09-22 15:00:00,0.0013896208,0.002640336
2025-09-22 16:00:00,0.0020633272,0.002471522
2025-09-22 17:00:00,0.0019511181,0.002081275
2025-09-22 18:00:00,0.0031715517,0.0021744862
2025-09-22 19:00:00,0.0035086798,0.0020374886
2025-09-22 20:00:00,0.0018538404,0.002575821
2025-09-22 21:00:00,0.0012882465,0.0025205666
2025-09-22 22:00:00,0.0012428062,0.0023331614
2025-09-22 23:00:00,0.0016272666,0.0019120201
2025-09-23 00:00:00,0.0016338498,0.0018550466
2025-09-23 01:00:00,0.0022590873,0.0018304603
2025-09-23 02:00:00,0.0040400587,0.0019582147
2025-09-23 03:00:00,0.0027282767,0.0020284925
2025-09-23 04:00:00,0.0023822156,0.002541009
2025-09-23 05:00:00,0.001822958,0.0025856078
2025-09-23 06:00:00,0.0010898659,0.002512897
2025-09-23 07:00:00,0.0014678609,0.002070912
2025-09-23 08:00:00,0.002001343,0.0017996222
2025-09-23 09:00:00,0.00074953877,0.0017876494
2025-09-23 10:00:00,0.0019495557,0.0019190359
2025-09-23 11:00:00,0.0016643435,0.001826265
2025-09-23 12:00:00,0.0017145532,0.0024403227
2025-09-23 13:00:00,0.0024323289,0.00213888
2025-09-23 14:00:00,0.0023975715,0.0022959246
2025-09-23 15:00:00,0.0029822725,0.0024962332
2025-09-23 16:00:00,0.003505195,0.0025259797
2025-09-23 17:00:00,0.0027984881,0.0027660828
2025-09-23 18:00:00,0.0018806652,0.0026156858
2025-09-23 19:00:00,0.0022236223,0.0024473425
2025-09-23 20:00:00,0.0023922464,0.0021287147
2025-09-23 21:00:00,0.0019279418,0.0024826888
2025-09-23 22:00:00,0.002414396,0.0022055195
2025-09-23 23:00:00,0.003069525,0.0020681776
2025-09-24 00:00:00,0.0020448235,0.002209096
2025-09-24 01:00:00,0.0030131692,0.0024682868
2025-09-24 02:00:00,0.0020120053,0.0024059694
2025-09-24 03:00:00,0.0054002777,0.0025522977
2025-09-24 04:00:00,0.0023657347,0.002692439
2025-09-24 05:00:00,0.0025629224,0.003397
2025-09-24 06:00:00,0.0013226216,0.0027895086
2025-09-24 07:00:00,0.0012984005,0.0028089269
2025-09-24 08:00:00,0.0022161333,0.0023268128
2025-09-24 09:00:00,0.002098703,0.002185434
2025-09-24 10:00:00,0.0026302328,0.0023217702
2025-09-24 11:00:00,0.0014733628,0.0023646678
2025-09-24 12:00:00,0.0030608124,0.002669235
2025-09-24 13:00:00,0.0034961894,0.0022065998
2025-09-24 14:00:00,0.0030871378,0.0025658584
2025-09-24 15:00:00,0.0026547113,0.0025203393
2025-09-24 16:00:00,0.0029213023,0.0032379178
2025-09-24 17:00:00,0.0022153186,0.0024458785
2025-09-24 18:00:00,0.0022550179,0.0026489024
2025-09-24 19:00:00,0.0014897404,0.0022022354
2025-09-24 20:00:00,0.0013524573,0.0023831448
2025-09-24 21:00:00,0.0033506826,0.002056584
2025-09-24 22:00:00,0.0016143197,0.0019554053
2025-09-24 23:00:00,0.0018493324,0.0022596894
2025-09-25 00:00:00,0.0027449483,0.002144359
2025-09-25 01:00:00,0.002863731,0.00213038
2025-09-25 02:00:00,0.0018400393,0.00246212
2025-09-25 03:00:00,0.00393516,0.0023355368
2025-09-25 04:00:00,0.002399638,0.0023772023
2025-09-25 05:00:00,0.0022918086,0.0025794604
2025-09-25 06:00:00,0.0013423574,0.002404513
2025-09-25 07:00:00,0.0014652587,0.0024117471
2025-09-25 08:00:00,0.0028321159,0.0020989834
2025-09-25 09:00:00,0.0014513645,0.00201419
2025-09-25 10:00:00,0.0014385215,0.0024070723
2025-09-25 11:00:00,0.0023335395,0.0021305059
2025-09-25 12:00:00,0.005937219,0.0022483182
2025-09-25 13:00:00,0.0041371165,0.0022101528
2025-09-25 14:00:00,0.00426978,0.0035636548
2025-09-25 15:00:00,0.0025787877,0.003212273
2025-09-25 16:00:00,0.0062926007,0.003608691
2025-09-25 17:00:00,0.006059877,0.0035852722
2025-09-25 18:00:00,0.0033431577,0.0038336895
2025-09-25 19:00:00,0.0027528075,0.0037995807
2025-09-25 20:00:00,0.004302267,0.003606195
2025-09-25 21:00:00,0.0018138388,0.0032058689
2025-09-25 22:00:00,0.0039727795,0.003347088
2025-09-25 23:00:00,0.004951775,0.0024028912
2025-09-26 00:00:00,0.0025055122,0.0034786903
2025-09-26 01:00:00,0.0017430971,0.0038435534
2025-09-26 02:00:00,0.0018430116,0.0032259636
2025-09-26 03:00:00,0.002365191,0.0023821497
2025-09-26 04:00:00,0.002867609,0.0023571476
2025-09-26 05:00:00,0.0039145495,0.0024848846
2025-09-26 06:00:00,0.0041397824,0.0028869736
2025-09-26 07:00:00,0.0020549176,0.0030699435
2025-09-26 08:00:00,0.0018168738,0.003944262
2025-09-26 09:00:00,0.0032774995,0.0030057475
2025-09-26 10:00:00,0.003108988,0.0039123306
2025-09-26 11:00:00,0.0037704508,0.0027373957
2025-09-26 12:00:00,0.0033458895,0.0034161888
2025-09-26 13:00:00,0.0030943977,0.0037274552
2025-09-26 14:00:00,0.0038211166,0.003209044
2025-09-26 15:00:00,0.0028792499,0.0034670287
2025-09-26 16:00:00,0.0041750255,0.0043104254
2025-09-26 17:00:00,0.0027609237,0.0042445557
2025-09-26 18:00:00,0.0050559524,0.0033713116
2025-09-26 19:00:00,0.0034070446,0.0030088779
2025-09-26 20:00:00,0.002920961,0.0036412526
2025-09-26 21:00:00,0.0026347404,0.0033679134
2025-09-26 22:00:00,0.0023712348,0.0030326878
2025-09-26 23:00:00,0.0020119937,0.002644736
2025-09-27 00:00:00,0.0022813512,0.0025030891
2025-09-27 01:00:00,0.0015357339,0.002381233
2025-09-27 02:00:00,0.0016445651,0.002461721
2025-09-27 03:00:00,0.0020718405,0.002099761
2025-09-27 04:00:00,0.001013009,0.0019344349
2025-09-27 05:00:00,0.0022098704,0.0020185167
2025-09-27 06:00:00,0.0016295098,0.0019148778
2025-09-27 07:00:00,0.0014278354,0.00214029
2025-09-27 08:00:00,0.0022181557,0.0018067872
2025-09-27 09:00:00,0.0022766024,0.0018770394
2025-09-27 10:00:00,0.0027667251,0.0019518848
2025-09-27 11:00:00,0.0019555853,0.0021186601
2025-09-27 12:00:00,0.0020101515,0.0024229824
2025-09-27 13:00:00,0.001453456,0.0019784824
2025-09-27 14:00:00,0.0017496941,0.0021694384
2025-09-27 15:00:00,0.0013733061,0.0017725743
2025-09-27 16:00:00,0.0017954197,0.0020407857
2025-09-27 17:00:00,0.0013646855,0.0016789272
2025-09-27 18:00:00,0.0014990489,0.0017639083
2025-09-27 19:00:00,0.0014348058,0.0017074926
2025-09-27 20:00:00,0.0029385493,0.0018391919
2025-09-27 21:00:00,0.0019173146,0.0017190328
2025-09-27 22:00:00,0.0028239037,0.0021756147
2025-09-27 23:00:00,0.0023437778,0.0018764175
2025-09-28 00:00:00,0.0018824175,0.002308569
2025-09-28 01:00:00,0.001532706,0.0020685345
2025-09-28 02:00:00,0.0012859952,0.0029826367
2025-09-28 03:00:00,0.0017048395,0.0040811766
2025-09-28 04:00:00,0.0019872764,0.0016988766
2025-09-28 05:00:00,0.0020188391,0.0017185656
2025-09-28 06:00:00,0.002242438,0.002032153
2025-09-28 07:00:00,0.0017308539,0.002028034
2025-09-28 08:00:00,0.0016619851,0.0021551838
2025-09-28 09:00:00,0.0016037403,0.0019001681
2025-09-28 10:00:00,0.002423069,0.0019320629
2025-09-28 11:00:00,0.002118938,0.001781378
2025-09-28 12:00:00,0.0019186388,0.0019649428
2025-09-28 13:00:00,0.0017252614,0.0020454808
2025-09-28 14:00:00,0.002999269,0.0020101382
2025-09-28 15:00:00,0.002571456,0.0018340161
2025-09-28 16:00:00,0.0019564657,0.0022761584
2025-09-28 17:00:00,0.001595126,0.0022935327
2025-09-28 18:00:00,0.0020497914,0.0021758366
2025-09-28 19:00:00,0.002706792,0.0018682235
2025-09-28 20:00:00,0.0016893976,0.0019972436
2025-09-28 21:00:00,0.005472427,0.0021786783
2025-09-28 22:00:00,0.0028862949,0.0022922896
2025-09-28 23:00:00,0.0022674198,0.002800425
2025-09-29 00:00:00,0.0020961186,0.00261241
2025-09-29 01:00:00,0.0019692716,0.002397759
2025-09-29 02:00:00,0.0011096534,0.002364281
2025-09-29 03:00:00,0.0010939422,0.0020211046
2025-09-29 04:00:00,0.0013495662,0.001869332
2025-09-29 05:00:00,0.0010128679,0.0016939213
2025-09-29 06:00:00,0.0013963893,0.0017675515
2025-09-29 07:00:00,0.002366545,0.0017246486
2025-09-29 08:00:00,0.0016813106,0.0019795138
2025-09-29 09:00:00,0.0009610107,0.0020652397
2025-09-29 10:00:00,0.0013368906,0.0021025303
2025-09-29 11:00:00,0.0023338434,0.0017136598
2025-09-29 12:00:00,0.0062520686,0.0017925352
2025-09-29 13:00:00,0.003232665,0.002294037
2025-09-29 14:00:00,0.0019444559,0.0033671153
2025-09-29 15:00:00,0.0018914636,0.0027427461
2025-09-29 16:00:00,0.0029723404,0.002478523
2025-09-29 17:00:00,0.0013125954,0.0021188066
2025-09-29 18:00:00,0.0019522711,0.0027073084
2025-09-29 19:00:00,0.0014681653,0.0020433282
2025-09-29 20:00:00,0.0013644402,0.0021157535
2025-09-29 21:00:00,0.0010607402,0.0018111606
2025-09-29 22:00:00,0.0011059103,0.0020324534
2025-09-29 23:00:00,0.0033610149,0.0016841695
2025-09-30 00:00:00,0.003151428,0.0017876647
2025-09-30 01:00:00,0.001593816,0.0022253257
2025-09-30 02:00:00,0.0010232062,0.0024548904
2025-09-30 03:00:00,0.0007978924,0.0020272403
2025-09-30 04:00:00,0.0016855514,0.0017731457
2025-09-30 05:00:00,0.001395938,0.0016346836
2025-09-30 06:00:00,0.0018449716,0.0017260818
2025-09-30 07:00:00,0.0015970066,0.0017629681
2025-09-30 08:00:00,0.0025123374,0.0018922728
2025-09-30 09:00:00,0.0018289578,0.0020007782
2025-09-30 10:00:00,0.0017749502,0.002403745
2025-09-30 11:00:00,0.0013650727,0.0044741747
2025-09-30 12:00:00,0.0036294116,0.0021169009
2025-09-30 13:00:00,0.003534481,0.0019412783
2025-09-30 14:00:00,0.003142438,0.0023836961
2025-09-30 15:00:00,0.0019567932,0.0022759316
2025-09-30 16:00:00,0.0032718936,0.0029309646
2025-09-30 17:00:00,0.002920578,0.0023985032
2025-09-30 18:00:00,0.0026706723,0.0026623516
2025-09-30 19:00:00,0.002540418,0.002579095
2025-09-30 20:00:00,0.003069099,0.002953182
2025-09-30 21:00:00,0.002166638,0.0025638526
2025-09-30 22:00:00,0.0017386461,0.002786552
2025-09-30 23:00:00,0.0030190442,0.0024391327
2025-10-01 00:00:00,0.0034722716,0.0023317488
2025-10-01 01:00:00,0.002028097,0.002685976
2025-10-01 02:00:00,0.0024884513,0.0026872416
2025-10-01 03:00:00,0.0030766202,0.0023405391
2025-10-01 04:00:00,0.003030625,0.0026471624
2025-10-01 05:00:00,0.0021384712,0.0025622137
2025-10-01 06:00:00,0.0023144174,0.002749722
2025-10-01 07:00:00,0.007173366,0.002741453
2025-10-01 08:00:00,0.0037835822,0.0032043147
2025-10-01 09:00:00,0.0026398185,0.0037142918
2025-10-01 10:00:00,0.0029065267,0.0035773928
2025-10-01 11:00:00,0.00320455,0.0029657953
2025-10-01 12:00:00,0.0027740449,0.003713146
2025-10-01 13:00:00,0.0055993414,0.0033618084
2025-10-01 14:00:00,0.0040064612,0.0031514836
2025-10-01 15:00:00,0.005167612,0.0038234058
2025-10-01 16:00:00,0.005234221,0.0037655008
2025-10-01 17:00:00,0.0033207953,0.0042849504
2025-10-01 18:00:00,0.0052672653,0.0043377765
2025-10-01 19:00:00,0.003789311,0.0037411875
2025-10-01 20:00:00,0.0046305433,0.0040573506
2025-10-01 21:00:00,0.006518344,0.003444429
2025-10-01 22:00:00,0.005771924,0.004139502
2025-10-01 23:00:00,0.00689995,0.004676364
2025-10-02 00:00:00,0.004716416,0.0049090977
2025-10-02 01:00:00,0.0040230397,0.0052454346
2025-10-02 02:00:00,0.0041639176,0.0045540105
2025-10-02 03:00:00,0.004758469,0.004100703
2025-10-02 04:00:00,0.00278339,0.0038921714
2025-10-02 05:00:00,0.0021980705,0.0038956231
2025-10-02 06:00:00,0.0024767744,0.0032288074
2025-10-02 07:00:00,0.002675364,0.0027503618
2025-10-02 08:00:00,0.0032601636,0.0032889484
2025-10-02 09:00:00,0.0037000247,0.002800174
2025-10-02 10:00:00,0.0032515533,0.0033335253
2025-10-02 11:00:00,0.006286162,0.0060477215
2025-10-02 12:00:00,0.006200312,0.004041116
2025-10-02 13:00:00,0.005546299,0.00548219
2025-10-02 14:00:00,0.00723262,0.0057439352
2025-10-02 15:00:00,0.0049345307,0.005153846
2025-10-02 16:00:00,0.0032854483,0.0052854405
2025-10-02 17:00:00,0.005618073,0.0050233356
2025-10-02 18:00:00,0.006650486,0.0040701204
2025-10-02 19:00:00,0.004890922,0.0049418705
2025-10-02 20:00:00,0.003101654,0.0051526004
2025-10-02 21:00:00,0.0028309682,0.0046935366
2025-10-02 22:00:00,0.0052350597,0.003901027
2025-10-02 23:00:00,0.0022856556,0.0042218873
2025-10-03 00:00:00,0.0020488573,0.004834084
2025-10-03 01:00:00,0.002296482,0.003098885
2025-10-03 02:00:00,0.0027936858,0.0028427085
2025-10-03 03:00:00,0.001956628,0.0025805333
2025-10-03 04:00:00,0.0020949547,0.0026051775
2025-10-03 05:00:00,0.002333119,0.0024116817
2025-10-03 06:00:00,0.0025964952,0.0024099124
2025-10-03 07:00:00,0.003957089,0.002372212
2025-10-03 08:00:00,0.011399276,0.0027430875
2025-10-03 09:00:00,0.006483412,0.0030596568
2025-10-03 10:00:00,0.0034693126,0.00497803
2025-10-03 11:00:00,0.0030266158,0.0065387283
2025-10-03 12:00:00,0.004516186,0.005504064
2025-10-03 13:00:00,0.006807435,0.0048284326
2025-10-03 14:00:00,0.00847829,0.0036769246
2025-10-03 15:00:00,0.011047618,0.0049918904
2025-10-03 16:00:00,0.013417731,0.006352838
2025-10-03 17:00:00,0.008239951,0.007549706
2025-10-03 18:00:00,0.0051139775,0.008942898
2025-10-03 19:00:00,0.004233828,0.0076391185
2025-10-03 20:00:00,0.0025658607,0.00575584
2025-10-03 21:00:00,0.0038526363,0.0052666576
2025-10-03 22:00:00,0.0012092807,0.003671448
2025-10-03 23:00:00,0.0017821324,0.0036723234
2025-10-04 00:00:00,0.0018657272,0.0023958378
2025-10-04 01:00:00,0.0036543626,0.002529306
2025-10-04 02:00:00,0.0036554832,0.0026933532
2025-10-04 03:00:00,0.0055791265,0.0028641669
2025-10-04 04:00:00,0.0044418974,0.0029741381
2025-10-04 05:00:00,0.0022313292,0.0037480548
2025-10-04 06:00:00,0.0014820783,0.0035896273
2025-10-04 07:00:00,0.002572756,0.0027677952
2025-10-04 08:00:00,0.0020072858,0.002334006
2025-10-04 09:00:00,0.0014477489,0.0022094247
2025-10-04 10:00:00,0.0016235579,0.0023188405
2025-10-04 11:00:00,0.0015262377,0.0019870433
2025-10-04 12:00:00,0.003980047,0.0020762088
2025-10-04 13:00:00,0.0017902895,0.0019209284
2025-10-04 14:00:00,0.0018987643,0.0024689108
2025-10-04 15:00:00,0.0025496993,0.0022917257
2025-10-04 16:00:00,0.0017784312,0.002142033
2025-10-04 17:00:00,0.0014101546,0.0022592111
2025-10-04 18:00:00,0.00175767,0.0020610765
2025-10-04 19:00:00,0.0012640785,0.0019019839
2025-10-04 20:00:00,0.0026748984,0.002120537
2025-10-04 21:00:00,0.001132092,0.0019058669
2025-10-04 22:00:00,0.0015171735,0.002401529
2025-10-04 23:00:00,0.0016613551,0.0019102804
2025-10-05 00:00:00,0.0017684519,0.0020213774
2025-10-05 01:00:00,0.00906325,0.0018412487
2025-10-05 02:00:00,0.006191523,0.0021651352
2025-10-05 03:00:00,0.00956472,0.0032000195
2025-10-05 04:00:00,0.0062097656,0.004349132
2025-10-05 05:00:00,0.0046057543,0.005298373
2025-10-05 06:00:00,0.0031665256,0.0046408023
2025-10-05 07:00:00,0.0029980035,0.0043310984
2025-10-05 08:00:00,0.005957516,0.0038767662
2025-10-05 09:00:00,0.0031350176,0.0037089735
2025-10-05 10:00:00,0.0046442444,0.003950673
2025-10-05 11:00:00,0.003960872,0.0033762006
2025-10-05 12:00:00,0.0024921338,0.004001755
2025-10-05 13:00:00,0.0026077465,0.003782222
2025-10-05 14:00:00,0.002062851,0.003402562
2025-10-05 15:00:00,0.0036482897,0.0029692012
2025-10-05 16:00:00,0.006322569,0.0026609923
2025-10-05 17:00:00,0.003936637,0.003078691
2025-10-05 18:00:00,0.0026791557,0.0038656038
2025-10-05 19:00:00,0.0031970332,0.0037273325
2025-10-05 20:00:00,0.0027382926,0.0032421618
2025-10-05 21:00:00,0.0040224968,0.00281208
2025-10-05 22:00:00,0.0049888873,0.0030217476
2025-10-05 23:00:00,0.008001166,0.0031215432
2025-10-06 00:00:00,0.0062515973,0.003613464
2025-10-06 01:00:00,0.0045823106,0.0049930094
2025-10-06 02:00:00,0.002913516,0.0047366885
2025-10-06 03:00:00,0.0020497534,0.004170658
2025-10-06 04:00:00,0.0026923285,0.0034979035
2025-10-06 05:00:00,0.0031887614,0.002807889
2025-10-06 06:00:00,0.0030320154,0.0030469145
2025-10-06 07:00:00,0.003333945,0.0030461708
2025-10-06 08:00:00,0.0022921048,0.0028563912
2025-10-06 09:00:00,0.0026885208,0.0031578871
2025-10-06 10:00:00,0.0037206502,0.0027907179
2025-10-06 11:00:00,0.0041178954,0.0027704942
2025-10-06 12:00:00,0.003687973,0.00321191
2025-10-06 13:00:00,0.0043342677,0.0035938493
2025-10-06 14:00:00,0.004053901,0.003053209
2025-10-06 15:00:00,0.0029484024,0.0037234598
2025-10-06 16:00:00,0.004859015,0.0040163524
2025-10-06 17:00:00,0.004745175,0.0038383207
2025-10-06 18:00:00,0.004146268,0.0041819233
2025-10-06 19:00:00,0.0024223712,0.0037496905
2025-10-06 20:00:00,0.0030639388,0.0036886975
2025-10-06 21:00:00,0.0032727472,0.0029724184
2025-10-06 22:00:00,0.0021655718,0.0036531554
2025-10-06 23:00:00,0.0021632363,0.003086474
2025-10-07 00:00:00,0.003316113,0.0026047502
2025-10-07 01:00:00,0.0031764386,0.002624316
2025-10-07 02:00:00,0.0038915942,0.0029916915
2025-10-07 03:00:00,0.003240672,0.002745511
2025-10-07 04:00:00,0.002398325,0.003614443
2025-10-07 05:00:00,0.002281323,0.002852142
2025-10-07 06:00:00,0.0023531306,0.0026295783
2025-10-07 07:00:00,0.003590004,0.0025086587
2025-10-07 08:00:00,0.0016667229,0.0027107638
2025-10-07 09:00:00,0.0019223853,0.002670862
2025-10-07 10:00:00,0.002170653,0.002679783
2025-10-07 11:00:00,0.0023226915,0.0024292201
2025-10-07 12:00:00,0.006952018,0.0026866677
2025-10-07 13:00:00,0.007041483,0.0026573064
2025-10-07 14:00:00,0.0077447086,0.004131902
2025-10-07 15:00:00,0.0067495364,0.004698537
2025-10-07 16:00:00,0.004240615,0.0053913444
2025-10-07 17:00:00,0.0040498395,0.004908023
2025-10-07 18:00:00,0.0055392473,0.0041119424
2025-10-07 19:00:00,0.0038228442,0.0042473557
2025-10-07 20:00:00,0.0038216906,0.004229181
2025-10-07 21:00:00,0.002773705,0.0034977633
2025-10-07 22:00:00,0.0022449982,0.003712861
2025-10-07 23:00:00,0.0050309706,0.0029756573
2025-10-08 00:00:00,0.003131541,0.0032594798
2025-10-08 01:00:00,0.0030478155,0.0037108453
2025-10-08 02:00:00,0.0027613174,0.0033589273
2025-10-08 03:00:00,0.002981064,0.0034993233
2025-10-08 04:00:00,0.0031439443,0.0030706932
2025-10-08 05:00:00,0.002737333,0.0030245427
2025-10-08 06:00:00,0.0015302486,0.002975057
2025-10-08 07:00:00,0.004431892,0.0030483431
2025-10-08 08:00:00,0.0023425242,0.002787792
2025-10-08 09:00:00,0.0037054664,0.0031494058
2025-10-08 10:00:00,0.0025842334,0.0025964023
2025-10-08 11:00:00,0.0033307623,0.0030679184
2025-10-08 12:00:00,0.005386524,0.0025719549
2025-10-08 13:00:00,0.0066928384,0.0028554366
2025-10-08 14:00:00,0.0033689542,0.0038663172
2025-10-08 15:00:00,0.0038974292,0.0040370775
2025-10-08 16:00:00,0.0044861166,0.0038683827
2025-10-08 17:00:00,0.0029552332,0.0038427527
2025-10-08 18:00:00,0.0034689337,0.0036380333
2025-10-08 19:00:00,0.001686151,0.002985454
2025-10-08 20:00:00,0.0019285432,0.0035139993
2025-10-08 21:00:00,0.0015968299,0.002423559
2025-10-08 22:00:00,0.001722295,0.0023351838
2025-10-08 23:00:00,0.002565846,0.0021943946
2025-10-09 00:00:00,0.0021922225,0.0021048174
2025-10-09 01:00:00,0.0031286902,0.0023204
2025-10-09 02:00:00,0.0022122595,0.0027270904
2025-10-09 03:00:00,0.0018836224,0.0027139313
2025-10-09 04:00:00,0.0019584603,0.002500565
2025-10-09 05:00:00,0.00197675,0.0023687305
2025-10-09 06:00:00,0.0017889761,0.00220323
2025-10-09 07:00:00,0.003366995,0.0023508396
2025-10-09 08:00:00,0.003269082,0.0023862526
2025-10-09 09:00:00,0.0032332907,0.0025591354
2025-10-09 10:00:00,0.004359339,0.0025495414
2025-10-09 11:00:00,0.004464159,0.0029012414
2025-10-09 12:00:00,0.004157089,0.00321516
2025-10-09 13:00:00,0.007860948,0.0031505069
2025-10-09 14:00:00,0.0038556245,0.0041670715
2025-10-09 15:00:00,0.0043210443,0.0044661495
2025-10-09 16:00:00,0.006890185,0.003688775
2025-10-09 17:00:00,0.002522203,0.004421003
2025-10-09 18:00:00,0.0021091034,0.0046236175
2025-10-09 19:00:00,0.0011875582,0.0035005566
2025-10-09 20:00:00,0.0023830596,0.0030678948
2025-10-09 21:00:00,0.0011839452,0.0021802236
2025-10-09 22:00:00,0.0013549825,0.0024975012
2025-10-09 23:00:00,0.0013528102,0.0020598934
2025-10-10 00:00:00,0.001828187,0.002088371
2025-10-10 01:00:00,0.0032260604,0.0019998671
2025-10-10 02:00:00,0.0025891364,0.002201845
2025-10-10 03:00:00,0.003676909,0.0025095465
2025-10-10 04:00:00,0.0031866974,0.0025980643
2025-10-10 05:00:00,0.003018015,0.0029208467
2025-10-10 06:00:00,0.0022108115,0.002743153
2025-10-10 07:00:00,0.001780477,0.0026809308
2025-10-10 08:00:00,0.0031586539,0.002368839
2025-10-10 09:00:00,0.0017921515,0.0020887186
2025-10-10 10:00:00,0.002549477,0.002525045
2025-10-10 11:00:00,0.0012549103,0.0021112124
2025-10-10 12:00:00,0.0074212304,0.002390422
2025-10-10 13:00:00,0.0048581,0.0019673025
2025-10-10 14:00:00,0.012780537,0.0035994402
2025-10-10 15:00:00,0.0076943315,0.004574608
2025-10-10 16:00:00,0.0060159136,0.006417758
2025-10-10 17:00:00,0.0037129938,0.005756592
2025-10-10 18:00:00,0.007878127,0.0052417465
2025-10-10 19:00:00,0.0142878415,0.0043977136
2025-10-10 20:00:00,0.15773074,0.006166861
2025-10-10 21:00:00,0.04356652,0.009986118
2025-10-10 22:00:00,0.016922066,0.02082275
2025-10-10 23:00:00,0.008537593,0.017421516
2025-10-11 00:00:00,0.009244519,0.016200224
2025-10-11 01:00:00,0.010194251,0.011231652
2025-10-11 02:00:00,0.0071243537,0.011031442
2025-10-11 03:00:00,0.007890702,0.00958523
2025-10-11 04:00:00,0.0059510963,0.009518544
2025-10-11 05:00:00,0.0045488407,0.008725387
2025-10-11 06:00:00,0.008232544,0.0071296277
2025-10-11 07:00:00,0.0058934903,0.0069364156
2025-10-11 08:00:00,0.0037470614,0.009580938
2025-10-11 09:00:00,0.004247755,0.007142126
2025-10-11 10:00:00,0.0049725166,0.0061403615
2025-10-11 11:00:00,0.003851648,0.005015521
2025-10-11 12:00:00,0.004632584,0.005093853
2025-10-11 13:00:00,0.0030235117,0.0044985474
2025-10-11 14:00:00,0.0026355132,0.0050960663
2025-10-11 15:00:00,0.0037248575,0.0035529518
2025-10-11 16:00:00,0.003348665,0.0036470636
2025-10-11 17:00:00,0.0018226242,0.0033673658
2025-10-11 18:00:00,0.006001379,0.0033416976
2025-10-11 19:00:00,0.00403696,0.00295065
2025-10-11 20:00:00,0.009022059,0.0042865914
2025-10-11 21:00:00,0.0037032107,0.0036881296
2025-10-11 22:00:00,0.0029037022,0.0057080607
2025-10-11 23:00:00,0.005292313,0.0040695323
2025-10-12 00:00:00,0.005279997,0.004097961
2025-10-12 01:00:00,0.007477414,0.004404177
2025-10-12 02:00:00,0.009036741,0.004200239
2025-10-12 03:00:00,0.005453583,0.0059099197
2025-10-12 04:00:00,0.005774126,0.0067270193
2025-10-12 05:00:00,0.005382095,0.0054669604
2025-10-12 06:00:00,0.004093459,0.005447358
2025-10-12 07:00:00,0.0032591082,0.0049678003
2025-10-12 08:00:00,0.003315751,0.004360385
2025-10-12 09:00:00,0.0051488546,0.0038250599
2025-10-12 10:00:00,0.0036406156,0.0034770535
2025-10-12 11:00:00,0.006731197,0.0041965377
2025-10-12 12:00:00,0.0070093437,0.0036936204
2025-10-12 13:00:00,0.009064846,0.005091927
2025-10-12 14:00:00,0.009817268,0.0066324314
2025-10-12 15:00:00,0.008249126,0.007080246
2025-10-12 16:00:00,0.004581026,0.008214968
2025-10-12 17:00:00,0.0030954927,0.006768926
2025-10-12 18:00:00,0.0037666503,0.005089667
2025-10-12 19:00:00,0.0068410523,0.004174673
2025-10-12 20:00:00,0.008243948,0.004117136
2025-10-12 21:00:00,0.0065770093,0.004885335
2025-10-12 22:00:00,0.0063619204,0.0069331815
2025-10-12 23:00:00,0.00072737876,0.0060787727
