timestamp,predicted_variance,pred_vol_future
2025-08-23 04:00:00+00:00,2.4092958895920067e-05,0.0049084578938725825
2025-08-23 05:00:00+00:00,2.1927510500782145e-05,0.0046826819773268975
2025-08-23 06:00:00+00:00,1.9119729582299798e-05,0.004372611300161472
2025-08-23 07:00:00+00:00,1.8731156044482837e-05,0.00432795055938522
2025-08-23 08:00:00+00:00,1.563101282021603e-05,0.003953607570335735
2025-08-23 09:00:00+00:00,1.3216341180767288e-05,0.0036354286103246875
2025-08-23 10:00:00+00:00,1.0684076560926764e-05,0.0032686505718609268
2025-08-23 11:00:00+00:00,9.619127311307122e-06,0.00310147179759983
2025-08-23 12:00:00+00:00,9.264837778212272e-06,0.0030438196034279484
2025-08-23 13:00:00+00:00,8.772574268053695e-06,0.002961853181380484
2025-08-23 14:00:00+00:00,9.94670118751274e-06,0.0031538391188379823
2025-08-23 15:00:00+00:00,9.70890771204365e-06,0.0031159120193040833
2025-08-23 16:00:00+00:00,8.891797765743224e-06,0.0029819117635743724
2025-08-23 17:00:00+00:00,7.866931617730387e-06,0.0028048050944282006
2025-08-23 18:00:00+00:00,7.151112961301849e-06,0.0026741564952900286
2025-08-23 19:00:00+00:00,6.26524025001302e-06,0.002503046194142853
2025-08-23 20:00:00+00:00,5.5081717826992955e-06,0.0023469494631753996
2025-08-23 21:00:00+00:00,5.123423017531599e-06,0.0022634979605759753
2025-08-23 22:00:00+00:00,4.749537941713833e-06,0.002179343465751517
2025-08-23 23:00:00+00:00,4.785640759318345e-06,0.002187610742183889
2025-08-24 00:00:00+00:00,4.670924826194821e-06,0.0021612322471670693
2025-08-24 01:00:00+00:00,4.063472439417062e-06,0.002015805655170424
2025-08-24 02:00:00+00:00,3.900623913497397e-06,0.0019749997249360308
2025-08-24 03:00:00+00:00,5.291436059531266e-06,0.0023003121656704046
2025-08-24 04:00:00+00:00,4.94594550652032e-06,0.002223948179819017
2025-08-24 05:00:00+00:00,4.191687108635785e-06,0.002047361010822416
2025-08-24 06:00:00+00:00,3.95428506111752e-06,0.001988538423344523
2025-08-24 07:00:00+00:00,4.00875381938055e-06,0.0020021872588198513
2025-08-24 08:00:00+00:00,3.6458774195757804e-06,0.0019094180840182123
2025-08-24 09:00:00+00:00,3.9817922814023356e-06,0.001995442878511519
2025-08-24 10:00:00+00:00,3.965429569102826e-06,0.0019913386374755112
2025-08-24 11:00:00+00:00,3.6081096828724007e-06,0.0018995024829866374
2025-08-24 12:00:00+00:00,3.960609086699279e-06,0.0019901279071203636
2025-08-24 13:00:00+00:00,3.8047852178880544e-06,0.001950585865294849
2025-08-24 14:00:00+00:00,3.7835901223781033e-06,0.0019451452702505547
2025-08-24 15:00:00+00:00,4.152075810835004e-06,0.0020376643027827236
2025-08-24 16:00:00+00:00,3.644382799498674e-06,0.001909026662856932
2025-08-24 17:00:00+00:00,4.24411065400307e-06,0.002060123941417863
2025-08-24 18:00:00+00:00,3.6648835733666326e-06,0.0019143885638413724
2025-08-24 19:00:00+00:00,4.354780041000579e-06,0.0020868109739505827
2025-08-24 20:00:00+00:00,5.696114545834996e-05,0.007547260791727683
2025-08-24 21:00:00+00:00,4.349986465188351e-05,0.0065954427184142465
2025-08-24 22:00:00+00:00,3.828461832355375e-05,0.006187456531043572
2025-08-24 23:00:00+00:00,3.195855060695954e-05,0.005653189418988147
2025-08-25 00:00:00+00:00,2.6097166216312755e-05,0.005108538559736312
2025-08-25 01:00:00+00:00,3.556414968212438e-05,0.0059635685358788645
2025-08-25 02:00:00+00:00,3.1794042777940343e-05,0.005638620644975182
2025-08-25 03:00:00+00:00,2.9697367003127155e-05,0.0054495290625087185
2025-08-25 04:00:00+00:00,2.5107783395077048e-05,0.005010766747223128
2025-08-25 05:00:00+00:00,2.81353095344219e-05,0.0053042727620685095
2025-08-25 06:00:00+00:00,2.5572105043018e-05,0.005056886892448554
2025-08-25 07:00:00+00:00,2.5990574081507955e-05,0.005098095142453498
2025-08-25 08:00:00+00:00,2.844151585179271e-05,0.005333058770704923
2025-08-25 09:00:00+00:00,2.581297888440253e-05,0.0050806474867286875
2025-08-25 10:00:00+00:00,2.0746776561715845e-05,0.004554862957512097
2025-08-25 11:00:00+00:00,2.2343752008914046e-05,0.004726917812794511
2025-08-25 12:00:00+00:00,1.8161496692204433e-05,0.004261630755028459
2025-08-25 13:00:00+00:00,1.7708906607819797e-05,0.004208195172258506
2025-08-25 14:00:00+00:00,1.6971837099893032e-05,0.004119688956692366
2025-08-25 15:00:00+00:00,2.4551224763757298e-05,0.004954919248964336
2025-08-25 16:00:00+00:00,1.9543509173349038e-05,0.00442080413198199
2025-08-25 17:00:00+00:00,1.835164466857195e-05,0.004283881962492892
2025-08-25 18:00:00+00:00,1.5032954399727349e-05,0.0038772354067979093
2025-08-25 19:00:00+00:00,1.3033560186564687e-05,0.003610202236241716
2025-08-25 20:00:00+00:00,3.0175052439187783e-05,0.005493182359906485
2025-08-25 21:00:00+00:00,5.571973374871829e-05,0.007464565208283621
2025-08-25 22:00:00+00:00,4.9234605777963135e-05,0.007016737545181745
2025-08-25 23:00:00+00:00,4.0243449071968624e-05,0.00634377246376071
2025-08-26 00:00:00+00:00,3.4780058955824844e-05,0.00589746207752325
2025-08-26 01:00:00+00:00,4.923647616932366e-05,0.007016870824614321
2025-08-26 02:00:00+00:00,4.9771196245196344e-05,0.0070548703918070915
2025-08-26 03:00:00+00:00,3.9386541024819324e-05,0.006275869742499387
2025-08-26 04:00:00+00:00,3.345772749993047e-05,0.005784265510843228
2025-08-26 05:00:00+00:00,2.8212522504692423e-05,0.0053115461501047345
2025-08-26 06:00:00+00:00,2.39345813209003e-05,0.0048922981635321754
2025-08-26 07:00:00+00:00,2.300098247870591e-05,0.004795933952704719
2025-08-26 08:00:00+00:00,2.224935287409309e-05,0.004716921970320592
2025-08-26 09:00:00+00:00,1.925218975591513e-05,0.004387731732446177
2025-08-26 10:00:00+00:00,1.6445995644757378e-05,0.004055366277509021
2025-08-26 11:00:00+00:00,1.4104027566243546e-05,0.003755532927061557
2025-08-26 12:00:00+00:00,1.6678491810314894e-05,0.004083930926241884
2025-08-26 13:00:00+00:00,1.9079005016417506e-05,0.004367952039161775
2025-08-26 14:00:00+00:00,2.0377314858905175e-05,0.004514123930388396
2025-08-26 15:00:00+00:00,2.2953948591779018e-05,0.004791027926424455
2025-08-26 16:00:00+00:00,2.7262014805101732e-05,0.00522130393724611
2025-08-26 17:00:00+00:00,2.1847641550100526e-05,0.004674146077103338
2025-08-26 18:00:00+00:00,1.9275742184874882e-05,0.004390414807837055
2025-08-26 19:00:00+00:00,2.6800617768936803e-05,0.005176931308114567
2025-08-26 20:00:00+00:00,2.531825308544642e-05,0.005031724663119637
2025-08-26 21:00:00+00:00,2.1525240349530187e-05,0.004639530186293671
2025-08-26 22:00:00+00:00,1.7557851473161294e-05,0.004190209001131244
2025-08-26 23:00:00+00:00,1.817965245414534e-05,0.004263760365469118
2025-08-27 00:00:00+00:00,1.4701635238828298e-05,0.003834271148318582
2025-08-27 01:00:00+00:00,1.6634567808409686e-05,0.0040785497187615215
2025-08-27 02:00:00+00:00,1.5202951060548454e-05,0.0038990961850855197
2025-08-27 03:00:00+00:00,1.3111032335336156e-05,0.0036209159525368933
2025-08-27 04:00:00+00:00,1.257951811701685e-05,0.0035467616380321994
2025-08-27 05:00:00+00:00,1.0855050599082631e-05,0.0032947003807755615
2025-08-27 06:00:00+00:00,1.0953520024215504e-05,0.003309610252615178
2025-08-27 07:00:00+00:00,1.296457126772317e-05,0.003600634842319222
2025-08-27 08:00:00+00:00,1.290754605231993e-05,0.003592707342982438
2025-08-27 09:00:00+00:00,1.311490196230579e-05,0.003621450256776391
2025-08-27 10:00:00+00:00,1.2704573836029937e-05,0.003564347603142816
2025-08-27 11:00:00+00:00,1.2501595179979297e-05,0.0035357594912520983
2025-08-27 12:00:00+00:00,1.3513358494282277e-05,0.0036760520255135504
2025-08-27 13:00:00+00:00,1.2382605952802012e-05,0.0035188927168644983
2025-08-27 14:00:00+00:00,1.433568342936721e-05,0.0037862492561065247
2025-08-27 15:00:00+00:00,1.453629605416831e-05,0.003812649479583497
2025-08-27 16:00:00+00:00,1.2275741715775079e-05,0.003503675458111821
2025-08-27 17:00:00+00:00,1.0631349660487537e-05,0.0032605750505834913
2025-08-27 18:00:00+00:00,1.1342082341207914e-05,0.0033678008167360362
2025-08-27 19:00:00+00:00,1.1740607612687298e-05,0.0034264570058133367
2025-08-27 20:00:00+00:00,9.758695063016198e-06,0.003123891013306354
2025-08-27 21:00:00+00:00,9.110577024552732e-06,0.003018373241425376
2025-08-27 22:00:00+00:00,1.8248479493567785e-05,0.004271823907134725
2025-08-27 23:00:00+00:00,1.595891295470378e-05,0.003994860817938941
2025-08-28 00:00:00+00:00,1.53668650019443e-05,0.003920059311023788
2025-08-28 01:00:00+00:00,1.258242288021153e-05,0.0035471711095197435
2025-08-28 02:00:00+00:00,1.3589811897480097e-05,0.0036864362055351097
2025-08-28 03:00:00+00:00,1.1437388775721747e-05,0.0033819208707067273
2025-08-28 04:00:00+00:00,1.222459255169446e-05,0.0034963684805372646
2025-08-28 05:00:00+00:00,2.2636793606417142e-05,0.004757813952480397
2025-08-28 06:00:00+00:00,2.0490977785357193e-05,0.004526696122489027
2025-08-28 07:00:00+00:00,1.9183342369808938e-05,0.0043798792642958705
2025-08-28 08:00:00+00:00,1.6175092133551002e-05,0.00402182696464567
2025-08-28 09:00:00+00:00,1.3520782448855637e-05,0.0036770616596483174
2025-08-28 10:00:00+00:00,1.2336284669230007e-05,0.0035123047517591644
2025-08-28 11:00:00+00:00,1.0049786806502156e-05,0.00317013987175679
2025-08-28 12:00:00+00:00,8.354777314351217e-06,0.00289046316606028
2025-08-28 13:00:00+00:00,8.579340514099314e-06,0.0029290511286249876
2025-08-28 14:00:00+00:00,1.160373419288466e-05,0.003406425427465668
2025-08-28 15:00:00+00:00,1.355957721871754e-05,0.003682333121638717
2025-08-28 16:00:00+00:00,1.9409414485189494e-05,0.004405611703860146
2025-08-28 17:00:00+00:00,1.848010334871636e-05,0.004298849072567721
2025-08-28 18:00:00+00:00,1.8055505272158066e-05,0.004249177011158522
2025-08-28 19:00:00+00:00,1.5742158348570112e-05,0.003967638888378088
2025-08-28 20:00:00+00:00,1.5878800941341722e-05,0.003984821318621667
2025-08-28 21:00:00+00:00,1.3829922575280193e-05,0.0037188603866346198
2025-08-28 22:00:00+00:00,1.1639981906004879e-05,0.003411741770123419
2025-08-28 23:00:00+00:00,1.291986104311054e-05,0.0035944208216499274
2025-08-29 00:00:00+00:00,1.0908205770240946e-05,0.0033027572981133425
2025-08-29 01:00:00+00:00,1.1243864274583166e-05,0.003353187181560726
2025-08-29 02:00:00+00:00,1.675711288452709e-05,0.004093545270853504
2025-08-29 03:00:00+00:00,1.3907823452238369e-05,0.003729319435532222
2025-08-29 04:00:00+00:00,1.3561493256495213e-05,0.003682593278722918
2025-08-29 05:00:00+00:00,1.4665683578561775e-05,0.0038295800786198185
2025-08-29 06:00:00+00:00,1.4023218323536788e-05,0.0037447587804205476
2025-08-29 07:00:00+00:00,1.1367006299594721e-05,0.0033714991175432213
2025-08-29 08:00:00+00:00,2.9865469027094056e-05,0.005464930834612095
2025-08-29 09:00:00+00:00,2.702299279475535e-05,0.005198364434584724
2025-08-29 10:00:00+00:00,2.1751896814114655e-05,0.004663892881929714
2025-08-29 11:00:00+00:00,1.747571134269816e-05,0.004180396074859195
2025-08-29 12:00:00+00:00,1.5671957486580456e-05,0.003958782323717794
2025-08-29 13:00:00+00:00,2.090736050216541e-05,0.004572456725018336
2025-08-29 14:00:00+00:00,4.109042767268613e-05,0.00641018156316076
2025-08-29 15:00:00+00:00,5.7046903126924234e-05,0.007552940031995768
2025-08-29 16:00:00+00:00,4.803579202664481e-05,0.006930785815955129
2025-08-29 17:00:00+00:00,4.111109179704993e-05,0.006411793181088261
2025-08-29 18:00:00+00:00,3.5342900034427685e-05,0.005944989489850061
2025-08-29 19:00:00+00:00,3.262741230909485e-05,0.005712040993296078
2025-08-29 20:00:00+00:00,2.8816612370196343e-05,0.005368110689078266
2025-08-29 21:00:00+00:00,3.381973910667513e-05,0.0058154741085035475
2025-08-29 22:00:00+00:00,3.1836124042639534e-05,0.00564235093224797
2025-08-29 23:00:00+00:00,2.638949329850615e-05,0.005137070497716199
2025-08-30 00:00:00+00:00,2.1037393834380403e-05,0.0045866538821215195
2025-08-30 01:00:00+00:00,1.7444200097744344e-05,0.004176625443793631
2025-08-30 02:00:00+00:00,1.9383105946879393e-05,0.0044026248928201225
2025-08-30 03:00:00+00:00,1.6241320856202785e-05,0.00403005221507151
2025-08-30 04:00:00+00:00,1.771070026478794e-05,0.00420840828161764
2025-08-30 05:00:00+00:00,1.4951120240196536e-05,0.0038666678471516707
2025-08-30 06:00:00+00:00,1.2918405464879126e-05,0.003594218338509658
2025-08-30 07:00:00+00:00,1.4096872773347272e-05,0.003754580239300696
2025-08-30 08:00:00+00:00,1.3718736654078415e-05,0.0037038812958946747
2025-08-30 09:00:00+00:00,1.3471153930977145e-05,0.0036703070622193376
2025-08-30 10:00:00+00:00,1.1296689693812993e-05,0.0033610548483791504
2025-08-30 11:00:00+00:00,9.832578255830206e-06,0.0031356942223103013
2025-08-30 12:00:00+00:00,8.182341024736857e-06,0.0028604791599899583
2025-08-30 13:00:00+00:00,7.409070348131118e-06,0.0027219607543333755
2025-08-30 14:00:00+00:00,6.434005938155867e-06,0.002536534237528811
2025-08-30 15:00:00+00:00,5.841278215360491e-06,0.0024168736448893003
2025-08-30 16:00:00+00:00,6.8830262395883576e-06,0.002623552217812399
2025-08-30 17:00:00+00:00,5.842315321985609e-06,0.0024170881907753404
2025-08-30 18:00:00+00:00,6.645061171550705e-06,0.002577801616019104
2025-08-30 19:00:00+00:00,6.166751672262564e-06,0.0024832945198390312
2025-08-30 20:00:00+00:00,5.583240361053722e-06,0.002362888139767459
2025-08-30 21:00:00+00:00,5.6708801956867324e-06,0.0023813609965074034
2025-08-30 22:00:00+00:00,6.059875647859365e-06,0.00246168146758661
2025-08-30 23:00:00+00:00,5.904263384480531e-06,0.0024298690056216055
2025-08-31 00:00:00+00:00,5.442324402549525e-06,0.0023328789944078807
2025-08-31 01:00:00+00:00,9.805816161089611e-06,0.0031314239829651957
2025-08-31 02:00:00+00:00,9.172854500398828e-06,0.003028672068811483
2025-08-31 03:00:00+00:00,8.856490204292482e-06,0.002975985585363693
2025-08-31 04:00:00+00:00,8.241155839564751e-06,0.0028707413397178003
2025-08-31 05:00:00+00:00,1.7720921712998822e-05,0.004209622514311565
2025-08-31 06:00:00+00:00,1.6279218889525725e-05,0.004034751403683469
2025-08-31 07:00:00+00:00,1.3146638386801291e-05,0.0036258293377931195
2025-08-31 08:00:00+00:00,1.0750418782068451e-05,0.0032787831251957565
2025-08-31 09:00:00+00:00,1.085021589635813e-05,0.0032939665900488624
2025-08-31 10:00:00+00:00,1.1886016052010875e-05,0.0034476101943245957
2025-08-31 11:00:00+00:00,1.1046403948556722e-05,0.003323613086470313
2025-08-31 12:00:00+00:00,1.2223457089813036e-05,0.003496206099447376
2025-08-31 13:00:00+00:00,1.1362313132653134e-05,0.0033708030397300187
2025-08-31 14:00:00+00:00,9.649520120981058e-06,0.003106367673180536
2025-08-31 15:00:00+00:00,8.422775215623433e-06,0.0029022017875439733
2025-08-31 16:00:00+00:00,9.608978265352595e-06,0.0030998351997086225
2025-08-31 17:00:00+00:00,8.893506455974109e-06,0.002982198258998571
2025-08-31 18:00:00+00:00,7.446845792561164e-06,0.0027288909455236874
2025-08-31 19:00:00+00:00,6.844375858801659e-06,0.002616175808083558
2025-08-31 20:00:00+00:00,5.80835644019865e-06,0.002410053202773468
2025-08-31 21:00:00+00:00,5.334342610200392e-06,0.002309619581273157
2025-08-31 22:00:00+00:00,4.785769958554573e-06,0.002187640271743637
2025-08-31 23:00:00+00:00,5.627025995054721e-06,0.0023721353239338438
2025-09-01 00:00:00+00:00,1.088138039217492e-05,0.0032986937402818893
2025-09-01 01:00:00+00:00,9.233452895548127e-06,0.003038659720262887
2025-09-01 02:00:00+00:00,1.220910136037448e-05,0.003494152452365878
2025-09-01 03:00:00+00:00,1.5454787404815952e-05,0.003931257738283761
2025-09-01 04:00:00+00:00,1.2910398896452602e-05,0.0035931043536825647
2025-09-01 05:00:00+00:00,1.1751727460893468e-05,0.00342807926700849
2025-09-01 06:00:00+00:00,1.6000574595223374e-05,0.00400007182375809
2025-09-01 07:00:00+00:00,1.4325755076420191e-05,0.00378493792239981
2025-09-01 08:00:00+00:00,2.5460787582213578e-05,0.005045868367507577
2025-09-01 09:00:00+00:00,2.5786865654009273e-05,0.005078076964167565
2025-09-01 10:00:00+00:00,2.161234767228638e-05,0.004648908223689341
2025-09-01 11:00:00+00:00,3.92684365064454e-05,0.006266453263724657
2025-09-01 12:00:00+00:00,3.539418430442821e-05,0.005949301161012797
2025-09-01 13:00:00+00:00,3.0083761102181716e-05,0.005484866552814363
2025-09-01 14:00:00+00:00,2.540178416347334e-05,0.005040018270152732
2025-09-01 15:00:00+00:00,2.0434903753369045e-05,0.004520498175352917
2025-09-01 16:00:00+00:00,2.185856815610611e-05,0.004675314765457628
2025-09-01 17:00:00+00:00,1.8835627860864372e-05,0.004340003209775814
2025-09-01 18:00:00+00:00,1.633944138599015e-05,0.0040422074892303775
2025-09-01 19:00:00+00:00,1.576913903218036e-05,0.003971037525909363
2025-09-01 20:00:00+00:00,1.2678145827064738e-05,0.003560638401616308
2025-09-01 21:00:00+00:00,1.4634470425447827e-05,0.0038255026369678306
2025-09-01 22:00:00+00:00,3.287354456884355e-05,0.005733545549556884
2025-09-01 23:00:00+00:00,3.676773355911652e-05,0.006063640289390238
2025-09-02 00:00:00+00:00,4.1165092879924024e-05,0.006416002874058273
2025-09-02 01:00:00+00:00,3.4471649245306574e-05,0.0058712561897183956
2025-09-02 02:00:00+00:00,3.387049603895373e-05,0.005819836427164747
2025-09-02 03:00:00+00:00,3.0148940535420742e-05,0.0054908050899135676
2025-09-02 04:00:00+00:00,3.2542935532254056e-05,0.0057046415778954996
2025-09-02 05:00:00+00:00,2.872916301243244e-05,0.00535995923607936
2025-09-02 06:00:00+00:00,2.285144735054008e-05,0.004780318749888973
2025-09-02 07:00:00+00:00,1.951351435787541e-05,0.00441741036783718
2025-09-02 08:00:00+00:00,1.9386371678169592e-05,0.004402995761770569
2025-09-02 09:00:00+00:00,2.085053824093746e-05,0.004566238960122156
2025-09-02 10:00:00+00:00,1.8952642546241756e-05,0.004353463281829968
2025-09-02 11:00:00+00:00,1.7143872581428156e-05,0.004140515980095736
2025-09-02 12:00:00+00:00,1.9422606452766252e-05,0.004407108627293665
2025-09-02 13:00:00+00:00,3.349062257064242e-05,0.005787108308183148
2025-09-02 14:00:00+00:00,8.003851384788837e-05,0.008946424640485626
2025-09-02 15:00:00+00:00,6.417877775834425e-05,0.008011165817678738
2025-09-02 16:00:00+00:00,6.11314867783101e-05,0.007818662723145827
2025-09-02 17:00:00+00:00,4.771459509427879e-05,0.0069075751964259345
2025-09-02 18:00:00+00:00,4.076632090667897e-05,0.006384850891499266
2025-09-02 19:00:00+00:00,3.3741753842051656e-05,0.005808765259678829
2025-09-02 20:00:00+00:00,2.711813161523613e-05,0.005207507236215436
2025-09-02 21:00:00+00:00,3.0256109051779627e-05,0.0055005553403069795
2025-09-02 22:00:00+00:00,2.454228194065128e-05,0.00495401674811978
2025-09-02 23:00:00+00:00,2.0044996498903823e-05,0.004477163890109879
2025-09-03 00:00:00+00:00,1.6816589168341873e-05,0.004100803478385897
2025-09-03 01:00:00+00:00,1.5527915739253055e-05,0.003940547644586099
2025-09-03 02:00:00+00:00,1.5223479466530775e-05,0.0039017277540252314
2025-09-03 03:00:00+00:00,1.5627261753565794e-05,0.003953133156569077
2025-09-03 04:00:00+00:00,1.6623358660892672e-05,0.004077175328691749
2025-09-03 05:00:00+00:00,1.3782023663918916e-05,0.003712414802243806
2025-09-03 06:00:00+00:00,1.3706943116322862e-05,0.0037022889023309432
2025-09-03 07:00:00+00:00,1.1709621988460866e-05,0.0034219324932647146
2025-09-03 08:00:00+00:00,1.2149390638934328e-05,0.003485597601407014
2025-09-03 09:00:00+00:00,1.043435162423306e-05,0.0032302247018176707
2025-09-03 10:00:00+00:00,1.052738107340608e-05,0.003244592589741597
2025-09-03 11:00:00+00:00,9.921590861959326e-06,0.003149855689068838
2025-09-03 12:00:00+00:00,8.812522837899976e-06,0.002968589368353255
2025-09-03 13:00:00+00:00,1.0408196614350405e-05,0.003226173680127963
2025-09-03 14:00:00+00:00,1.2451030100483988e-05,0.0035286017202971476
2025-09-03 15:00:00+00:00,1.6382750788496985e-05,0.004047561091385402
2025-09-03 16:00:00+00:00,1.320312318458704e-05,0.003633610213628732
2025-09-03 17:00:00+00:00,1.5259151446733017e-05,0.003906296384906426
2025-09-03 18:00:00+00:00,1.9952857773090734e-05,0.004466862184250901
2025-09-03 19:00:00+00:00,2.421033339668682e-05,0.004920399719198312
2025-09-03 20:00:00+00:00,2.1270291506448393e-05,0.004611972626376743
2025-09-03 21:00:00+00:00,1.7488289662329488e-05,0.004181900245382413
2025-09-03 22:00:00+00:00,1.5977412062441446e-05,0.0039971755105876255
2025-09-03 23:00:00+00:00,1.3289649592186781e-05,0.0036454971666683243
2025-09-04 00:00:00+00:00,1.3004543155958976e-05,0.00360618124280505
2025-09-04 01:00:00+00:00,1.4573432596784428e-05,0.003817516548331445
2025-09-04 02:00:00+00:00,1.515909061352215e-05,0.0038934676849207506
2025-09-04 03:00:00+00:00,1.4975486387410594e-05,0.003869817358404734
2025-09-04 04:00:00+00:00,1.608113356074841e-05,0.004010128870840488
2025-09-04 05:00:00+00:00,1.4068361681919636e-05,0.0037507814761619527
2025-09-04 06:00:00+00:00,1.608285465694486e-05,0.004010343458725806
2025-09-04 07:00:00+00:00,1.5464064231540357e-05,0.003932437441529154
2025-09-04 08:00:00+00:00,1.2434688993352185e-05,0.003526285438439745
2025-09-04 09:00:00+00:00,1.1949619632395293e-05,0.0034568221869797256
2025-09-04 10:00:00+00:00,1.052582013709033e-05,0.0032443520365537295
2025-09-04 11:00:00+00:00,8.927225815073916e-06,0.0029878463506468863
2025-09-04 12:00:00+00:00,7.849654183076828e-06,0.0028017234308683695
2025-09-04 13:00:00+00:00,7.804784698648345e-06,0.0027937044758972527
2025-09-04 14:00:00+00:00,9.09233031072666e-06,0.003015349119211018
2025-09-04 15:00:00+00:00,1.1320468977998109e-05,0.0033645904621510936
2025-09-04 16:00:00+00:00,1.4307822852784297e-05,0.003782568287920827
2025-09-04 17:00:00+00:00,1.2817094992902695e-05,0.003580097064732002
2025-09-04 18:00:00+00:00,1.375778515495697e-05,0.003709148845079821
2025-09-04 19:00:00+00:00,1.2835926724902067e-05,0.003582726158235104
2025-09-04 20:00:00+00:00,1.2025604289710062e-05,0.0034677953067777894
2025-09-04 21:00:00+00:00,1.4400907427343118e-05,0.003794852754369149
2025-09-04 22:00:00+00:00,1.3079786573353744e-05,0.003616598757583393
2025-09-04 23:00:00+00:00,1.328337161879892e-05,0.003644636006352201
2025-09-05 00:00:00+00:00,1.1821594272031706e-05,0.0034382545385750174
2025-09-05 01:00:00+00:00,1.0989823756088108e-05,0.0033150903088887502
2025-09-05 02:00:00+00:00,1.4027492547435716e-05,0.003745329431096244
2025-09-05 03:00:00+00:00,1.4128946627814195e-05,0.0037588491094767552
2025-09-05 04:00:00+00:00,1.2966408337340482e-05,0.003600889936854566
2025-09-05 05:00:00+00:00,1.2233555163212259e-05,0.003497649948638694
2025-09-05 06:00:00+00:00,1.0984396954482914e-05,0.0033142717080050805
2025-09-05 07:00:00+00:00,9.35781699046452e-06,0.003059054917856906
2025-09-05 08:00:00+00:00,2.4383817388668913e-05,0.004937997305453792
2025-09-05 09:00:00+00:00,2.284692096871688e-05,0.004779845287110963
2025-09-05 10:00:00+00:00,2.243792294957599e-05,0.004736868475013423
2025-09-05 11:00:00+00:00,1.8219764034568034e-05,0.004268461553600786
2025-09-05 12:00:00+00:00,1.483596333724821e-05,0.003851748088498028
2025-09-05 13:00:00+00:00,1.8923307173559055e-05,0.004350092777580618
2025-09-05 14:00:00+00:00,1.6017926971167302e-05,0.004002240244059232
2025-09-05 15:00:00+00:00,8.693419142106255e-05,0.009323850675609436
2025-09-05 16:00:00+00:00,6.655033527708115e-05,0.008157838885212257
2025-09-05 17:00:00+00:00,5.055897229252878e-05,0.00711048326715764
2025-09-05 18:00:00+00:00,4.217681405824765e-05,0.006494367872106387
2025-09-05 19:00:00+00:00,4.178723661435963e-05,0.006464304805186682
2025-09-05 20:00:00+00:00,3.434236191077092e-05,0.0058602356531773465
2025-09-05 21:00:00+00:00,2.8935036977006977e-05,0.005379129760194206
2025-09-05 22:00:00+00:00,3.599984288593859e-05,0.005999986907147264
2025-09-05 23:00:00+00:00,2.969289935141527e-05,0.005449119135366309
2025-09-06 00:00:00+00:00,2.670666052623497e-05,0.005167848732909562
2025-09-06 01:00:00+00:00,2.2506752617849245e-05,0.004744128225274823
2025-09-06 02:00:00+00:00,1.8723370335597285e-05,0.0043270509975729754
2025-09-06 03:00:00+00:00,1.7242996171708415e-05,0.004152468684012971
2025-09-06 04:00:00+00:00,1.464769941518931e-05,0.0038272312988881806
2025-09-06 05:00:00+00:00,1.3270329446588345e-05,0.003642846338591342
2025-09-06 06:00:00+00:00,1.2285825287061863e-05,0.0035051141617730317
2025-09-06 07:00:00+00:00,1.0323680907381134e-05,0.0032130485379746653
2025-09-06 08:00:00+00:00,8.752544287880356e-06,0.0029584699234368357
2025-09-06 09:00:00+00:00,7.667678849532598e-06,0.0027690573936869924
2025-09-06 10:00:00+00:00,7.3939385135266935e-06,0.0027191797501317735
2025-09-06 11:00:00+00:00,6.3513429033760944e-06,0.0025201870770591803
2025-09-06 12:00:00+00:00,5.439680267059227e-06,0.0023323122147472512
2025-09-06 13:00:00+00:00,5.141302087876809e-06,0.0022674439547377594
2025-09-06 14:00:00+00:00,4.456342949254335e-06,0.0021110051987748243
2025-09-06 15:00:00+00:00,4.042336078042452e-06,0.0020105561613748698
2025-09-06 16:00:00+00:00,6.101052194174338e-06,0.0024700308083451788
2025-09-06 17:00:00+00:00,6.7871900972393495e-06,0.0026052236175114316
2025-09-06 18:00:00+00:00,6.231397703729808e-06,0.0024962767682550364
2025-09-06 19:00:00+00:00,5.8545653212792665e-06,0.002419620904455751
2025-09-06 20:00:00+00:00,6.60480920124346e-06,0.0025699823348115567
2025-09-06 21:00:00+00:00,6.146335864407052e-06,0.002479180482418949
2025-09-06 22:00:00+00:00,5.604236707145605e-06,0.0023673269117605207
2025-09-06 23:00:00+00:00,4.972410102019359e-06,0.0022298901546980647
2025-09-07 00:00:00+00:00,4.455349443288577e-06,0.002110769869807833
2025-09-07 01:00:00+00:00,4.323558133078829e-06,0.0020793167466932085
2025-09-07 02:00:00+00:00,4.9808629205779655e-06,0.0022317846940459927
2025-09-07 03:00:00+00:00,4.226032345913452e-06,0.0020557315841114696
2025-09-07 04:00:00+00:00,4.095756446233275e-06,0.002023797530938625
2025-09-07 05:00:00+00:00,3.967838123611843e-06,0.0019919433033125824
2025-09-07 06:00:00+00:00,4.006492295792021e-06,0.0020016224158896753
2025-09-07 07:00:00+00:00,4.4039890999919705e-06,0.0020985683453230613
2025-09-07 08:00:00+00:00,5.002140515546289e-06,0.002236546560111434
2025-09-07 09:00:00+00:00,6.927346752056997e-06,0.002631985325197881
2025-09-07 10:00:00+00:00,6.443946034278145e-06,0.0025384928666982985
2025-09-07 11:00:00+00:00,5.4100148852431285e-06,0.002325943869753337
2025-09-07 12:00:00+00:00,5.267114719513526e-06,0.002295019546651733
2025-09-07 13:00:00+00:00,4.695120491347212e-06,0.0021668226718740075
2025-09-07 14:00:00+00:00,4.17131790195831e-06,0.002042380449857056
2025-09-07 15:00:00+00:00,3.825828733793299e-06,0.001955972580020819
2025-09-07 16:00:00+00:00,3.4198925539952443e-06,0.0018492951505898793
2025-09-07 17:00:00+00:00,3.134740505706124e-06,0.001770519840528799
2025-09-07 18:00:00+00:00,3.626647066968004e-06,0.0019043757683209488
2025-09-07 19:00:00+00:00,3.136644493903125e-06,0.0017710574507629967
2025-09-07 20:00:00+00:00,3.7714369997104502e-06,0.0019420187948911438
2025-09-07 21:00:00+00:00,3.491359597258458e-06,0.0018685180216573931
2025-09-07 22:00:00+00:00,3.145035567729077e-06,0.001773424813102906
2025-09-07 23:00:00+00:00,3.127808382541885e-06,0.001768561105119607
2025-09-08 00:00:00+00:00,3.1358989968067583e-06,0.0017708469715948803
2025-09-08 01:00:00+00:00,3.7256458505953765e-06,0.0019301932158712445
2025-09-08 02:00:00+00:00,3.5231108744166755e-06,0.0018769951716551313
2025-09-08 03:00:00+00:00,4.531650160919084e-06,0.0021287672866988267
2025-09-08 04:00:00+00:00,4.419272941756353e-06,0.0021022066838815713
2025-09-08 05:00:00+00:00,4.403722864772777e-06,0.002098504911781904
2025-09-08 06:00:00+00:00,3.9276631542045445e-06,0.0019818332811325336
2025-09-08 07:00:00+00:00,3.798425212184832e-06,0.001948954902552861
2025-09-08 08:00:00+00:00,4.159067382442215e-06,0.002039379165933156
2025-09-08 09:00:00+00:00,5.990742147986628e-06,0.0024475992621314927
2025-09-08 10:00:00+00:00,6.864450744636461e-06,0.0026200096840730304
2025-09-08 11:00:00+00:00,6.299589284883588e-06,0.002509898261859151
2025-09-08 12:00:00+00:00,5.6255115304871505e-06,0.0023718160827701524
2025-09-08 13:00:00+00:00,5.19326399890837e-06,0.0022788734056345405
2025-09-08 14:00:00+00:00,4.5255257495501685e-06,0.0021273283125907406
2025-09-08 15:00:00+00:00,6.977127273678209e-06,0.002641425235299725
2025-09-08 16:00:00+00:00,6.485382564847264e-06,0.0025466414284007993
2025-09-08 17:00:00+00:00,7.4041108333865975e-06,0.002721049583044491
2025-09-08 18:00:00+00:00,7.956983606729313e-06,0.002820812579156813
2025-09-08 19:00:00+00:00,8.826917030624136e-06,0.002971012795432584
2025-09-08 20:00:00+00:00,9.940238816343906e-06,0.003152814427831728
2025-09-08 21:00:00+00:00,9.056557339162595e-06,0.0030094114605953427
2025-09-08 22:00:00+00:00,9.64839981778705e-06,0.003106187344283511
2025-09-08 23:00:00+00:00,8.175680724227179e-06,0.002859314729830765
2025-09-09 00:00:00+00:00,8.588285561701128e-06,0.0029305776839560365
2025-09-09 01:00:00+00:00,1.0459706165114198e-05,0.0032341468991241257
2025-09-09 02:00:00+00:00,1.0430472648110842e-05,0.003229624227075163
2025-09-09 03:00:00+00:00,9.8606916028738e-06,0.003140173817302762
2025-09-09 04:00:00+00:00,1.1705527581462242e-05,0.0034213341814944417
2025-09-09 05:00:00+00:00,1.0913945715125125e-05,0.003303626146392041
2025-09-09 06:00:00+00:00,9.43625773780399e-06,0.0030718492374795982
2025-09-09 07:00:00+00:00,2.1536511298463592e-05,0.004640744692230288
2025-09-09 08:00:00+00:00,1.943071900858807e-05,0.004408028925561636
2025-09-09 09:00:00+00:00,1.540802251770751e-05,0.0039253054043867095
2025-09-09 10:00:00+00:00,1.2583368782747729e-05,0.003547304438971616
2025-09-09 11:00:00+00:00,1.206903788537848e-05,0.003474052084436628
2025-09-09 12:00:00+00:00,1.0686945056570365e-05,0.0032690893313842566
2025-09-09 13:00:00+00:00,9.406181345069132e-06,0.0030669498439115585
2025-09-09 14:00:00+00:00,8.471791915622512e-06,0.0029106342806375575
2025-09-09 15:00:00+00:00,2.257196429263463e-05,0.004750996136878521
2025-09-09 16:00:00+00:00,2.870061577246944e-05,0.005357295565158734
2025-09-09 17:00:00+00:00,2.2328211911297924e-05,0.004725273739297854
2025-09-09 18:00:00+00:00,1.7995492205254334e-05,0.004242109405149086
2025-09-09 19:00:00+00:00,1.5597832479905526e-05,0.003949409130478321
2025-09-09 20:00:00+00:00,1.412346217549754e-05,0.003758119499895864
2025-09-09 21:00:00+00:00,1.1485681118312636e-05,0.003389053130051613
2025-09-09 22:00:00+00:00,9.39794398131279e-06,0.003065606625337437
2025-09-09 23:00:00+00:00,9.285126031193704e-06,0.00304715047728098
2025-09-10 00:00:00+00:00,7.79821786686766e-06,0.0027925289375166124
2025-09-10 01:00:00+00:00,9.882099280481327e-06,0.0031435806464096524
2025-09-10 02:00:00+00:00,8.896882139115724e-06,0.002982764177590264
2025-09-10 03:00:00+00:00,1.0207415251167194e-05,0.0031949045762224566
2025-09-10 04:00:00+00:00,8.6780358276408e-06,0.002945850611901561
2025-09-10 05:00:00+00:00,7.624927961938066e-06,0.0027613272102266447
2025-09-10 06:00:00+00:00,6.820708058727102e-06,0.0026116485327714184
2025-09-10 07:00:00+00:00,8.965077640765231e-06,0.0029941739496504257
2025-09-10 08:00:00+00:00,1.2685064077449184e-05,0.0035616097592871096
2025-09-10 09:00:00+00:00,1.0831686156871684e-05,0.003291152709442648
2025-09-10 10:00:00+00:00,1.038460781144319e-05,0.003222515758137296
2025-09-10 11:00:00+00:00,9.107863835269693e-06,0.003017923762335572
2025-09-10 12:00:00+00:00,8.019400671244164e-06,0.0028318546345538578
2025-09-10 13:00:00+00:00,1.4118533709191453e-05,0.003757463733582994
2025-09-10 14:00:00+00:00,2.1312675019366868e-05,0.004616565283776118
2025-09-10 15:00:00+00:00,1.6987104555524695e-05,0.00412154152660442
2025-09-10 16:00:00+00:00,1.383884320229673e-05,0.0037200595697242174
2025-09-10 17:00:00+00:00,1.308340641277193e-05,0.003617099170989362
2025-09-10 18:00:00+00:00,1.1014291180873018e-05,0.0033187785676168603
2025-09-10 19:00:00+00:00,1.2283494564973473e-05,0.003504781671513002
2025-09-10 20:00:00+00:00,1.0212319473645632e-05,0.0031956719909348695
2025-09-10 21:00:00+00:00,9.709188741568445e-06,0.00311595711484745
2025-09-10 22:00:00+00:00,9.139168228662839e-06,0.00302310572568391
2025-09-10 23:00:00+00:00,7.927963882706205e-06,0.0028156640216308133
2025-09-11 00:00:00+00:00,7.329530682549361e-06,0.0027073105995709767
2025-09-11 01:00:00+00:00,6.518234850878017e-06,0.0025530834006898435
2025-09-11 02:00:00+00:00,5.600685141398815e-06,0.002366576671354388
2025-09-11 03:00:00+00:00,4.862468413495008e-06,0.0022051005449854224
2025-09-11 04:00:00+00:00,6.515157500827412e-06,0.002552480656308175
2025-09-11 05:00:00+00:00,6.231586031753656e-06,0.0024963144897535757
2025-09-11 06:00:00+00:00,6.149161940724979e-06,0.0024797503787125385
2025-09-11 07:00:00+00:00,5.8711575952074666e-06,0.0024230471714779857
2025-09-11 08:00:00+00:00,7.569383162170578e-06,0.002751251199394664
2025-09-11 09:00:00+00:00,6.579002567708281e-06,0.0025649566405123265
2025-09-11 10:00:00+00:00,6.860235612324424e-06,0.002619205148957298
2025-09-11 11:00:00+00:00,6.964616252868897e-06,0.0026390559397005773
2025-09-11 12:00:00+00:00,6.306730070363367e-06,0.0025113203838545506
2025-09-11 13:00:00+00:00,5.9906212574915444e-06,0.0024475745662781235
2025-09-11 14:00:00+00:00,5.1028480862539225e-06,0.0022589484470111137
2025-09-11 15:00:00+00:00,6.088064063681879e-06,0.002467400264181286
2025-09-11 16:00:00+00:00,7.478929518736053e-06,0.0027347631558758525
2025-09-11 17:00:00+00:00,8.832775444235876e-06,0.0029719985606046105
2025-09-11 18:00:00+00:00,8.052999796975429e-06,0.0028377807873363704
2025-09-11 19:00:00+00:00,9.283683357620406e-06,0.0030469137430554883
2025-09-11 20:00:00+00:00,8.771928669481705e-06,0.002961744193795559
2025-09-11 21:00:00+00:00,7.491235001249154e-06,0.0027370120571983516
2025-09-11 22:00:00+00:00,6.819373500013212e-06,0.0026113930190634293
2025-09-11 23:00:00+00:00,1.1596598172034334e-05,0.0034053778310246773
2025-09-12 00:00:00+00:00,1.1767180147118471e-05,0.0034303323668587087
2025-09-12 01:00:00+00:00,1.5831894531539968e-05,0.003978931330337327
2025-09-12 02:00:00+00:00,1.935219608621796e-05,0.004399113102230717
2025-09-12 03:00:00+00:00,1.8001432416703477e-05,0.004242809495688379
2025-09-12 04:00:00+00:00,1.4604878700663446e-05,0.003821632988744922
2025-09-12 05:00:00+00:00,1.2611105214698682e-05,0.0035512117952466145
2025-09-12 06:00:00+00:00,1.2105137654859283e-05,0.0034792438337747015
2025-09-12 07:00:00+00:00,1.2694838962192257e-05,0.003562981751594057
2025-09-12 08:00:00+00:00,1.1169037631117868e-05,0.0033420110160078567
2025-09-12 09:00:00+00:00,1.078636706882748e-05,0.003284260505627938
2025-09-12 10:00:00+00:00,9.420196890216319e-06,0.003069233925626445
2025-09-12 11:00:00+00:00,7.927069486352613e-06,0.002815505192030839
2025-09-12 12:00:00+00:00,7.091794814074282e-06,0.0026630423980992645
2025-09-12 13:00:00+00:00,7.208322999111931e-06,0.0026848320243754416
2025-09-12 14:00:00+00:00,6.979959795398502e-06,0.002641961353880579
2025-09-12 15:00:00+00:00,6.181374262942157e-06,0.00248623696838056
2025-09-12 16:00:00+00:00,5.8363994655206676e-06,0.0024158641239773126
2025-09-12 17:00:00+00:00,6.346865220105658e-06,0.002519298557159444
2025-09-12 18:00:00+00:00,8.102263181023852e-06,0.0028464474667599
2025-09-12 19:00:00+00:00,1.1476006532795868e-05,0.003387625500670915
2025-09-12 20:00:00+00:00,1.0874692491535968e-05,0.003297679864925637
2025-09-12 21:00:00+00:00,1.1168520225690014e-05,0.0033419336058171495
2025-09-12 22:00:00+00:00,1.3478451747252204e-05,0.00367130109732942
2025-09-12 23:00:00+00:00,1.1904766829269028e-05,0.0034503285103405774
2025-09-13 00:00:00+00:00,1.0632473210599345e-05,0.0032607473392765873
2025-09-13 01:00:00+00:00,9.659671562083402e-06,0.003108001216551146
2025-09-13 02:00:00+00:00,1.2736082786715918e-05,0.0035687648825211108
2025-09-13 03:00:00+00:00,1.0910999689672923e-05,0.0033031802387506683
2025-09-13 04:00:00+00:00,9.353102689149981e-06,0.003058284272128734
2025-09-13 05:00:00+00:00,9.65255357716035e-06,0.003106855899001489
2025-09-13 06:00:00+00:00,8.035972397923665e-06,0.002834779073918048
2025-09-13 07:00:00+00:00,6.812800594709291e-06,0.0026101342100951995
2025-09-13 08:00:00+00:00,6.22189868892507e-06,0.0024943734060731706
2025-09-13 09:00:00+00:00,6.3103962120691585e-06,0.0025120502009452674
2025-09-13 10:00:00+00:00,5.3836118970579555e-06,0.002320261170010384
2025-09-13 11:00:00+00:00,4.65568440536091e-06,0.0021577035026529735
2025-09-13 12:00:00+00:00,3.976248286872974e-06,0.0019940532307019727
2025-09-13 13:00:00+00:00,3.625321024557787e-06,0.0019040275797786615
2025-09-13 14:00:00+00:00,4.814922769850031e-06,0.0021942932278640496
2025-09-13 15:00:00+00:00,4.315905114860723e-06,0.002077475659270337
2025-09-13 16:00:00+00:00,4.029631999193123e-06,0.00200739433076641
2025-09-13 17:00:00+00:00,6.113269466561368e-06,0.002472502672710662
2025-09-13 18:00:00+00:00,6.364974270327594e-06,0.0025228900630680667
2025-09-13 19:00:00+00:00,5.595365156212669e-06,0.002365452421041833
2025-09-13 20:00:00+00:00,5.605237052578166e-06,0.0023675381839746885
2025-09-13 21:00:00+00:00,5.5027218398951164e-06,0.0023457881063504256
2025-09-13 22:00:00+00:00,4.943103624436617e-06,0.0022233091607863757
2025-09-13 23:00:00+00:00,4.190353038633705e-06,0.0020470351825588404
2025-09-14 00:00:00+00:00,3.84486622146337e-06,0.001960833042730403
2025-09-14 01:00:00+00:00,3.3513968554501103e-06,0.001830682073832076
2025-09-14 02:00:00+00:00,3.062903185493892e-06,0.0017501151920641944
2025-09-14 03:00:00+00:00,3.1454956448080674e-06,0.0017735545226488154
2025-09-14 04:00:00+00:00,3.292566679809406e-06,0.0018145431049741987
2025-09-14 05:00:00+00:00,2.8912441397094685e-06,0.0017003658840700929
2025-09-14 06:00:00+00:00,2.982176411485931e-06,0.001726897915768599
2025-09-14 07:00:00+00:00,3.2176528615546644e-06,0.0017937817207103724
2025-09-14 08:00:00+00:00,2.8912783813399817e-06,0.0017003759529409905
2025-09-14 09:00:00+00:00,3.303976410782493e-06,0.001817684354001677
2025-09-14 10:00:00+00:00,3.4796173847580124e-06,0.0018653732561495601
2025-09-14 11:00:00+00:00,3.2054465974224316e-06,0.0017903761050188398
2025-09-14 12:00:00+00:00,3.816179677083475e-06,0.0019535044604718655
2025-09-14 13:00:00+00:00,3.912989700651352e-06,0.0019781278271768367
2025-09-14 14:00:00+00:00,5.802106896257662e-06,0.0024087562965683477
2025-09-14 15:00:00+00:00,5.29698837479082e-06,0.002301518710502007
2025-09-14 16:00:00+00:00,4.466780975063533e-06,0.002113476040806598
2025-09-14 17:00:00+00:00,4.516077033164254e-06,0.0021251063580828736
2025-09-14 18:00:00+00:00,4.552768697190877e-06,0.002133721794703067
2025-09-14 19:00:00+00:00,4.570943013093638e-06,0.00213797638272588
2025-09-14 20:00:00+00:00,4.6001719079679014e-06,0.002144801134829964
2025-09-14 21:00:00+00:00,4.974244211799965e-06,0.002230301372415837
2025-09-14 22:00:00+00:00,5.188274937693746e-06,0.00227777850935813
2025-09-14 23:00:00+00:00,4.5956849641862346e-06,0.0021437548750233163
2025-09-15 00:00:00+00:00,9.072530636845904e-06,0.0030120641820595233
2025-09-15 01:00:00+00:00,9.834104272357746e-06,0.0031359375428024307
2025-09-15 02:00:00+00:00,9.008051743436757e-06,0.003001341657232105
2025-09-15 03:00:00+00:00,8.687750280241137e-06,0.002947498987318085
2025-09-15 04:00:00+00:00,7.844629492868313e-06,0.0028008265731509175
2025-09-15 05:00:00+00:00,1.0191295993846854e-05,0.003192380928687373
2025-09-15 06:00:00+00:00,1.1182888108225284e-05,0.003344082551048237
2025-09-15 07:00:00+00:00,1.0609153464688182e-05,0.0032571695480413942
2025-09-15 08:00:00+00:00,1.2383167590683127e-05,0.0035189725191713457
2025-09-15 09:00:00+00:00,1.8892307842747877e-05,0.004346528251690984
2025-09-15 10:00:00+00:00,1.6329573632922357e-05,0.004040986715261801
2025-09-15 11:00:00+00:00,1.3308296732755031e-05,0.003648053828105478
2025-09-15 12:00:00+00:00,1.2375910018472342e-05,0.0035179411618832318
2025-09-15 13:00:00+00:00,1.2689108721353153e-05,0.0035621775252439557
2025-09-15 14:00:00+00:00,1.0374398147431229e-05,0.0032209312546888098
2025-09-15 15:00:00+00:00,8.677221391227559e-06,0.00294571237415121
2025-09-15 16:00:00+00:00,7.802138567986366e-06,0.002793230847600385
2025-09-15 17:00:00+00:00,6.794789243485463e-06,0.0026066816536519113
2025-09-15 18:00:00+00:00,5.989146978827418e-06,0.0024472733763981945
2025-09-15 19:00:00+00:00,6.391393672106828e-06,0.0025281205810061412
2025-09-15 20:00:00+00:00,6.535995626304117e-06,0.0025565593336169838
2025-09-15 21:00:00+00:00,5.654352173343522e-06,0.002377888175113271
2025-09-15 22:00:00+00:00,6.5093566555648175e-06,0.0025513440880376792
2025-09-15 23:00:00+00:00,7.3071644038074865e-06,0.0027031767244868558
2025-09-16 00:00:00+00:00,6.727583021098084e-06,0.002593758473932776
2025-09-16 01:00:00+00:00,8.651182570877154e-06,0.0029412892701801965
2025-09-16 02:00:00+00:00,8.051469780291915e-06,0.002837511194743012
2025-09-16 03:00:00+00:00,7.163612576550965e-06,0.002676492588547737
2025-09-16 04:00:00+00:00,7.984327672960958e-06,0.002825655264352139
2025-09-16 05:00:00+00:00,6.957305649042676e-06,0.002637670496677452
2025-09-16 06:00:00+00:00,8.02258664444466e-06,0.002832417102837197
2025-09-16 07:00:00+00:00,6.710810517073561e-06,0.002590523212996471
2025-09-16 08:00:00+00:00,5.874826114037196e-06,0.0024238040585074522
2025-09-16 09:00:00+00:00,6.0372025789836986e-06,0.002457071952341587
2025-09-16 10:00:00+00:00,5.7681452133060545e-06,0.002401696319959302
2025-09-16 11:00:00+00:00,5.066740029691119e-06,0.0022509420316150124
2025-09-16 12:00:00+00:00,5.019074892904734e-06,0.0022403291929769457
2025-09-16 13:00:00+00:00,4.535804221112406e-06,0.0021297427593755087
2025-09-16 14:00:00+00:00,8.999128520367566e-06,0.002999854749878328
2025-09-16 15:00:00+00:00,1.0385776653625956e-05,0.0032226971085762865
2025-09-16 16:00:00+00:00,1.0589294096752807e-05,0.003254119557845533
2025-09-16 17:00:00+00:00,1.1185140880144177e-05,0.0033444193636779727
2025-09-16 18:00:00+00:00,1.5212024486202423e-05,0.0039002595408770455
2025-09-16 19:00:00+00:00,1.2828244140856227e-05,0.0035816538276131917
2025-09-16 20:00:00+00:00,1.1904943449075562e-05,0.0034503541048819266
2025-09-16 21:00:00+00:00,1.0321175893435093e-05,0.003212658695447603
2025-09-16 22:00:00+00:00,9.430679494956103e-06,0.003070941141564928
2025-09-16 23:00:00+00:00,8.966210454048733e-06,0.0029943631132594347
2025-09-17 00:00:00+00:00,8.578059791441658e-06,0.0029288324963100327
2025-09-17 01:00:00+00:00,7.592670442675349e-06,0.0027554800748100772
2025-09-17 02:00:00+00:00,6.330067669238501e-06,0.0025159625730997075
2025-09-17 03:00:00+00:00,7.265866449771544e-06,0.0026955271190940637
2025-09-17 04:00:00+00:00,1.0168918903749014e-05,0.0031888742376815385
2025-09-17 05:00:00+00:00,1.0319604778272034e-05,0.0032124141666777704
2025-09-17 06:00:00+00:00,1.3652238129934427e-05,0.0036948935207843847
2025-09-17 07:00:00+00:00,1.3220914934391606e-05,0.003636057608783393
2025-09-17 08:00:00+00:00,1.1429760645675454e-05,0.003380792901920414
2025-09-17 09:00:00+00:00,1.3152561730629279e-05,0.003626646071872644
2025-09-17 10:00:00+00:00,1.1977091817581842e-05,0.0034607935242631626
2025-09-17 11:00:00+00:00,1.2641731932913448e-05,0.0035555213306790114
2025-09-17 12:00:00+00:00,1.0332971837338997e-05,0.0032144940250899514
2025-09-17 13:00:00+00:00,9.183487590566952e-06,0.003030426965060691
2025-09-17 14:00:00+00:00,8.303070172815343e-06,0.0028815048451833886
2025-09-17 15:00:00+00:00,1.153083527076372e-05,0.003395708360675828
2025-09-17 16:00:00+00:00,1.049821255792259e-05,0.0032400945291646338
2025-09-17 17:00:00+00:00,9.75343313537917e-06,0.0031230486924444787
2025-09-17 18:00:00+00:00,1.0366758053823803e-05,0.003219745029318906
2025-09-17 19:00:00+00:00,2.085808220903507e-05,0.004567064944692058
2025-09-17 20:00:00+00:00,2.568244888723405e-05,0.005067785402642268
2025-09-17 21:00:00+00:00,2.0586320520756816e-05,0.00453721506221127
2025-09-17 22:00:00+00:00,1.9615385544647644e-05,0.004428926003519097
2025-09-17 23:00:00+00:00,2.067091558932015e-05,0.0045465278608318406
2025-09-18 00:00:00+00:00,1.646502742698784e-05,0.004057712092668459
2025-09-18 01:00:00+00:00,1.4759593552474029e-05,0.003841821645062929
2025-09-18 02:00:00+00:00,1.5391886197916264e-05,0.003923249443754025
2025-09-18 03:00:00+00:00,1.3062298929757949e-05,0.0036141802569542585
2025-09-18 04:00:00+00:00,1.8862963420791197e-05,0.004343151323726954
2025-09-18 05:00:00+00:00,1.6287518979084624e-05,0.004035779847697917
2025-09-18 06:00:00+00:00,1.6093630340777045e-05,0.004011686720168594
2025-09-18 07:00:00+00:00,1.555950208536622e-05,0.003944553470973137
2025-09-18 08:00:00+00:00,1.3625134411413595e-05,0.003691223971992704
2025-09-18 09:00:00+00:00,1.1508491013056463e-05,0.003392416692132095
2025-09-18 10:00:00+00:00,9.799552902745232e-06,0.0031304237576956304
2025-09-18 11:00:00+00:00,8.959778622451441e-06,0.0029932889306666407
2025-09-18 12:00:00+00:00,8.056258836339496e-06,0.00283835495249264
2025-09-18 13:00:00+00:00,7.136223463082937e-06,0.0026713710829989416
2025-09-18 14:00:00+00:00,7.158430446702814e-06,0.0026755243311737636
2025-09-18 15:00:00+00:00,8.207040654037643e-06,0.0028647933004036508
2025-09-18 16:00:00+00:00,7.594964725819387e-06,0.0027558963561461064
2025-09-18 17:00:00+00:00,6.939746452384339e-06,0.002634339851344989
2025-09-18 18:00:00+00:00,6.696491099371399e-06,0.002587757929051981
2025-09-18 19:00:00+00:00,7.563664492071286e-06,0.0027502117176812562
2025-09-18 20:00:00+00:00,1.0541452518112049e-05,0.0032467603111581934
2025-09-18 21:00:00+00:00,1.0555619054272101e-05,0.0032489412205012422
2025-09-18 22:00:00+00:00,1.0012488187380305e-05,0.0031642515998858726
2025-09-18 23:00:00+00:00,1.0544798413694658e-05,0.0032472755370763747
2025-09-19 00:00:00+00:00,9.055063037721866e-06,0.0030091631789788114
2025-09-19 01:00:00+00:00,9.155748755045717e-06,0.0030258467831411617
2025-09-19 02:00:00+00:00,8.402377171567636e-06,0.0028986854212845583
2025-09-19 03:00:00+00:00,7.653888949607258e-06,0.0027665662742119984
2025-09-19 04:00:00+00:00,7.801923433889719e-06,0.002793192337432157
2025-09-19 05:00:00+00:00,6.833786124185853e-06,0.0026141511287960865
2025-09-19 06:00:00+00:00,6.445958958823187e-06,0.00253888931598508
2025-09-19 07:00:00+00:00,6.6281424186660335e-06,0.002574517900241914
2025-09-19 08:00:00+00:00,6.990362342994534e-06,0.0026439293377461008
2025-09-19 09:00:00+00:00,5.848520268828217e-06,0.0024183714083713895
2025-09-19 10:00:00+00:00,7.875768455197377e-06,0.0028063799556006983
2025-09-19 11:00:00+00:00,7.000454566530386e-06,0.002645837214669562
2025-09-19 12:00:00+00:00,6.692238138684096e-06,0.002586936052298954
2025-09-19 13:00:00+00:00,7.0123456597656664e-06,0.002648083393657697
2025-09-19 14:00:00+00:00,7.175317943318131e-06,0.00267867839490263
2025-09-19 15:00:00+00:00,9.967664146735091e-06,0.003157160773026152
2025-09-19 16:00:00+00:00,8.700832722298339e-06,0.0029497173970226944
2025-09-19 17:00:00+00:00,8.680457037754452e-06,0.002946261535871256
2025-09-19 18:00:00+00:00,1.0784742988838633e-05,0.00328401324431535
2025-09-19 19:00:00+00:00,1.0176950053419425e-05,0.0031901332344307226
2025-09-19 20:00:00+00:00,1.0663456457013132e-05,0.003265494825752007
2025-09-19 21:00:00+00:00,9.773937255486702e-06,0.0031263296779909027
2025-09-19 22:00:00+00:00,9.183322657268076e-06,0.0030303997520571566
2025-09-19 23:00:00+00:00,8.378062082035947e-06,0.002894488224546085
2025-09-20 00:00:00+00:00,7.302652177890171e-06,0.0027023419801886976
2025-09-20 01:00:00+00:00,7.033704453037007e-06,0.002652113205169984
2025-09-20 02:00:00+00:00,6.291774341656372e-06,0.0025083409540284534
2025-09-20 03:00:00+00:00,5.6140391474810205e-06,0.0023693963677445403
2025-09-20 04:00:00+00:00,5.354754206285794e-06,0.002314034184338208
2025-09-20 05:00:00+00:00,4.834093114284763e-06,0.0021986571161244682
2025-09-20 06:00:00+00:00,4.5137198517453905e-06,0.0021245516825310205
2025-09-20 07:00:00+00:00,4.001076148637747e-06,0.0020002690190666222
2025-09-20 08:00:00+00:00,4.432515139425057e-06,0.002105353922604239
2025-09-20 09:00:00+00:00,4.44971209638183e-06,0.002109434070167122
2025-09-20 10:00:00+00:00,4.291277166048208e-06,0.0020715398055669142
2025-09-20 11:00:00+00:00,3.8462263928165725e-06,0.001961179847137068
2025-09-20 12:00:00+00:00,3.969178219146622e-06,0.0019922796538504885
2025-09-20 13:00:00+00:00,3.5592925428855943e-06,0.00188660874133605
2025-09-20 14:00:00+00:00,3.4814259073676223e-06,0.0018658579547670884
2025-09-20 15:00:00+00:00,3.3625523542848326e-06,0.0018337263575257984
2025-09-20 16:00:00+00:00,2.9249154778254436e-06,0.0017102384271865264
2025-09-20 17:00:00+00:00,2.7552761816499737e-06,0.0016599024614868108
2025-09-20 18:00:00+00:00,3.3917325687880765e-06,0.0018416657049497545
2025-09-20 19:00:00+00:00,3.416599002218404e-06,0.0018484044476841112
2025-09-20 20:00:00+00:00,3.05022960932757e-06,0.001746490655379401
2025-09-20 21:00:00+00:00,2.941116703943599e-06,0.001714968426515077
2025-09-20 22:00:00+00:00,2.6095833687570105e-06,0.0016154204928615367
2025-09-20 23:00:00+00:00,2.3653229881695743e-06,0.0015379606588497557
2025-09-21 00:00:00+00:00,2.479250153054594e-06,0.0015745634801603249
2025-09-21 01:00:00+00:00,2.3101057688594537e-06,0.0015199032103589537
2025-09-21 02:00:00+00:00,2.595000109706199e-06,0.0016109004034099064
2025-09-21 03:00:00+00:00,2.731687288618847e-06,0.001652781682079895
2025-09-21 04:00:00+00:00,2.4562647562327377e-06,0.0015672475095634185
2025-09-21 05:00:00+00:00,2.5889405560002567e-06,0.0016090185070409403
2025-09-21 06:00:00+00:00,2.466889919498278e-06,0.0015706336044725001
2025-09-21 07:00:00+00:00,2.553820085146366e-06,0.0015980676096918947
2025-09-21 08:00:00+00:00,2.337757930136185e-06,0.0015289728349896165
2025-09-21 09:00:00+00:00,2.805518795298571e-06,0.0016749682968040234
2025-09-21 10:00:00+00:00,2.5090102573303563e-06,0.0015839855609601863
2025-09-21 11:00:00+00:00,2.551460456861729e-06,0.001597329163592066
2025-09-21 12:00:00+00:00,2.556076597760546e-06,0.0015987734666801754
2025-09-21 13:00:00+00:00,2.6437223035467e-06,0.0016259527371810965
2025-09-21 14:00:00+00:00,2.3396027900602916e-06,0.0015295760164373302
2025-09-21 15:00:00+00:00,2.830278959758457e-06,0.0016823432942650132
2025-09-21 16:00:00+00:00,2.4629126564111853e-06,0.0015693669604051135
2025-09-21 17:00:00+00:00,3.7253727510312444e-06,0.0019301224704746703
2025-09-21 18:00:00+00:00,4.4985267197887895e-06,0.002120973059656532
2025-09-21 19:00:00+00:00,3.976574083652738e-06,0.001994134921125634
2025-09-21 20:00:00+00:00,3.6695916234495134e-06,0.001915617817689508
2025-09-21 21:00:00+00:00,3.75873966902147e-06,0.0019387469326916987
2025-09-21 22:00:00+00:00,3.280721330290431e-06,0.001811276160691801
2025-09-21 23:00:00+00:00,3.3842450442817656e-06,0.0018396317686650678
2025-09-22 00:00:00+00:00,4.206584232818901e-06,0.002050995912433494
2025-09-22 01:00:00+00:00,9.552564295176847e-06,0.003090722293441591
2025-09-22 02:00:00+00:00,8.790373937525954e-06,0.0029648564784026145
2025-09-22 03:00:00+00:00,8.375942877300147e-06,0.0028941221254985333
2025-09-22 04:00:00+00:00,8.628525179923439e-06,0.0029374351362921086
2025-09-22 05:00:00+00:00,8.251115992392672e-06,0.002872475586039448
2025-09-22 06:00:00+00:00,7.392093249921218e-06,0.0027188404237691514
2025-09-22 07:00:00+00:00,2.9318250638948757e-05,0.005414633010551016
2025-09-22 08:00:00+00:00,2.6798454360113844e-05,0.005176722356869628
2025-09-22 09:00:00+00:00,2.1211359095602023e-05,0.004605579127059053
2025-09-22 10:00:00+00:00,2.347656092071463e-05,0.004845261697856436
2025-09-22 11:00:00+00:00,2.4933686080235013e-05,0.004993364204645503
2025-09-22 12:00:00+00:00,2.0549075988359684e-05,0.0045331088657079134
2025-09-22 13:00:00+00:00,1.7655510162703816e-05,0.0042018460422418875
2025-09-22 14:00:00+00:00,1.4234241541611014e-05,0.00377282938146042
2025-09-22 15:00:00+00:00,1.295352830686491e-05,0.0035991010414914595
2025-09-22 16:00:00+00:00,1.1905325391623404e-05,0.0034504094527495434
2025-09-22 17:00:00+00:00,1.0507543246321902e-05,0.003241534088409669
2025-09-22 18:00:00+00:00,1.06982664389127e-05,0.0032708204534814653
2025-09-22 19:00:00+00:00,9.301526107892841e-06,0.0030498403413773715
2025-09-22 20:00:00+00:00,9.704261300972144e-06,0.003115166336003929
2025-09-22 21:00:00+00:00,1.1782584428054001e-05,0.003432576936946061
2025-09-22 22:00:00+00:00,1.0493311916083343e-05,0.0032393381910636224
2025-09-22 23:00:00+00:00,1.0478557506197347e-05,0.003237060009668858
2025-09-23 00:00:00+00:00,8.669313861462173e-06,0.0029443698581296087
2025-09-23 01:00:00+00:00,8.350774378367585e-06,0.002889770644595793
2025-09-23 02:00:00+00:00,9.254148366694437e-06,0.0030420631759867246
2025-09-23 03:00:00+00:00,9.921997278343091e-06,0.00314992020190085
2025-09-23 04:00:00+00:00,1.1559409224795288e-05,0.0033999131201834097
2025-09-23 05:00:00+00:00,9.79147426401703e-06,0.0031291331489754523
2025-09-23 06:00:00+00:00,1.0896980398108775e-05,0.003301057466647434
2025-09-23 07:00:00+00:00,1.1207288228579546e-05,0.0033477288164634163
2025-09-23 08:00:00+00:00,9.211579116806854e-06,0.003035058338287232
2025-09-23 09:00:00+00:00,8.170329721680699e-06,0.0028583788625164263
2025-09-23 10:00:00+00:00,7.870886726480157e-06,0.002805510065296533
2025-09-23 11:00:00+00:00,6.6040836487333094e-06,0.0025698411718885097
2025-09-23 12:00:00+00:00,5.648531869697446e-06,0.002376664021206499
2025-09-23 13:00:00+00:00,4.769517233040274e-06,0.002183922442084488
2025-09-23 14:00:00+00:00,4.6141758716970955e-06,0.002148063283913464
2025-09-23 15:00:00+00:00,5.343490356587512e-06,0.0023115990908000273
2025-09-23 16:00:00+00:00,5.901660318298602e-06,0.0024293333073702756
2025-09-23 17:00:00+00:00,5.374609063048357e-06,0.0023183203107095354
2025-09-23 18:00:00+00:00,1.4019043717101312e-05,0.003744201345694608
2025-09-23 19:00:00+00:00,1.344856747609311e-05,0.0036672288551565894
2025-09-23 20:00:00+00:00,1.281088937850923e-05,0.003579230277379374
2025-09-23 21:00:00+00:00,1.1466801335616537e-05,0.003386266577754406
2025-09-23 22:00:00+00:00,1.2731873865893329e-05,0.0035681751450697217
2025-09-23 23:00:00+00:00,1.0771080656302081e-05,0.003281932457608182
2025-09-24 00:00:00+00:00,1.0384454673639544e-05,0.003222491997451591
2025-09-24 01:00:00+00:00,1.0087403096735106e-05,0.003176067237439268
2025-09-24 02:00:00+00:00,1.0520695115518728e-05,0.00324356210292307
2025-09-24 03:00:00+00:00,1.2397607416902123e-05,0.0035210236319715496
2025-09-24 04:00:00+00:00,1.2965649343251256e-05,0.0036007845455193867
2025-09-24 05:00:00+00:00,1.2992284660970199e-05,0.0036044811916516083
2025-09-24 06:00:00+00:00,1.6173152301009074e-05,0.004021585794311626
2025-09-24 07:00:00+00:00,1.3620617035825971e-05,0.0036906120137215684
2025-09-24 08:00:00+00:00,1.1086269165398514e-05,0.0033296049563572125
2025-09-24 09:00:00+00:00,9.517228203296043e-06,0.003085000519172735
2025-09-24 10:00:00+00:00,8.804242228145996e-06,0.0029671943360936094
2025-09-24 11:00:00+00:00,8.883615455767775e-06,0.0029805394571734453
2025-09-24 12:00:00+00:00,7.458789570117756e-06,0.002731078462827049
2025-09-24 13:00:00+00:00,6.766695906649988e-06,0.0026012873556471973
2025-09-24 14:00:00+00:00,5.924329746287884e-06,0.0024339946068732124
2025-09-24 15:00:00+00:00,1.0330600829226865e-05,0.0032141252043482787
2025-09-24 16:00:00+00:00,1.128526728259521e-05,0.0033593551885138925
2025-09-24 17:00:00+00:00,1.2407371403820174e-05,0.0035224098858338696
2025-09-24 18:00:00+00:00,1.0199564756212233e-05,0.0031936757437492354
2025-09-24 19:00:00+00:00,9.405461594216926e-06,0.003066832501819577
2025-09-24 20:00:00+00:00,8.168879323243914e-06,0.00285812514128474
2025-09-24 21:00:00+00:00,7.059761005180501e-06,0.0026570210772932346
2025-09-24 22:00:00+00:00,6.246352041248452e-06,0.0024992703017577855
2025-09-24 23:00:00+00:00,6.062541112837976e-06,0.0024622227991873474
2025-09-25 00:00:00+00:00,5.531972368207583e-06,0.0023520145340128287
2025-09-25 01:00:00+00:00,5.366002802007301e-06,0.0023164634255708207
2025-09-25 02:00:00+00:00,7.794790536064313e-06,0.002791915209325726
2025-09-25 03:00:00+00:00,7.773064012331409e-06,0.0027880215229318817
2025-09-25 04:00:00+00:00,1.0048079931211538e-05,0.0031698706489715852
2025-09-25 05:00:00+00:00,1.663479718264664e-05,0.004078577838247867
2025-09-25 06:00:00+00:00,1.3984328237009044e-05,0.003739562572950083
2025-09-25 07:00:00+00:00,1.5146024302555974e-05,0.003891789344576088
2025-09-25 08:00:00+00:00,1.4180895124537512e-05,0.003765752929300794
2025-09-25 09:00:00+00:00,1.1772236296426789e-05,0.0034310692643003855
2025-09-25 10:00:00+00:00,1.0222588058527213e-05,0.0031972782266370273
2025-09-25 11:00:00+00:00,9.105099557661137e-06,0.003017465750867959
2025-09-25 12:00:00+00:00,9.11187769942802e-06,0.0030185886933181243
2025-09-25 13:00:00+00:00,7.880738593544246e-06,0.0028072653229690003
2025-09-25 14:00:00+00:00,1.0642140395502755e-05,0.0032622293597328123
2025-09-25 15:00:00+00:00,1.467862153149798e-05,0.0038312689192352423
2025-09-25 16:00:00+00:00,1.3059343623993858e-05,0.003613771385131309
2025-09-25 17:00:00+00:00,1.411406372475107e-05,0.0037568688724456526
2025-09-25 18:00:00+00:00,4.895920122939871e-05,0.006997085195236564
2025-09-25 19:00:00+00:00,4.197610814944076e-05,0.0064788971399028054
2025-09-25 20:00:00+00:00,3.646432315510412e-05,0.006038569628240128
2025-09-25 21:00:00+00:00,3.112063684629362e-05,0.005578587352215041
2025-09-25 22:00:00+00:00,2.6522644686578384e-05,0.0051500140472214625
2025-09-25 23:00:00+00:00,2.1943613286024724e-05,0.004684401059476518
2025-09-26 00:00:00+00:00,2.160147426073326e-05,0.0046477386179445655
2025-09-26 01:00:00+00:00,2.1695620358639216e-05,0.004657855768337961
2025-09-26 02:00:00+00:00,2.007678629067052e-05,0.0044807126989654805
2025-09-26 03:00:00+00:00,1.6154929228528086e-05,0.0040193194981897225
2025-09-26 04:00:00+00:00,1.4282358268123539e-05,0.0037792007446183036
2025-09-26 05:00:00+00:00,1.3337052811995057e-05,0.003651992991777922
2025-09-26 06:00:00+00:00,1.3370630280781782e-05,0.003656587245066331
2025-09-26 07:00:00+00:00,1.3950140631527621e-05,0.0037349887056760457
2025-09-26 08:00:00+00:00,1.4458909478352209e-05,0.0038024872752386966
2025-09-26 09:00:00+00:00,1.5809555500217945e-05,0.0039761231746788155
2025-09-26 10:00:00+00:00,1.2746577037340952e-05,0.003570234871453271
2025-09-26 11:00:00+00:00,1.7498166542235654e-05,0.004183080986812908
2025-09-26 12:00:00+00:00,1.588159379245045e-05,0.0039851717393922246
2025-09-26 13:00:00+00:00,1.441308856489115e-05,0.003796457370350831
2025-09-26 14:00:00+00:00,1.5040385653643987e-05,0.003878193607034593
2025-09-26 15:00:00+00:00,2.3403428846035055e-05,0.004837709049336789
2025-09-26 16:00:00+00:00,2.230957928445491e-05,0.004723301735487043
2025-09-26 17:00:00+00:00,1.9985394293071442e-05,0.004470502689079992
2025-09-26 18:00:00+00:00,2.3264126156842713e-05,0.004823289972295125
2025-09-26 19:00:00+00:00,1.8989707263829155e-05,0.004357718125788904
2025-09-26 20:00:00+00:00,2.6828749097768666e-05,0.0051796475843216075
2025-09-26 21:00:00+00:00,2.363130723423169e-05,0.004861204298754753
2025-09-26 22:00:00+00:00,2.0021201035079995e-05,0.0044745056749410875
2025-09-26 23:00:00+00:00,1.728432031205652e-05,0.004157441558465557
2025-09-27 00:00:00+00:00,1.4489627061685742e-05,0.0038065242757252633
2025-09-27 01:00:00+00:00,1.339989724037558e-05,0.0036605870076226272
2025-09-27 02:00:00+00:00,1.1826775216376672e-05,0.0034390078825697204
2025-09-27 03:00:00+00:00,9.715817084590447e-06,0.003117020546064855
2025-09-27 04:00:00+00:00,9.509441107747717e-06,0.003083738171075443
2025-09-27 05:00:00+00:00,8.161692315631147e-06,0.002856867570544905
2025-09-27 06:00:00+00:00,7.089168384200073e-06,0.0026625492266247534
2025-09-27 07:00:00+00:00,6.498093790251067e-06,0.0025491358908953966
2025-09-27 08:00:00+00:00,6.192766494321518e-06,0.002488526972793648
2025-09-27 09:00:00+00:00,6.010530521428336e-06,0.00245163833414073
2025-09-27 10:00:00+00:00,5.515705228388822e-06,0.0023485538589499756
2025-09-27 11:00:00+00:00,5.992869949430804e-06,0.002448033894665432
2025-09-27 12:00:00+00:00,5.7832948040672565e-06,0.0024048481873222803
2025-09-27 13:00:00+00:00,5.217384006008075e-06,0.0022841593652825703
2025-09-27 14:00:00+00:00,4.920289952291539e-06,0.0022181726606131315
2025-09-27 15:00:00+00:00,4.8340445141043055e-06,0.0021986460638548228
2025-09-27 16:00:00+00:00,5.172478845362704e-06,0.0022743084323289804
2025-09-27 17:00:00+00:00,4.64636314074094e-06,0.002155542423785934
2025-09-27 18:00:00+00:00,4.0242077458104835e-06,0.0020060428075717833
2025-09-27 19:00:00+00:00,3.6919492062527552e-06,0.0019214445623677919
2025-09-27 20:00:00+00:00,3.5652799275091304e-06,0.0018881948859980344
2025-09-27 21:00:00+00:00,3.3230913072597637e-06,0.001822934806091475
2025-09-27 22:00:00+00:00,3.2105847047560364e-06,0.0017918104544722459
2025-09-27 23:00:00+00:00,3.3951760222882696e-06,0.0018426003425290763
2025-09-28 00:00:00+00:00,3.045155903041795e-06,0.0017450375076317973
2025-09-28 01:00:00+00:00,3.0319772184871694e-06,0.0017412573671020518
2025-09-28 02:00:00+00:00,3.461093021369096e-06,0.0018604013065382145
2025-09-28 03:00:00+00:00,3.1240048748191725e-06,0.0017674854666500579
2025-09-28 04:00:00+00:00,2.7471206139742175e-06,0.0016574440002528645
2025-09-28 05:00:00+00:00,2.6884837053304947e-06,0.0016396596309388406
2025-09-28 06:00:00+00:00,2.776008025875131e-06,0.0016661356565043348
2025-09-28 07:00:00+00:00,2.785956727400207e-06,0.0016691185480367196
2025-09-28 08:00:00+00:00,3.0589850805985308e-06,0.0017489954489930872
2025-09-28 09:00:00+00:00,2.8025263309563674e-06,0.0016740747686278435
2025-09-28 10:00:00+00:00,2.892253587621595e-06,0.0017006626907242937
2025-09-28 11:00:00+00:00,2.8785728662763855e-06,0.0016966357494395741
2025-09-28 12:00:00+00:00,2.959726336486477e-06,0.0017203855197270399
2025-09-28 13:00:00+00:00,2.7916141186075935e-06,0.001670812412752429
2025-09-28 14:00:00+00:00,4.472944810060006e-06,0.0021149337602062164
2025-09-28 15:00:00+00:00,4.3892381487353755e-06,0.0020950508702022906
2025-09-28 16:00:00+00:00,5.196804260841127e-06,0.002279650030342624
2025-09-28 17:00:00+00:00,5.361974378552206e-06,0.00231559374212149
2025-09-28 18:00:00+00:00,5.004570554297533e-06,0.0022370897510599645
2025-09-28 19:00:00+00:00,4.364931216031769e-06,0.00208924178017571
2025-09-28 20:00:00+00:00,4.0133720055582874e-06,0.0020033402121352947
2025-09-28 21:00:00+00:00,7.649524978834626e-06,0.0027657774637223844
2025-09-28 22:00:00+00:00,7.61956431132491e-06,0.002760355830563319
2025-09-28 23:00:00+00:00,2.0650856174700554e-05,0.004544321310680018
2025-09-29 00:00:00+00:00,1.8760153354655323e-05,0.00433129926865546
2025-09-29 01:00:00+00:00,1.547166401618596e-05,0.003933403617248802
2025-09-29 02:00:00+00:00,1.6231889263257717e-05,0.00402888188747917
2025-09-29 03:00:00+00:00,1.474042819097066e-05,0.003839326528308143
2025-09-29 04:00:00+00:00,1.2327245153529403e-05,0.003511017680606209
2025-09-29 05:00:00+00:00,1.0167390216668029e-05,0.003188634537959474
2025-09-29 06:00:00+00:00,9.030165644230715e-06,0.0030050234016111613
2025-09-29 07:00:00+00:00,7.704569455569672e-06,0.002775710621727285
2025-09-29 08:00:00+00:00,7.2583223759037935e-06,0.0026941273867253927
2025-09-29 09:00:00+00:00,8.544437045230923e-06,0.002923086903468818
2025-09-29 10:00:00+00:00,8.009392394838459e-06,0.0028300869942173967
2025-09-29 11:00:00+00:00,6.839379360552152e-06,0.002615220709720721
2025-09-29 12:00:00+00:00,5.777568523264209e-06,0.0024036573223453067
2025-09-29 13:00:00+00:00,5.524833759136624e-06,0.002350496492049419
2025-09-29 14:00:00+00:00,1.889063753392561e-05,0.0043463361045742435
2025-09-29 15:00:00+00:00,2.767922004480456e-05,0.00526110445104491
2025-09-29 16:00:00+00:00,2.7184889794268806e-05,0.0052139130980741145
2025-09-29 17:00:00+00:00,2.142892381442451e-05,0.004629138560728606
2025-09-29 18:00:00+00:00,1.9698613595789623e-05,0.004438312021004114
2025-09-29 19:00:00+00:00,1.5787778129120813e-05,0.003973383712797043
2025-09-29 20:00:00+00:00,1.5452911690952598e-05,0.003931019166953094
2025-09-29 21:00:00+00:00,1.2788703350582717e-05,0.003576129660762137
2025-09-29 22:00:00+00:00,1.1508510810698057e-05,0.0033924196100568187
2025-09-29 23:00:00+00:00,1.0064087380674682e-05,0.003172394581491193
2025-09-30 00:00:00+00:00,9.19235108517337e-06,0.0030318890291653766
2025-09-30 01:00:00+00:00,9.89386424746941e-06,0.0031454513583060555
2025-09-30 02:00:00+00:00,9.988478214918453e-06,0.003160455380940926
2025-09-30 03:00:00+00:00,8.917699334929228e-06,0.002986251719954168
2025-09-30 04:00:00+00:00,7.980635713848223e-06,0.002825001896255686
2025-09-30 05:00:00+00:00,8.050047874706628e-06,0.0028372606286181444
2025-09-30 06:00:00+00:00,8.610436875204186e-06,0.0029343545926155865
2025-09-30 07:00:00+00:00,7.526590766883162e-06,0.0027434632796673555
2025-09-30 08:00:00+00:00,8.138456832310794e-06,0.002852798070721234
2025-09-30 09:00:00+00:00,8.845332995420684e-06,0.002974110454475537
2025-09-30 10:00:00+00:00,1.441476625599188e-05,0.0037966783187401956
2025-09-30 11:00:00+00:00,1.2966718602783267e-05,0.003600933018369443
2025-09-30 12:00:00+00:00,1.1059763205564094e-05,0.0033256222283302253
2025-09-30 13:00:00+00:00,9.546893236771055e-06,0.0030898047246988043
2025-09-30 14:00:00+00:00,8.776240430374198e-06,0.0029624720134330718
2025-09-30 15:00:00+00:00,8.07256462868227e-06,0.002841225902437585
2025-09-30 16:00:00+00:00,8.934429773216668e-06,0.002989051651145672
2025-09-30 17:00:00+00:00,9.452910038557558e-06,0.0030745585111618154
2025-09-30 18:00:00+00:00,1.1149798525158588e-05,0.0033391314027990254
2025-09-30 19:00:00+00:00,1.1356462791160672e-05,0.0033699351315953654
2025-09-30 20:00:00+00:00,1.6663130038786884e-05,0.004082049734972234
2025-09-30 21:00:00+00:00,1.3678563315502768e-05,0.0036984541791811845
2025-09-30 22:00:00+00:00,1.1934152786267858e-05,0.0034545843145402976
2025-09-30 23:00:00+00:00,1.2819809662705317e-05,0.0035804761782066525
2025-10-01 00:00:00+00:00,1.0753521382710335e-05,0.0032792562240103068
2025-10-01 01:00:00+00:00,9.873212766876854e-06,0.0031421668903603536
2025-10-01 02:00:00+00:00,1.0825328051272894e-05,0.0032901866286386998
2025-10-01 03:00:00+00:00,9.515430485199323e-06,0.0030847091411021757
2025-10-01 04:00:00+00:00,9.723300510548249e-06,0.0031182207283238063
2025-10-01 05:00:00+00:00,9.907959452242214e-06,0.003147691130375122
2025-10-01 06:00:00+00:00,9.572393448465495e-06,0.0030939284814723005
2025-10-01 07:00:00+00:00,1.0689950105379797e-05,0.0032695489146638865
2025-10-01 08:00:00+00:00,1.0710879767950806e-05,0.003272748045290197
2025-10-01 09:00:00+00:00,3.1541537437928594e-05,0.00561618531014857
2025-10-01 10:00:00+00:00,2.865210298930528e-05,0.005352765919532189
2025-10-01 11:00:00+00:00,2.4779534699062714e-05,0.004977904649454699
2025-10-01 12:00:00+00:00,2.3751537123755707e-05,0.004873554875422632
2025-10-01 13:00:00+00:00,2.1316151543063933e-05,0.004616941795503159
2025-10-01 14:00:00+00:00,1.921170893207903e-05,0.004383116349365943
2025-10-01 15:00:00+00:00,2.1864958887006824e-05,0.004675998170124409
2025-10-01 16:00:00+00:00,1.8880080089729186e-05,0.004345121412541793
2025-10-01 17:00:00+00:00,1.9076983715706388e-05,0.0043677206544954755
2025-10-01 18:00:00+00:00,2.903315908564747e-05,0.0053882426713769555
2025-10-01 19:00:00+00:00,2.710011626003056e-05,0.005205777200383297
2025-10-01 20:00:00+00:00,2.4105584799805173e-05,0.004909743862953054
2025-10-01 21:00:00+00:00,1.9880116238465013e-05,0.004458712396921897
2025-10-01 22:00:00+00:00,1.6615007433847414e-05,0.004076151056308808
2025-10-01 23:00:00+00:00,1.7150559050556675e-05,0.004141323345327756
2025-10-02 00:00:00+00:00,1.8964895644776392e-05,0.004354870336161157
2025-10-02 01:00:00+00:00,1.708549544446904e-05,0.004133460468477839
2025-10-02 02:00:00+00:00,1.535231931343059e-05,0.003918203582438078
2025-10-02 03:00:00+00:00,1.3239745652530316e-05,0.003638646129060961
2025-10-02 04:00:00+00:00,1.1070262250765994e-05,0.003327200362281477
2025-10-02 05:00:00+00:00,9.690526107606623e-06,0.00311296098716425
2025-10-02 06:00:00+00:00,9.728513131659072e-06,0.0031190564489375744
2025-10-02 07:00:00+00:00,9.083270532453738e-06,0.003013846467963114
2025-10-02 08:00:00+00:00,8.628992284947033e-06,0.002937514644209801
2025-10-02 09:00:00+00:00,8.512670813656636e-06,0.002917648164816422
2025-10-02 10:00:00+00:00,7.775539955985254e-06,0.002788465519956317
2025-10-02 11:00:00+00:00,6.996709174930157e-06,0.0026451293304733054
2025-10-02 12:00:00+00:00,6.308623876734297e-06,0.0025116974094692014
2025-10-02 13:00:00+00:00,9.615446698825802e-06,0.0031008783753681476
2025-10-02 14:00:00+00:00,9.431714145279577e-06,0.003071109595126748
2025-10-02 15:00:00+00:00,1.3481831191344153e-05,0.0036717613200403093
2025-10-02 16:00:00+00:00,1.9738842520875965e-05,0.004442841716837993
2025-10-02 17:00:00+00:00,1.572639171762966e-05,0.003965651487161935
2025-10-02 18:00:00+00:00,1.3607969093039813e-05,0.0036888980865618683
2025-10-02 19:00:00+00:00,1.5474485154982982e-05,0.00393376221383334
2025-10-02 20:00:00+00:00,1.703507461079019e-05,0.0041273568552755635
2025-10-02 21:00:00+00:00,1.584174296609399e-05,0.003980168710757622
2025-10-02 22:00:00+00:00,1.509766764222024e-05,0.003885571726557141
2025-10-02 23:00:00+00:00,1.3734668218702623e-05,0.0037060313299677626
2025-10-03 00:00:00+00:00,1.4788069755847755e-05,0.0038455259400825468
2025-10-03 01:00:00+00:00,1.547136033525103e-05,0.003933365014240482
2025-10-03 02:00:00+00:00,1.3537541102790693e-05,0.0036793397645217127
2025-10-03 03:00:00+00:00,1.0926654822203637e-05,0.0033055490954157127
2025-10-03 04:00:00+00:00,1.0742588920309864e-05,0.0032775888882393203
2025-10-03 05:00:00+00:00,1.0228124722111361e-05,0.003198143949560645
2025-10-03 06:00:00+00:00,1.0237231122214268e-05,0.0031995673335959455
2025-10-03 07:00:00+00:00,9.059748547092498e-06,0.003009941618552177
2025-10-03 08:00:00+00:00,8.230870375098867e-06,0.002868949350389244
2025-10-03 09:00:00+00:00,8.429815826990074e-06,0.0029034145117413177
2025-10-03 10:00:00+00:00,7.494105593038701e-06,0.0027375364094453067
2025-10-03 11:00:00+00:00,9.440397545117667e-06,0.003072522993423754
2025-10-03 12:00:00+00:00,7.948482283084614e-06,0.0028193052837684348
2025-10-03 13:00:00+00:00,7.032138076045252e-06,0.002651817881387267
2025-10-03 14:00:00+00:00,6.205425345718876e-06,0.0024910691170095776
2025-10-03 15:00:00+00:00,7.78759030926554e-06,0.002790625433351015
2025-10-03 16:00:00+00:00,1.6574536317490165e-05,0.0040711836506709155
2025-10-03 17:00:00+00:00,2.5266232657820142e-05,0.005026552760871027
2025-10-03 18:00:00+00:00,3.757604255270503e-05,0.006129930060996213
2025-10-03 19:00:00+00:00,3.732234023458281e-05,0.006109201276319419
2025-10-03 20:00:00+00:00,3.232664969328349e-05,0.005685652969825321
2025-10-03 21:00:00+00:00,2.7929271492971096e-05,0.005284815180587784
2025-10-03 22:00:00+00:00,2.5700457682990158e-05,0.0050695618827459
2025-10-03 23:00:00+00:00,2.3543307797982978e-05,0.004852144659630727
2025-10-04 00:00:00+00:00,2.1901020590195956e-05,0.004679852624837235
2025-10-04 01:00:00+00:00,1.9427236802683272e-05,0.0044076339233973675
2025-10-04 02:00:00+00:00,1.8989052484922682e-05,0.004357642996497382
2025-10-04 03:00:00+00:00,1.6277710564564023e-05,0.004034564482637999
2025-10-04 04:00:00+00:00,1.4909584474915241e-05,0.0038612931091689014
2025-10-04 05:00:00+00:00,1.5255426837925596e-05,0.0039058196115444956
2025-10-04 06:00:00+00:00,1.3245408508698486e-05,0.003639424200158383
2025-10-04 07:00:00+00:00,1.1553224987706313e-05,0.003399003528639874
2025-10-04 08:00:00+00:00,1.0872039360799818e-05,0.00329727756805517
2025-10-04 09:00:00+00:00,9.188490658254507e-06,0.0030312523250720165
2025-10-04 10:00:00+00:00,7.737680896362653e-06,0.002781668725129334
2025-10-04 11:00:00+00:00,6.761319552765588e-06,0.0026002537477649345
2025-10-04 12:00:00+00:00,6.246610162922378e-06,0.002499321940631574
2025-10-04 13:00:00+00:00,5.6926088702054475e-06,0.002385918873349521
2025-10-04 14:00:00+00:00,7.5182462212763955e-06,0.002741942052866252
2025-10-04 15:00:00+00:00,8.530750726895752e-06,0.0029207448924710544
2025-10-04 16:00:00+00:00,8.727373661142287e-06,0.0029542128665927727
2025-10-04 17:00:00+00:00,8.987690127502963e-06,0.0029979476525621596
2025-10-04 18:00:00+00:00,7.5755216778852675e-06,0.0027523665595057044
2025-10-04 19:00:00+00:00,6.57492716335151e-06,0.0025641620782141505
2025-10-04 20:00:00+00:00,6.916706924076e-06,0.0026299632932944143
2025-10-04 21:00:00+00:00,5.947088863462753e-06,0.0024386653857105434
2025-10-04 22:00:00+00:00,6.403935490929083e-06,0.0025305998282875706
2025-10-04 23:00:00+00:00,5.8303779996246966e-06,0.002414617567985601
2025-10-05 00:00:00+00:00,5.3287139692121086e-06,0.002308400738436052
2025-10-05 01:00:00+00:00,5.327835290518481e-06,0.002308210408632298
2025-10-05 02:00:00+00:00,5.3778234551328356e-06,0.002319013465923136
2025-10-05 03:00:00+00:00,1.7824360119977425e-05,0.00422189058597892
2025-10-05 04:00:00+00:00,1.6590269647222294e-05,0.00407311547187436
2025-10-05 05:00:00+00:00,3.465678517475175e-05,0.005887001373768461
2025-10-05 06:00:00+00:00,3.347568103750532e-05,0.005785817231602233
2025-10-05 07:00:00+00:00,2.6038573067426185e-05,0.005102800512211523
2025-10-05 08:00:00+00:00,2.1954490278074866e-05,0.004685561895661487
2025-10-05 09:00:00+00:00,2.06935160960604e-05,0.004549012650681508
2025-10-05 10:00:00+00:00,4.180393058809595e-05,0.006465595919023702
2025-10-05 11:00:00+00:00,3.3763260385973215e-05,0.005810616179543544
2025-10-05 12:00:00+00:00,3.2185596964814906e-05,0.005673235140976876
2025-10-05 13:00:00+00:00,2.9492810400532727e-05,0.0054307283489908355
2025-10-05 14:00:00+00:00,2.307145502610704e-05,0.004803275447661423
2025-10-05 15:00:00+00:00,2.1067277415985346e-05,0.004589910393023523
2025-10-05 16:00:00+00:00,1.800778527797995e-05,0.004243558091740933
2025-10-05 17:00:00+00:00,1.466083287509887e-05,0.003828946705701043
2025-10-05 18:00:00+00:00,1.3632418164948876e-05,0.0036922104713773937
2025-10-05 19:00:00+00:00,1.0974701037667795e-05,0.003312808632817144
2025-10-05 20:00:00+00:00,1.2423608333892012e-05,0.003524713936462364
2025-10-05 21:00:00+00:00,1.2507995545018904e-05,0.003536664465993191
2025-10-05 22:00:00+00:00,1.1547266746791064e-05,0.003398126946832779
2025-10-05 23:00:00+00:00,1.2861676814442111e-05,0.0035863180024144695
2025-10-06 00:00:00+00:00,1.3288822302860338e-05,0.0036453836976181723
2025-10-06 01:00:00+00:00,1.2113013923427709e-05,0.0034803755434475326
2025-10-06 02:00:00+00:00,1.596681028671139e-05,0.00399584913212591
2025-10-06 03:00:00+00:00,1.2861240214737488e-05,0.0035862571317095333
2025-10-06 04:00:00+00:00,1.136990034008636e-05,0.003371928282168285
2025-10-06 05:00:00+00:00,1.098891026111646e-05,0.0033149525277319522
2025-10-06 06:00:00+00:00,1.0164938543702387e-05,0.00318825007546497
2025-10-06 07:00:00+00:00,1.0843303860638414e-05,0.003292917226508801
2025-10-06 08:00:00+00:00,1.3705691623185457e-05,0.0037021198823357217
2025-10-06 09:00:00+00:00,1.499992549657734e-05,0.003872973727844967
2025-10-06 10:00:00+00:00,1.210218432518436e-05,0.0034788193866862878
2025-10-06 11:00:00+00:00,1.2038968525423772e-05,0.0034697216783805256
2025-10-06 12:00:00+00:00,1.0444826767105078e-05,0.0032318457214268563
2025-10-06 13:00:00+00:00,1.0565186694599731e-05,0.003250413311349763
2025-10-06 14:00:00+00:00,1.008314945809956e-05,0.0031753975275702977
2025-10-06 15:00:00+00:00,8.676411012288727e-06,0.002945574818654031
2025-10-06 16:00:00+00:00,1.0055027192333291e-05,0.003170966286849056
2025-10-06 17:00:00+00:00,8.509752322692554e-06,0.0029171479775103207
2025-10-06 18:00:00+00:00,8.457374786879268e-06,0.002908156596003604
2025-10-06 19:00:00+00:00,1.0550188303681183e-05,0.003248105340607226
2025-10-06 20:00:00+00:00,1.4201309487509373e-05,0.003768462483229649
2025-10-06 21:00:00+00:00,1.235108803868336e-05,0.003514411478282439
2025-10-06 22:00:00+00:00,1.3258020859827008e-05,0.003641156527784408
2025-10-06 23:00:00+00:00,1.1747712821510386e-05,0.0034274936646929615
2025-10-07 00:00:00+00:00,1.1746762579406227e-05,0.003427355041341096
2025-10-07 01:00:00+00:00,1.0611434620379232e-05,0.0032575197037591703
2025-10-07 02:00:00+00:00,1.0995059223534928e-05,0.0033158798566194957
2025-10-07 03:00:00+00:00,9.692216170138953e-06,0.003113232431113834
2025-10-07 04:00:00+00:00,9.386555937185184e-06,0.0030637486739589436
2025-10-07 05:00:00+00:00,9.227845370071925e-06,0.0030377368829561137
2025-10-07 06:00:00+00:00,8.786816733461473e-06,0.0029642565228841906
2025-10-07 07:00:00+00:00,1.0800506485030494e-05,0.0032864124033709606
2025-10-07 08:00:00+00:00,1.0877904336528129e-05,0.003298166814539272
2025-10-07 09:00:00+00:00,1.057004701917212e-05,0.0032511608725457005
2025-10-07 10:00:00+00:00,9.71089654726464e-06,0.0031162311447106485
2025-10-07 11:00:00+00:00,9.116345147454039e-06,0.0030193285921631713
2025-10-07 12:00:00+00:00,9.067693703020648e-06,0.0030112611482600855
2025-10-07 13:00:00+00:00,1.0270759960425439e-05,0.0032048026398556026
2025-10-07 14:00:00+00:00,2.627981934043666e-05,0.005126384626658115
2025-10-07 15:00:00+00:00,3.5578989579016926e-05,0.005964812618935898
2025-10-07 16:00:00+00:00,4.955295644813173e-05,0.007039386084605087
2025-10-07 17:00:00+00:00,4.436654175162204e-05,0.0066608214021712095
2025-10-07 18:00:00+00:00,4.5429830041981154e-05,0.006740165431351159
2025-10-07 19:00:00+00:00,4.1502010304860945e-05,0.006442205391390509
2025-10-07 20:00:00+00:00,4.548589945994676e-05,0.0067443234990580605
2025-10-07 21:00:00+00:00,4.0795370507662926e-05,0.0063871253712184895
2025-10-07 22:00:00+00:00,3.579391145139186e-05,0.005982801304689289
2025-10-07 23:00:00+00:00,2.8350926453909464e-05,0.005324558803685942
2025-10-08 00:00:00+00:00,2.8147091887650433e-05,0.005305383293189139
2025-10-08 01:00:00+00:00,2.7795827281210866e-05,0.005272174815122396
2025-10-08 02:00:00+00:00,2.192003801049856e-05,0.004681884023606155
2025-10-08 03:00:00+00:00,1.8313563500633734e-05,0.0042794349510926945
2025-10-08 04:00:00+00:00,2.467709806177468e-05,0.004967604861678783
2025-10-08 05:00:00+00:00,2.353280899039794e-05,0.004851062666096774
2025-10-08 06:00:00+00:00,2.4175036160228032e-05,0.004916811584780124
2025-10-08 07:00:00+00:00,2.3008652951209588e-05,0.004796733571005334
2025-10-08 08:00:00+00:00,1.9113586365618056e-05,0.004371908778281868
2025-10-08 09:00:00+00:00,2.7140545089377916e-05,0.005209658826581441
2025-10-08 10:00:00+00:00,2.223371572558674e-05,0.004715264120448264
2025-10-08 11:00:00+00:00,2.205946395345508e-05,0.004696750360989509
2025-10-08 12:00:00+00:00,1.7877990634122322e-05,0.0042282372963354745
2025-10-08 13:00:00+00:00,1.7540656081888885e-05,0.004188156644860467
2025-10-08 14:00:00+00:00,1.8084737149769738e-05,0.004252615330566561
2025-10-08 15:00:00+00:00,1.594089836760263e-05,0.003992605461049542
2025-10-08 16:00:00+00:00,1.5825980334689798e-05,0.003978188071809803
2025-10-08 17:00:00+00:00,2.17499805647603e-05,0.004663687442867532
2025-10-08 18:00:00+00:00,2.8813661144314544e-05,0.005367835797070785
2025-10-08 19:00:00+00:00,2.470596755292768e-05,0.00497050978803258
2025-10-08 20:00:00+00:00,2.226290419789795e-05,0.004718358210002495
2025-10-08 21:00:00+00:00,1.9929136572814085e-05,0.004464206152589067
2025-10-08 22:00:00+00:00,1.6028694904853972e-05,0.004003585256348861
2025-10-08 23:00:00+00:00,1.2833883383981337e-05,0.0035824409812279306
2025-10-09 00:00:00+00:00,1.0890414179441541e-05,0.003300062753864166
2025-10-09 01:00:00+00:00,1.1643017206719397e-05,0.003412186572671459
2025-10-09 02:00:00+00:00,1.4820801542749393e-05,0.003849779414817087
2025-10-09 03:00:00+00:00,2.1886055813279176e-05,0.004678253500322442
2025-10-09 04:00:00+00:00,2.0420944359000417e-05,0.004518953900959869
2025-10-09 05:00:00+00:00,1.7626637444692537e-05,0.004198408918232303
2025-10-09 06:00:00+00:00,1.5564502607683776e-05,0.003945187271560601
2025-10-09 07:00:00+00:00,1.2683810868552312e-05,0.003561433822009376
2025-10-09 08:00:00+00:00,1.049909858693485e-05,0.0032402312551629477
2025-10-09 09:00:00+00:00,1.614045653355805e-05,0.004017518703572896
2025-10-09 10:00:00+00:00,1.8791268870204926e-05,0.004334889718344046
2025-10-09 11:00:00+00:00,1.731549567532904e-05,0.00416118921407439
2025-10-09 12:00:00+00:00,2.02700690980859e-05,0.004502229347566148
2025-10-09 13:00:00+00:00,2.395372150761646e-05,0.004894253927578386
2025-10-09 14:00:00+00:00,2.7486888950800392e-05,0.005242794002323608
2025-10-09 15:00:00+00:00,4.8182313781604975e-05,0.006941348124219457
2025-10-09 16:00:00+00:00,3.957728177397249e-05,0.006291047748505212
2025-10-09 17:00:00+00:00,3.687604238965108e-05,0.006072564729144604
2025-10-09 18:00:00+00:00,2.8472479312300897e-05,0.0053359609549078315
2025-10-09 19:00:00+00:00,2.308968306819888e-05,0.004805172532615127
2025-10-09 20:00:00+00:00,2.1855779639327446e-05,0.004675016538936247
2025-10-09 21:00:00+00:00,1.814532279127297e-05,0.004259732713595182
2025-10-09 22:00:00+00:00,1.7324587544571537e-05,0.0041622815311523
2025-10-09 23:00:00+00:00,1.6931448289554066e-05,0.004114784112144168
2025-10-10 00:00:00+00:00,1.5009893983402056e-05,0.00387426044341395
2025-10-10 01:00:00+00:00,1.3289970672482577e-05,0.003645541204332023
2025-10-10 02:00:00+00:00,1.101860694185421e-05,0.003319428707150405
2025-10-10 03:00:00+00:00,1.592633262551035e-05,0.00399078095433843
2025-10-10 04:00:00+00:00,1.6120437748786504e-05,0.00401502649415748
2025-10-10 05:00:00+00:00,1.438360672746361e-05,0.003792572573789935
2025-10-10 06:00:00+00:00,1.4172882312416642e-05,0.003764688873255882
2025-10-10 07:00:00+00:00,1.2841885299834332e-05,0.0035835576317166063
2025-10-10 08:00:00+00:00,1.3076064022242934e-05,0.003616084072894729
2025-10-10 09:00:00+00:00,1.3844371879552095e-05,0.003720802585404404
2025-10-10 10:00:00+00:00,1.1605130577091394e-05,0.003406630384572326
2025-10-10 11:00:00+00:00,9.545096294262714e-06,0.0030895139252417546
2025-10-10 12:00:00+00:00,8.565777591624503e-06,0.0029267349711964872
2025-10-10 13:00:00+00:00,7.24108533106568e-06,0.00269092648191393
2025-10-10 14:00:00+00:00,7.100214890623981e-06,0.0026646228420967913
2025-10-10 15:00:00+00:00,8.540612630059595e-06,0.002922432656206058
2025-10-10 16:00:00+00:00,6.450494916430182e-05,0.008031497317704951
2025-10-10 17:00:00+00:00,5.8644591478954746e-05,0.0076579756776157725
2025-10-10 18:00:00+00:00,6.326248033476727e-05,0.007953771453516079
2025-10-10 19:00:00+00:00,5.465284723649696e-05,0.007392756403162284
2025-10-10 20:00:00+00:00,5.066938059949899e-05,0.007118242802791922
2025-10-10 21:00:00+00:00,7.217373489692455e-05,0.008495512632968334
2025-10-10 22:00:00+00:00,0.00023286365884188189,0.015259870865832446
2025-10-10 23:00:00+00:00,0.0002480215853377052,0.015748701068269255
2025-10-11 00:00:00+00:00,0.0001916815370788513,0.013844910150623994
2025-10-11 01:00:00+00:00,0.00014976854824679572,0.012237996087873036
2025-10-11 02:00:00+00:00,0.00017011221092750874,0.01304270719319838
2025-10-11 03:00:00+00:00,0.00018421939301460196,0.013572744490875895
2025-10-11 04:00:00+00:00,0.00017003317313106527,0.013039676879856544
2025-10-11 05:00:00+00:00,0.00013997792430593862,0.011831226661083737
2025-10-11 06:00:00+00:00,0.00010587952814783437,0.010289777847350952
2025-10-11 07:00:00+00:00,8.681899285048165e-05,0.009317670999261653
2025-10-11 08:00:00+00:00,0.00011438626607742188,0.010695151521947778
2025-10-11 09:00:00+00:00,0.00010835695933662719,0.0104094648919446
2025-10-11 10:00:00+00:00,8.392325788986486e-05,0.009160963807911527
2025-10-11 11:00:00+00:00,7.297643114442416e-05,0.008542624371024642
2025-10-11 12:00:00+00:00,5.4770109290800604e-05,0.007400683028667057
2025-10-11 13:00:00+00:00,4.13429254248669e-05,0.006429846454221663
2025-10-11 14:00:00+00:00,3.328751015737072e-05,0.005769532923675081
2025-10-11 15:00:00+00:00,3.1810947760579614e-05,0.005640119481055309
2025-10-11 16:00:00+00:00,2.4674362883327098e-05,0.004967329552518848
2025-10-11 17:00:00+00:00,2.2295383253269458e-05,0.004721798730703106
2025-10-11 18:00:00+00:00,2.0102384935553493e-05,0.00448356832618323
2025-10-11 19:00:00+00:00,1.6632346820370535e-05,0.004078277432982035
2025-10-11 20:00:00+00:00,2.6957099245200474e-05,0.005192022654534596
2025-10-11 21:00:00+00:00,3.2989150384516294e-05,0.005743618231090599
2025-10-11 22:00:00+00:00,3.348633721001136e-05,0.005786738045739703
2025-10-11 23:00:00+00:00,2.9400837585722506e-05,0.005422253921177291
2025-10-12 00:00:00+00:00,2.7951481372098226e-05,0.0052869160549509605
2025-10-12 01:00:00+00:00,4.319239985417824e-05,0.006572092501949302
2025-10-12 02:00:00+00:00,3.848679161562857e-05,0.0062037723697463765
2025-10-12 03:00:00+00:00,3.1986496635390346e-05,0.005655660583467712
2025-10-12 04:00:00+00:00,3.702630195521237e-05,0.006084924153612135
2025-10-12 05:00:00+00:00,4.0319098230272106e-05,0.006349732138466323
2025-10-12 06:00:00+00:00,3.314664003259876e-05,0.005757311875571686
2025-10-12 07:00:00+00:00,2.7634242457090202e-05,0.005256828174583054
2025-10-12 08:00:00+00:00,2.437600136243945e-05,0.004937205825407672
2025-10-12 09:00:00+00:00,2.1001693795218885e-05,0.0045827604994390534
2025-10-12 10:00:00+00:00,1.8158844540307724e-05,0.004261319577350158
2025-10-12 11:00:00+00:00,1.5328770161214357e-05,0.003915197333623729
2025-10-12 12:00:00+00:00,1.4088771823724927e-05,0.0037535012753061544
2025-10-12 13:00:00+00:00,1.3127514491870099e-05,0.0036231912027755446
2025-10-12 14:00:00+00:00,1.3563074991150609e-05,0.003682808030722021
2025-10-12 15:00:00+00:00,2.638814027463861e-05,0.005136938803863504
2025-10-12 16:00:00+00:00,2.668561157519492e-05,0.0051658118021463886
2025-10-12 17:00:00+00:00,3.7562359644761336e-05,0.00612881388563573
2025-10-12 18:00:00+00:00,3.342590901957341e-05,0.005781514422672784
2025-10-12 19:00:00+00:00,2.8321676763124608e-05,0.005321811417470992
2025-10-12 20:00:00+00:00,3.0150113870165858e-05,0.005490911934293415
2025-10-12 21:00:00+00:00,3.43870374918302e-05,0.005864046170676882
2025-10-12 22:00:00+00:00,3.36427760757849e-05,0.005800239311940922
2025-10-12 23:00:00+00:00,3.762446805912237e-05,0.006133878712456122
