timestamp,pred_vol_future
2025-08-23 16:00:00+00:00,0.006138105541829576
2025-08-23 17:00:00+00:00,0.006045883140511345
2025-08-23 18:00:00+00:00,0.005640453782880827
2025-08-23 19:00:00+00:00,0.00535354876353507
2025-08-23 20:00:00+00:00,0.005123534062352219
2025-08-23 21:00:00+00:00,0.004993788430456015
2025-08-23 22:00:00+00:00,0.004719382780171553
2025-08-23 23:00:00+00:00,0.004878057444061276
2025-08-24 00:00:00+00:00,0.004710170662942687
2025-08-24 01:00:00+00:00,0.005031174548780557
2025-08-24 02:00:00+00:00,0.005118934722257273
2025-08-24 03:00:00+00:00,0.0049249037956074415
2025-08-24 04:00:00+00:00,0.004911013269506478
2025-08-24 05:00:00+00:00,0.004746033623639915
2025-08-24 06:00:00+00:00,0.004544327679944398
2025-08-24 07:00:00+00:00,0.004907533099390645
2025-08-24 08:00:00+00:00,0.004612512568816928
2025-08-24 09:00:00+00:00,0.004516105708312799
2025-08-24 10:00:00+00:00,0.004339583648632631
2025-08-24 11:00:00+00:00,0.005282113287256317
2025-08-24 12:00:00+00:00,0.004954359647841264
2025-08-24 13:00:00+00:00,0.004783175647733381
2025-08-24 14:00:00+00:00,0.004893578011896052
2025-08-24 15:00:00+00:00,0.00503801826804075
2025-08-24 16:00:00+00:00,0.004987802226661465
2025-08-24 17:00:00+00:00,0.005268883217225723
2025-08-24 18:00:00+00:00,0.006628950301264352
2025-08-24 19:00:00+00:00,0.006946400671798495
2025-08-24 20:00:00+00:00,0.011835070011145291
2025-08-24 21:00:00+00:00,0.01060898618475827
2025-08-24 22:00:00+00:00,0.009515187894093925
2025-08-24 23:00:00+00:00,0.009500807379786721
2025-08-25 00:00:00+00:00,0.008765989290173293
2025-08-25 01:00:00+00:00,0.010444980436812183
2025-08-25 02:00:00+00:00,0.009937419999066588
2025-08-25 03:00:00+00:00,0.009667563673072874
2025-08-25 04:00:00+00:00,0.009182837450946111
2025-08-25 05:00:00+00:00,0.009312957926541326
2025-08-25 06:00:00+00:00,0.008509305409708361
2025-08-25 07:00:00+00:00,0.010695073107636394
2025-08-25 08:00:00+00:00,0.010683358790120173
2025-08-25 09:00:00+00:00,0.009991970104421974
2025-08-25 10:00:00+00:00,0.009139284496616938
2025-08-25 11:00:00+00:00,0.009965319709931263
2025-08-25 12:00:00+00:00,0.01002111284329387
2025-08-25 13:00:00+00:00,0.009919696079440012
2025-08-25 14:00:00+00:00,0.008945013674129022
2025-08-25 15:00:00+00:00,0.008573782754860032
2025-08-25 16:00:00+00:00,0.009010962951166275
2025-08-25 17:00:00+00:00,0.008416195956507503
2025-08-25 18:00:00+00:00,0.007955534593358387
2025-08-25 19:00:00+00:00,0.007856581901942513
2025-08-25 20:00:00+00:00,0.011537348783785007
2025-08-25 21:00:00+00:00,0.01371667655241915
2025-08-25 22:00:00+00:00,0.012321168424496064
2025-08-25 23:00:00+00:00,0.011569460126665154
2025-08-26 00:00:00+00:00,0.010976650551589985
2025-08-26 01:00:00+00:00,0.011619418610754694
2025-08-26 02:00:00+00:00,0.012360945962490042
2025-08-26 03:00:00+00:00,0.011291212509244797
2025-08-26 04:00:00+00:00,0.010071789079478708
2025-08-26 05:00:00+00:00,0.009928592738444571
2025-08-26 06:00:00+00:00,0.008971818712822844
2025-08-26 07:00:00+00:00,0.008850159583838188
2025-08-26 08:00:00+00:00,0.008275543635607573
2025-08-26 09:00:00+00:00,0.007687072282746331
2025-08-26 10:00:00+00:00,0.007088075442669054
2025-08-26 11:00:00+00:00,0.0070133849193785465
2025-08-26 12:00:00+00:00,0.007066826060866005
2025-08-26 13:00:00+00:00,0.008095050677258287
2025-08-26 14:00:00+00:00,0.00794214525558287
2025-08-26 15:00:00+00:00,0.009475816419079254
2025-08-26 16:00:00+00:00,0.009295036401554138
2025-08-26 17:00:00+00:00,0.00873923511659562
2025-08-26 18:00:00+00:00,0.008371131586254963
2025-08-26 19:00:00+00:00,0.008230894976985667
2025-08-26 20:00:00+00:00,0.008382207750456255
2025-08-26 21:00:00+00:00,0.007640370629396842
2025-08-26 22:00:00+00:00,0.007215148227211933
2025-08-26 23:00:00+00:00,0.0068078326710578
2025-08-27 00:00:00+00:00,0.006416004588954282
2025-08-27 01:00:00+00:00,0.0067100716146678875
2025-08-27 02:00:00+00:00,0.006643693466672198
2025-08-27 03:00:00+00:00,0.006664560768595049
2025-08-27 04:00:00+00:00,0.00689272914327334
2025-08-27 05:00:00+00:00,0.006709067859798832
2025-08-27 06:00:00+00:00,0.006679028165347242
2025-08-27 07:00:00+00:00,0.007051071653346597
2025-08-27 08:00:00+00:00,0.006665349542123357
2025-08-27 09:00:00+00:00,0.0062077372626532824
2025-08-27 10:00:00+00:00,0.006146816403709434
2025-08-27 11:00:00+00:00,0.005977553673803979
2025-08-27 12:00:00+00:00,0.0060047416679610555
2025-08-27 13:00:00+00:00,0.005645924746579311
2025-08-27 14:00:00+00:00,0.005584658092020279
2025-08-27 15:00:00+00:00,0.005222001299865797
2025-08-27 16:00:00+00:00,0.005662430764582601
2025-08-27 17:00:00+00:00,0.005830974271991231
2025-08-27 18:00:00+00:00,0.0055469206194653465
2025-08-27 19:00:00+00:00,0.005930472679534137
2025-08-27 20:00:00+00:00,0.007013553885641603
2025-08-27 21:00:00+00:00,0.006655576884603198
2025-08-27 22:00:00+00:00,0.008190443125597411
2025-08-27 23:00:00+00:00,0.007493470353144904
2025-08-28 00:00:00+00:00,0.007597646258725215
2025-08-28 01:00:00+00:00,0.007367788576073267
2025-08-28 02:00:00+00:00,0.0075198618637040875
2025-08-28 03:00:00+00:00,0.006986837235612406
2025-08-28 04:00:00+00:00,0.006990411243590345
2025-08-28 05:00:00+00:00,0.0073037492002989285
2025-08-28 06:00:00+00:00,0.007250721969695191
2025-08-28 07:00:00+00:00,0.00708902893624468
2025-08-28 08:00:00+00:00,0.006627485607718081
2025-08-28 09:00:00+00:00,0.0065416806051914935
2025-08-28 10:00:00+00:00,0.006443160516097079
2025-08-28 11:00:00+00:00,0.006243956722883728
2025-08-28 12:00:00+00:00,0.0061258051989247575
2025-08-28 13:00:00+00:00,0.006045978033042449
2025-08-28 14:00:00+00:00,0.00683979355652977
2025-08-28 15:00:00+00:00,0.006316819571904872
2025-08-28 16:00:00+00:00,0.008670696424985634
2025-08-28 17:00:00+00:00,0.008146031275400634
2025-08-28 18:00:00+00:00,0.008071330094859304
2025-08-28 19:00:00+00:00,0.007450405201899987
2025-08-28 20:00:00+00:00,0.007886169858905986
2025-08-28 21:00:00+00:00,0.00721279912465032
2025-08-28 22:00:00+00:00,0.007226957563165509
2025-08-28 23:00:00+00:00,0.007086429512046859
2025-08-29 00:00:00+00:00,0.006715614101873962
2025-08-29 01:00:00+00:00,0.007085985922363524
2025-08-29 02:00:00+00:00,0.006955058403917453
2025-08-29 03:00:00+00:00,0.0068556722414997735
2025-08-29 04:00:00+00:00,0.006715551694204579
2025-08-29 05:00:00+00:00,0.006803035321316579
2025-08-29 06:00:00+00:00,0.006488339525630062
2025-08-29 07:00:00+00:00,0.006368513981422982
2025-08-29 08:00:00+00:00,0.008551298668975874
2025-08-29 09:00:00+00:00,0.009073164234807621
2025-08-29 10:00:00+00:00,0.008655122813851009
2025-08-29 11:00:00+00:00,0.007956100762863922
2025-08-29 12:00:00+00:00,0.0073118306528232105
2025-08-29 13:00:00+00:00,0.008342411458297536
2025-08-29 14:00:00+00:00,0.010102758812138908
2025-08-29 15:00:00+00:00,0.010650526895492219
2025-08-29 16:00:00+00:00,0.010566522983667732
2025-08-29 17:00:00+00:00,0.009535091962031884
2025-08-29 18:00:00+00:00,0.008770015415453821
2025-08-29 19:00:00+00:00,0.00869478438767365
2025-08-29 20:00:00+00:00,0.008760319421087287
2025-08-29 21:00:00+00:00,0.008761337132179076
2025-08-29 22:00:00+00:00,0.00897338979363467
2025-08-29 23:00:00+00:00,0.008497479187567488
2025-08-30 00:00:00+00:00,0.008037816021828589
2025-08-30 01:00:00+00:00,0.008381951447555788
2025-08-30 02:00:00+00:00,0.00853220981297274
2025-08-30 03:00:00+00:00,0.0077505308121339715
2025-08-30 04:00:00+00:00,0.008313350953079923
2025-08-30 05:00:00+00:00,0.007665471836541648
2025-08-30 06:00:00+00:00,0.00787663337715808
2025-08-30 07:00:00+00:00,0.00725531339060569
2025-08-30 08:00:00+00:00,0.0069078505965703444
2025-08-30 09:00:00+00:00,0.006636475416015064
2025-08-30 10:00:00+00:00,0.006180783007988059
2025-08-30 11:00:00+00:00,0.005785711921859978
2025-08-30 12:00:00+00:00,0.005361809778256682
2025-08-30 13:00:00+00:00,0.0059324190755938805
2025-08-30 14:00:00+00:00,0.005971412910794385
2025-08-30 15:00:00+00:00,0.00588768689066501
2025-08-30 16:00:00+00:00,0.005660383440178043
2025-08-30 17:00:00+00:00,0.005412519571336048
2025-08-30 18:00:00+00:00,0.00534046832607273
2025-08-30 19:00:00+00:00,0.005005182450155149
2025-08-30 20:00:00+00:00,0.004848847152350657
2025-08-30 21:00:00+00:00,0.004815749719357683
2025-08-30 22:00:00+00:00,0.004645528383709262
2025-08-30 23:00:00+00:00,0.004530539154874401
2025-08-31 00:00:00+00:00,0.004635789637451574
2025-08-31 01:00:00+00:00,0.00665816849463548
2025-08-31 02:00:00+00:00,0.006305757879007685
2025-08-31 03:00:00+00:00,0.005984054406592683
2025-08-31 04:00:00+00:00,0.006042656827757452
2025-08-31 05:00:00+00:00,0.005873346114822344
2025-08-31 06:00:00+00:00,0.005686104554042611
2025-08-31 07:00:00+00:00,0.005721521319960148
2025-08-31 08:00:00+00:00,0.005569229956773487
2025-08-31 09:00:00+00:00,0.005555631840870676
2025-08-31 10:00:00+00:00,0.005233973451885945
2025-08-31 11:00:00+00:00,0.00538110298647232
2025-08-31 12:00:00+00:00,0.005562979686590097
2025-08-31 13:00:00+00:00,0.00526219350530402
2025-08-31 14:00:00+00:00,0.004968094908812997
2025-08-31 15:00:00+00:00,0.005119603672793695
2025-08-31 16:00:00+00:00,0.005430516013806256
2025-08-31 17:00:00+00:00,0.005447387900325913
2025-08-31 18:00:00+00:00,0.005222721383103951
2025-08-31 19:00:00+00:00,0.0050816866051094835
2025-08-31 20:00:00+00:00,0.0053252802739538405
2025-08-31 21:00:00+00:00,0.005434378261932778
2025-08-31 22:00:00+00:00,0.005423541397973118
2025-08-31 23:00:00+00:00,0.006040868280635881
2025-09-01 00:00:00+00:00,0.007494489494891512
2025-09-01 01:00:00+00:00,0.0070218707312895
2025-09-01 02:00:00+00:00,0.00674194368519927
2025-09-01 03:00:00+00:00,0.007437820765703926
2025-09-01 04:00:00+00:00,0.0071948003168374195
2025-09-01 05:00:00+00:00,0.006808903572147741
2025-09-01 06:00:00+00:00,0.0065003670398695295
2025-09-01 07:00:00+00:00,0.006036032918324953
2025-09-01 08:00:00+00:00,0.0069458992356660875
2025-09-01 09:00:00+00:00,0.00703323336802111
2025-09-01 10:00:00+00:00,0.007301067853900794
2025-09-01 11:00:00+00:00,0.008599661093496132
2025-09-01 12:00:00+00:00,0.007871909765952121
2025-09-01 13:00:00+00:00,0.007245059454172119
2025-09-01 14:00:00+00:00,0.007058717371025752
2025-09-01 15:00:00+00:00,0.006698715719721099
2025-09-01 16:00:00+00:00,0.007515841216817666
2025-09-01 17:00:00+00:00,0.006998229942515654
2025-09-01 18:00:00+00:00,0.007308112662039984
2025-09-01 19:00:00+00:00,0.00717788672851616
2025-09-01 20:00:00+00:00,0.0070248608720441825
2025-09-01 21:00:00+00:00,0.009349674269560888
2025-09-01 22:00:00+00:00,0.009990886841610801
2025-09-01 23:00:00+00:00,0.009819986472148556
2025-09-02 00:00:00+00:00,0.009413132484699882
2025-09-02 01:00:00+00:00,0.00860202774594899
2025-09-02 02:00:00+00:00,0.008568009119914117
2025-09-02 03:00:00+00:00,0.008002636061152368
2025-09-02 04:00:00+00:00,0.008067958335543218
2025-09-02 05:00:00+00:00,0.007517034074019745
2025-09-02 06:00:00+00:00,0.006937293983522132
2025-09-02 07:00:00+00:00,0.006826504874171083
2025-09-02 08:00:00+00:00,0.007261078305124535
2025-09-02 09:00:00+00:00,0.007235016711539722
2025-09-02 10:00:00+00:00,0.00678124188045041
2025-09-02 11:00:00+00:00,0.006451161001019721
2025-09-02 12:00:00+00:00,0.007091706419263057
2025-09-02 13:00:00+00:00,0.009010144269196914
2025-09-02 14:00:00+00:00,0.010472104185372855
2025-09-02 15:00:00+00:00,0.010148528866988306
2025-09-02 16:00:00+00:00,0.010957230790203467
2025-09-02 17:00:00+00:00,0.010019199378851193
2025-09-02 18:00:00+00:00,0.009703053621480762
2025-09-02 19:00:00+00:00,0.00907131889292486
2025-09-02 20:00:00+00:00,0.009336073239707815
2025-09-02 21:00:00+00:00,0.00923755356072522
2025-09-02 22:00:00+00:00,0.008846267853625684
2025-09-02 23:00:00+00:00,0.008141047665698606
2025-09-03 00:00:00+00:00,0.007640288752362248
2025-09-03 01:00:00+00:00,0.007335216947971591
2025-09-03 02:00:00+00:00,0.006893196997562816
2025-09-03 03:00:00+00:00,0.007409082754659405
2025-09-03 04:00:00+00:00,0.007037363759109511
2025-09-03 05:00:00+00:00,0.006560421759583794
2025-09-03 06:00:00+00:00,0.006588202108397007
2025-09-03 07:00:00+00:00,0.006509760732654807
2025-09-03 08:00:00+00:00,0.006029688625249924
2025-09-03 09:00:00+00:00,0.005766860578557563
2025-09-03 10:00:00+00:00,0.005834531776559405
2025-09-03 11:00:00+00:00,0.006083065231001837
2025-09-03 12:00:00+00:00,0.005851292199462742
2025-09-03 13:00:00+00:00,0.006452566995395345
2025-09-03 14:00:00+00:00,0.008110659947644316
2025-09-03 15:00:00+00:00,0.00833727221663785
2025-09-03 16:00:00+00:00,0.007679786485286458
2025-09-03 17:00:00+00:00,0.007319576770075776
2025-09-03 18:00:00+00:00,0.007284527297822219
2025-09-03 19:00:00+00:00,0.007377741477185559
2025-09-03 20:00:00+00:00,0.006993104002102691
2025-09-03 21:00:00+00:00,0.006565342748087244
2025-09-03 22:00:00+00:00,0.00652019620611109
2025-09-03 23:00:00+00:00,0.006421920644561887
2025-09-04 00:00:00+00:00,0.006556759422321801
2025-09-04 01:00:00+00:00,0.006581765631368666
2025-09-04 02:00:00+00:00,0.0063421065478623225
2025-09-04 03:00:00+00:00,0.006974761706393699
2025-09-04 04:00:00+00:00,0.007515049764592027
2025-09-04 05:00:00+00:00,0.007061960206702399
2025-09-04 06:00:00+00:00,0.007791465802174217
2025-09-04 07:00:00+00:00,0.007337796424269486
2025-09-04 08:00:00+00:00,0.007023181244562244
2025-09-04 09:00:00+00:00,0.006571449880724503
2025-09-04 10:00:00+00:00,0.006418909792955845
2025-09-04 11:00:00+00:00,0.006840004485519322
2025-09-04 12:00:00+00:00,0.006576979678730512
2025-09-04 13:00:00+00:00,0.00641405012337318
2025-09-04 14:00:00+00:00,0.006775875233746562
2025-09-04 15:00:00+00:00,0.0069873810115153815
2025-09-04 16:00:00+00:00,0.007992365405156493
2025-09-04 17:00:00+00:00,0.007345126852468986
2025-09-04 18:00:00+00:00,0.006877284598631683
2025-09-04 19:00:00+00:00,0.007400677677549841
2025-09-04 20:00:00+00:00,0.0069625617044421105
2025-09-04 21:00:00+00:00,0.007187660110309229
2025-09-04 22:00:00+00:00,0.0068272312892517254
2025-09-04 23:00:00+00:00,0.006467916809105519
2025-09-05 00:00:00+00:00,0.0067190117319050925
2025-09-05 01:00:00+00:00,0.006377418316936571
2025-09-05 02:00:00+00:00,0.0066499611115435125
2025-09-05 03:00:00+00:00,0.006257486469456566
2025-09-05 04:00:00+00:00,0.005847335651030796
2025-09-05 05:00:00+00:00,0.005480156800597102
2025-09-05 06:00:00+00:00,0.005248611438322999
2025-09-05 07:00:00+00:00,0.005207002273371506
2025-09-05 08:00:00+00:00,0.007431017378654133
2025-09-05 09:00:00+00:00,0.007215041749399501
2025-09-05 10:00:00+00:00,0.006781018413928511
2025-09-05 11:00:00+00:00,0.00681312693275992
2025-09-05 12:00:00+00:00,0.006322682707288852
2025-09-05 13:00:00+00:00,0.006678881831757926
2025-09-05 14:00:00+00:00,0.006250442143787492
2025-09-05 15:00:00+00:00,0.014277271721116284
2025-09-05 16:00:00+00:00,0.012681685452867889
2025-09-05 17:00:00+00:00,0.01142874957080271
2025-09-05 18:00:00+00:00,0.010339556017174184
2025-09-05 19:00:00+00:00,0.009985176945885138
2025-09-05 20:00:00+00:00,0.00914905058677257
2025-09-05 21:00:00+00:00,0.008618717639623647
2025-09-05 22:00:00+00:00,0.009137276395333896
2025-09-05 23:00:00+00:00,0.008604436274664597
2025-09-06 00:00:00+00:00,0.00803592424349288
2025-09-06 01:00:00+00:00,0.007655038344017227
2025-09-06 02:00:00+00:00,0.007072823274397873
2025-09-06 03:00:00+00:00,0.006499445884866371
2025-09-06 04:00:00+00:00,0.0059999505204669755
2025-09-06 05:00:00+00:00,0.005797288839144262
2025-09-06 06:00:00+00:00,0.005978136569868972
2025-09-06 07:00:00+00:00,0.005739389669455878
2025-09-06 08:00:00+00:00,0.005551438627897678
2025-09-06 09:00:00+00:00,0.005231876279659004
2025-09-06 10:00:00+00:00,0.005336498284386397
2025-09-06 11:00:00+00:00,0.00506324224594596
2025-09-06 12:00:00+00:00,0.0047980508827748245
2025-09-06 13:00:00+00:00,0.0045915786686140285
2025-09-06 14:00:00+00:00,0.004681354565224009
2025-09-06 15:00:00+00:00,0.004498625078940844
2025-09-06 16:00:00+00:00,0.005188022391145836
2025-09-06 17:00:00+00:00,0.005233480118319271
2025-09-06 18:00:00+00:00,0.005273940561991722
2025-09-06 19:00:00+00:00,0.005116458806738772
2025-09-06 20:00:00+00:00,0.005667467409176289
2025-09-06 21:00:00+00:00,0.005859190898287239
2025-09-06 22:00:00+00:00,0.005476370191534827
2025-09-06 23:00:00+00:00,0.005286263975598523
2025-09-07 00:00:00+00:00,0.004939471986750111
2025-09-07 01:00:00+00:00,0.00494816815121726
2025-09-07 02:00:00+00:00,0.004931049695737553
2025-09-07 03:00:00+00:00,0.004645958668848672
2025-09-07 04:00:00+00:00,0.004474256578494539
2025-09-07 05:00:00+00:00,0.004330826299885993
2025-09-07 06:00:00+00:00,0.004315933537082065
2025-09-07 07:00:00+00:00,0.004207790756971715
2025-09-07 08:00:00+00:00,0.004089160058288169
2025-09-07 09:00:00+00:00,0.0042214766114077535
2025-09-07 10:00:00+00:00,0.004359186911372014
2025-09-07 11:00:00+00:00,0.004230011057748955
2025-09-07 12:00:00+00:00,0.004103469454571988
2025-09-07 13:00:00+00:00,0.0041440475846141875
2025-09-07 14:00:00+00:00,0.003971768405033203
2025-09-07 15:00:00+00:00,0.0038054703968173668
2025-09-07 16:00:00+00:00,0.003707237081812147
2025-09-07 17:00:00+00:00,0.0038371497468983424
2025-09-07 18:00:00+00:00,0.003987942809981886
2025-09-07 19:00:00+00:00,0.003781370854900427
2025-09-07 20:00:00+00:00,0.003903611404478467
2025-09-07 21:00:00+00:00,0.003760269341069661
2025-09-07 22:00:00+00:00,0.003603810177193201
2025-09-07 23:00:00+00:00,0.003878036126465291
2025-09-08 00:00:00+00:00,0.0037577662288906417
2025-09-08 01:00:00+00:00,0.0036981437515993384
2025-09-08 02:00:00+00:00,0.0038606943425102077
2025-09-08 03:00:00+00:00,0.00395161638177714
2025-09-08 04:00:00+00:00,0.004064084424396954
2025-09-08 05:00:00+00:00,0.004442992941063505
2025-09-08 06:00:00+00:00,0.004283213744855945
2025-09-08 07:00:00+00:00,0.004113879329874919
2025-09-08 08:00:00+00:00,0.003992286532552136
2025-09-08 09:00:00+00:00,0.0040162405469029985
2025-09-08 10:00:00+00:00,0.00426590841076089
2025-09-08 11:00:00+00:00,0.004321239141099637
2025-09-08 12:00:00+00:00,0.0045557541131369
2025-09-08 13:00:00+00:00,0.004396216396935006
2025-09-08 14:00:00+00:00,0.00440286470390669
2025-09-08 15:00:00+00:00,0.0044702877175458525
2025-09-08 16:00:00+00:00,0.004811064865284096
2025-09-08 17:00:00+00:00,0.005450814465686498
2025-09-08 18:00:00+00:00,0.006228848160311111
2025-09-08 19:00:00+00:00,0.0063347517858117295
2025-09-08 20:00:00+00:00,0.00716625011547487
2025-09-08 21:00:00+00:00,0.006650560156531804
2025-09-08 22:00:00+00:00,0.006605675319531729
2025-09-08 23:00:00+00:00,0.006235048596183324
2025-09-09 00:00:00+00:00,0.00607860464683269
2025-09-09 01:00:00+00:00,0.005621669956024701
2025-09-09 02:00:00+00:00,0.005661718826551518
2025-09-09 03:00:00+00:00,0.0054874190550857575
2025-09-09 04:00:00+00:00,0.00574807893369285
2025-09-09 05:00:00+00:00,0.005466644335994431
2025-09-09 06:00:00+00:00,0.005097366752440658
2025-09-09 07:00:00+00:00,0.006436890540645335
2025-09-09 08:00:00+00:00,0.006442033829236814
2025-09-09 09:00:00+00:00,0.006051200993610728
2025-09-09 10:00:00+00:00,0.005670596936153466
2025-09-09 11:00:00+00:00,0.005580551247193467
2025-09-09 12:00:00+00:00,0.005290038353363687
2025-09-09 13:00:00+00:00,0.004931928589630001
2025-09-09 14:00:00+00:00,0.004641889715955034
2025-09-09 15:00:00+00:00,0.00616464175823602
2025-09-09 16:00:00+00:00,0.006046837753197523
2025-09-09 17:00:00+00:00,0.0059017381800749325
2025-09-09 18:00:00+00:00,0.005483521868517355
2025-09-09 19:00:00+00:00,0.00518165903218829
2025-09-09 20:00:00+00:00,0.0049874696501382544
2025-09-09 21:00:00+00:00,0.004690809636421894
2025-09-09 22:00:00+00:00,0.004561621821716756
2025-09-09 23:00:00+00:00,0.0046284135342521855
2025-09-10 00:00:00+00:00,0.004452961908999348
2025-09-10 01:00:00+00:00,0.004900932236494435
2025-09-10 02:00:00+00:00,0.004904536307676962
2025-09-10 03:00:00+00:00,0.004980022954536719
2025-09-10 04:00:00+00:00,0.004703992401437223
2025-09-10 05:00:00+00:00,0.00461090744860262
2025-09-10 06:00:00+00:00,0.004740751247001223
2025-09-10 07:00:00+00:00,0.004913045127107685
2025-09-10 08:00:00+00:00,0.0048083493425420815
2025-09-10 09:00:00+00:00,0.004541832273253763
2025-09-10 10:00:00+00:00,0.0043780182697575444
2025-09-10 11:00:00+00:00,0.004199247997945872
2025-09-10 12:00:00+00:00,0.0039834017818098045
2025-09-10 13:00:00+00:00,0.004802238686679352
2025-09-10 14:00:00+00:00,0.005806527039650543
2025-09-10 15:00:00+00:00,0.00555266315178422
2025-09-10 16:00:00+00:00,0.00515886666006825
2025-09-10 17:00:00+00:00,0.005760341998346412
2025-09-10 18:00:00+00:00,0.005845294627614781
2025-09-10 19:00:00+00:00,0.006364822198469089
2025-09-10 20:00:00+00:00,0.006416508574779852
2025-09-10 21:00:00+00:00,0.006141734104772799
2025-09-10 22:00:00+00:00,0.006082330600025163
2025-09-10 23:00:00+00:00,0.0056664278788629355
2025-09-11 00:00:00+00:00,0.00536925121051073
2025-09-11 01:00:00+00:00,0.005136870844228713
2025-09-11 02:00:00+00:00,0.005007838411302381
2025-09-11 03:00:00+00:00,0.005080340748886348
2025-09-11 04:00:00+00:00,0.005102525586275536
2025-09-11 05:00:00+00:00,0.005208049757870006
2025-09-11 06:00:00+00:00,0.0049627298344626725
2025-09-11 07:00:00+00:00,0.005037627137955095
2025-09-11 08:00:00+00:00,0.004868551334151581
2025-09-11 09:00:00+00:00,0.0047571629196537756
2025-09-11 10:00:00+00:00,0.005031972404473376
2025-09-11 11:00:00+00:00,0.004889436206932188
2025-09-11 12:00:00+00:00,0.004738000036091539
2025-09-11 13:00:00+00:00,0.004531776059870009
2025-09-11 14:00:00+00:00,0.005038589460149149
2025-09-11 15:00:00+00:00,0.004966539020166289
2025-09-11 16:00:00+00:00,0.005246957826213004
2025-09-11 17:00:00+00:00,0.005112027508946904
2025-09-11 18:00:00+00:00,0.005219079308239475
2025-09-11 19:00:00+00:00,0.005251904866577884
2025-09-11 20:00:00+00:00,0.005052703861551154
2025-09-11 21:00:00+00:00,0.00503458360833846
2025-09-11 22:00:00+00:00,0.004900608327093331
2025-09-11 23:00:00+00:00,0.005365450320394967
2025-09-12 00:00:00+00:00,0.005057966988623456
2025-09-12 01:00:00+00:00,0.006517841241820701
2025-09-12 02:00:00+00:00,0.00651934520814887
2025-09-12 03:00:00+00:00,0.006020386422573635
2025-09-12 04:00:00+00:00,0.005700248961332776
2025-09-12 05:00:00+00:00,0.005705164915714077
2025-09-12 06:00:00+00:00,0.005905286717074455
2025-09-12 07:00:00+00:00,0.005661114350438156
2025-09-12 08:00:00+00:00,0.005474037817378733
2025-09-12 09:00:00+00:00,0.005528500346508116
2025-09-12 10:00:00+00:00,0.005346954199149334
2025-09-12 11:00:00+00:00,0.005046277335850054
2025-09-12 12:00:00+00:00,0.004896953811826088
2025-09-12 13:00:00+00:00,0.004679585247623724
2025-09-12 14:00:00+00:00,0.004508078640530955
2025-09-12 15:00:00+00:00,0.004670852463534825
2025-09-12 16:00:00+00:00,0.004524048859606222
2025-09-12 17:00:00+00:00,0.004791786754619949
2025-09-12 18:00:00+00:00,0.005671940180340283
2025-09-12 19:00:00+00:00,0.0053630987140340395
2025-09-12 20:00:00+00:00,0.006001481908191582
2025-09-12 21:00:00+00:00,0.005933117597176062
2025-09-12 22:00:00+00:00,0.006166139904727925
2025-09-12 23:00:00+00:00,0.006870608161543299
2025-09-13 00:00:00+00:00,0.006364241204976031
2025-09-13 01:00:00+00:00,0.005925325511009328
2025-09-13 02:00:00+00:00,0.005559048197941489
2025-09-13 03:00:00+00:00,0.005246163736884132
2025-09-13 04:00:00+00:00,0.006337610493094259
2025-09-13 05:00:00+00:00,0.0061944816232553145
2025-09-13 06:00:00+00:00,0.00645325139850178
2025-09-13 07:00:00+00:00,0.006349912958481943
2025-09-13 08:00:00+00:00,0.005965447670941124
2025-09-13 09:00:00+00:00,0.005769172245055986
2025-09-13 10:00:00+00:00,0.005410783741563998
2025-09-13 11:00:00+00:00,0.005335547805385677
2025-09-13 12:00:00+00:00,0.005025508609213743
2025-09-13 13:00:00+00:00,0.004736375580576447
2025-09-13 14:00:00+00:00,0.00603364054280917
2025-09-13 15:00:00+00:00,0.00593149380125039
2025-09-13 16:00:00+00:00,0.006733793363710433
2025-09-13 17:00:00+00:00,0.006944946976686636
2025-09-13 18:00:00+00:00,0.006630258380502191
2025-09-13 19:00:00+00:00,0.006148558811268748
2025-09-13 20:00:00+00:00,0.005763090408004002
2025-09-13 21:00:00+00:00,0.005697317393640021
2025-09-13 22:00:00+00:00,0.005449942100909953
2025-09-13 23:00:00+00:00,0.005232859206275297
2025-09-14 00:00:00+00:00,0.005057250131023386
2025-09-14 01:00:00+00:00,0.004747061011799204
2025-09-14 02:00:00+00:00,0.004584133350712941
2025-09-14 03:00:00+00:00,0.004538737356006518
2025-09-14 04:00:00+00:00,0.004654324046359877
2025-09-14 05:00:00+00:00,0.004634963854755304
2025-09-14 06:00:00+00:00,0.004697502284865155
2025-09-14 07:00:00+00:00,0.004648769300915419
2025-09-14 08:00:00+00:00,0.00490976023796763
2025-09-14 09:00:00+00:00,0.004779201185694122
2025-09-14 10:00:00+00:00,0.004651111836662758
2025-09-14 11:00:00+00:00,0.00449792125456208
2025-09-14 12:00:00+00:00,0.004999054889113998
2025-09-14 13:00:00+00:00,0.004983005328491735
2025-09-14 14:00:00+00:00,0.004915463639410364
2025-09-14 15:00:00+00:00,0.005454022868209381
2025-09-14 16:00:00+00:00,0.005345187534291939
2025-09-14 17:00:00+00:00,0.005314640946173898
2025-09-14 18:00:00+00:00,0.005521480092140628
2025-09-14 19:00:00+00:00,0.005567719570875449
2025-09-14 20:00:00+00:00,0.005300391699952578
2025-09-14 21:00:00+00:00,0.0050677973675098825
2025-09-14 22:00:00+00:00,0.00493360404548873
2025-09-14 23:00:00+00:00,0.004650380483455252
2025-09-15 00:00:00+00:00,0.00493452942659162
2025-09-15 01:00:00+00:00,0.004781856564647901
2025-09-15 02:00:00+00:00,0.004712476903417502
2025-09-15 03:00:00+00:00,0.004600289613346082
2025-09-15 04:00:00+00:00,0.004631354360967203
2025-09-15 05:00:00+00:00,0.0045203994261480505
2025-09-15 06:00:00+00:00,0.004635944399835358
2025-09-15 07:00:00+00:00,0.005429297807104291
2025-09-15 08:00:00+00:00,0.005977664102163876
2025-09-15 09:00:00+00:00,0.008379591272886514
2025-09-15 10:00:00+00:00,0.007678474909021545
2025-09-15 11:00:00+00:00,0.00709732431535681
2025-09-15 12:00:00+00:00,0.006520497299284485
2025-09-15 13:00:00+00:00,0.006399317750743216
2025-09-15 14:00:00+00:00,0.006008702354210964
2025-09-15 15:00:00+00:00,0.005661143256588907
2025-09-15 16:00:00+00:00,0.006053683033372903
2025-09-15 17:00:00+00:00,0.005709540469119542
2025-09-15 18:00:00+00:00,0.005366987209258254
2025-09-15 19:00:00+00:00,0.005029670837007068
2025-09-15 20:00:00+00:00,0.004964869767199324
2025-09-15 21:00:00+00:00,0.005121708646700553
2025-09-15 22:00:00+00:00,0.005023600832875318
2025-09-15 23:00:00+00:00,0.004943802048477046
2025-09-16 00:00:00+00:00,0.004781532419698856
2025-09-16 01:00:00+00:00,0.004909460055410003
2025-09-16 02:00:00+00:00,0.004947449763180641
2025-09-16 03:00:00+00:00,0.004722179274606769
2025-09-16 04:00:00+00:00,0.004534504486495772
2025-09-16 05:00:00+00:00,0.004484259913779361
2025-09-16 06:00:00+00:00,0.004503728057264615
2025-09-16 07:00:00+00:00,0.005043734473615048
2025-09-16 08:00:00+00:00,0.004956975989649873
2025-09-16 09:00:00+00:00,0.004716371961988541
2025-09-16 10:00:00+00:00,0.004476552119451289
2025-09-16 11:00:00+00:00,0.0044259203420592775
2025-09-16 12:00:00+00:00,0.004263644071288079
2025-09-16 13:00:00+00:00,0.004107776493337916
2025-09-16 14:00:00+00:00,0.005896781913536902
2025-09-16 15:00:00+00:00,0.0055041718177475975
2025-09-16 16:00:00+00:00,0.005243197942107003
2025-09-16 17:00:00+00:00,0.00496943804797587
2025-09-16 18:00:00+00:00,0.005225952880607726
2025-09-16 19:00:00+00:00,0.004895338049104006
2025-09-16 20:00:00+00:00,0.004726601788465071
2025-09-16 21:00:00+00:00,0.004613006341855688
2025-09-16 22:00:00+00:00,0.004574178779900924
2025-09-16 23:00:00+00:00,0.004656928773590218
2025-09-17 00:00:00+00:00,0.004992403552283562
2025-09-17 01:00:00+00:00,0.0049045621482308125
2025-09-17 02:00:00+00:00,0.00474417137809256
2025-09-17 03:00:00+00:00,0.00535368444886314
2025-09-17 04:00:00+00:00,0.006421044922553503
2025-09-17 05:00:00+00:00,0.00675732258163192
2025-09-17 06:00:00+00:00,0.006712940775539275
2025-09-17 07:00:00+00:00,0.0074615194776967665
2025-09-17 08:00:00+00:00,0.006869348904060957
2025-09-17 09:00:00+00:00,0.007434336443566544
2025-09-17 10:00:00+00:00,0.00708520223046658
2025-09-17 11:00:00+00:00,0.00695231441349689
2025-09-17 12:00:00+00:00,0.006599764847952897
2025-09-17 13:00:00+00:00,0.006312513857272007
2025-09-17 14:00:00+00:00,0.005886541442290397
2025-09-17 15:00:00+00:00,0.005981212222403998
2025-09-17 16:00:00+00:00,0.005634242890128439
2025-09-17 17:00:00+00:00,0.005239768029499947
2025-09-17 18:00:00+00:00,0.005357475167905011
2025-09-17 19:00:00+00:00,0.007697117059154137
2025-09-17 20:00:00+00:00,0.008994244800637768
2025-09-17 21:00:00+00:00,0.00824700528631615
2025-09-17 22:00:00+00:00,0.007985038047459592
2025-09-17 23:00:00+00:00,0.008781908495647438
2025-09-18 00:00:00+00:00,0.008067480676241903
2025-09-18 01:00:00+00:00,0.007378717499980715
2025-09-18 02:00:00+00:00,0.0073545429391403405
2025-09-18 03:00:00+00:00,0.006922202728672957
2025-09-18 04:00:00+00:00,0.006463594316941762
2025-09-18 05:00:00+00:00,0.006316154630099207
2025-09-18 06:00:00+00:00,0.006359015131183392
2025-09-18 07:00:00+00:00,0.006618908510334462
2025-09-18 08:00:00+00:00,0.006396909592617037
2025-09-18 09:00:00+00:00,0.006401218312278329
2025-09-18 10:00:00+00:00,0.005973621848392962
2025-09-18 11:00:00+00:00,0.00618288123922489
2025-09-18 12:00:00+00:00,0.005817619913965398
2025-09-18 13:00:00+00:00,0.0054259180866865694
2025-09-18 14:00:00+00:00,0.005193504182732313
2025-09-18 15:00:00+00:00,0.005187335755470426
2025-09-18 16:00:00+00:00,0.00495889393561849
2025-09-18 17:00:00+00:00,0.0053319158781979445
2025-09-18 18:00:00+00:00,0.005517892877518383
2025-09-18 19:00:00+00:00,0.005208422197992891
2025-09-18 20:00:00+00:00,0.00566009820619975
2025-09-18 21:00:00+00:00,0.005545004353077035
2025-09-18 22:00:00+00:00,0.005247454086627131
2025-09-18 23:00:00+00:00,0.005123621503318844
2025-09-19 00:00:00+00:00,0.004822086978344601
2025-09-19 01:00:00+00:00,0.004830453348905928
2025-09-19 02:00:00+00:00,0.004557977315636163
2025-09-19 03:00:00+00:00,0.004671241539727518
2025-09-19 04:00:00+00:00,0.005658657428113225
2025-09-19 05:00:00+00:00,0.005320755234940646
2025-09-19 06:00:00+00:00,0.005270511650016396
2025-09-19 07:00:00+00:00,0.005345140302662552
2025-09-19 08:00:00+00:00,0.005232864986606765
2025-09-19 09:00:00+00:00,0.005043444269324884
2025-09-19 10:00:00+00:00,0.005054247894037672
2025-09-19 11:00:00+00:00,0.004859464187210702
2025-09-19 12:00:00+00:00,0.004978064508603401
2025-09-19 13:00:00+00:00,0.004709380502027587
2025-09-19 14:00:00+00:00,0.004748561596943272
2025-09-19 15:00:00+00:00,0.005477060864942597
2025-09-19 16:00:00+00:00,0.005929101748282347
2025-09-19 17:00:00+00:00,0.00568210389679743
2025-09-19 18:00:00+00:00,0.005932208680306334
2025-09-19 19:00:00+00:00,0.005874753306214504
2025-09-19 20:00:00+00:00,0.005443259836794111
2025-09-19 21:00:00+00:00,0.005282093422570386
2025-09-19 22:00:00+00:00,0.005155861063273755
2025-09-19 23:00:00+00:00,0.0049095851747807725
2025-09-20 00:00:00+00:00,0.0047378519459652
2025-09-20 01:00:00+00:00,0.0046087230132020995
2025-09-20 02:00:00+00:00,0.004473727901632805
2025-09-20 03:00:00+00:00,0.004290193302983479
2025-09-20 04:00:00+00:00,0.004096727916485367
2025-09-20 05:00:00+00:00,0.0040512187770704545
2025-09-20 06:00:00+00:00,0.003931447827168647
2025-09-20 07:00:00+00:00,0.00378301424371448
2025-09-20 08:00:00+00:00,0.003630324103310403
2025-09-20 09:00:00+00:00,0.0036644475274191747
2025-09-20 10:00:00+00:00,0.0035340628446172786
2025-09-20 11:00:00+00:00,0.003422427503497905
2025-09-20 12:00:00+00:00,0.0033784234747783804
2025-09-20 13:00:00+00:00,0.003379698018189537
2025-09-20 14:00:00+00:00,0.0032973148623006198
2025-09-20 15:00:00+00:00,0.003739288338899358
2025-09-20 16:00:00+00:00,0.0036932457845253695
2025-09-20 17:00:00+00:00,0.003585343521987596
2025-09-20 18:00:00+00:00,0.003966039276763095
2025-09-20 19:00:00+00:00,0.003923679885053356
2025-09-20 20:00:00+00:00,0.0037287291780938167
2025-09-20 21:00:00+00:00,0.0037898581556276407
2025-09-20 22:00:00+00:00,0.003648720634238364
2025-09-20 23:00:00+00:00,0.0035076824822986696
2025-09-21 00:00:00+00:00,0.0036792499280082413
2025-09-21 01:00:00+00:00,0.003582784956262045
2025-09-21 02:00:00+00:00,0.003563907861167807
2025-09-21 03:00:00+00:00,0.0033836099671254124
2025-09-21 04:00:00+00:00,0.003340571276423513
2025-09-21 05:00:00+00:00,0.003333141382487156
2025-09-21 06:00:00+00:00,0.0032951035795989
2025-09-21 07:00:00+00:00,0.003330900651344809
2025-09-21 08:00:00+00:00,0.0033922502430954017
2025-09-21 09:00:00+00:00,0.003545584409064894
2025-09-21 10:00:00+00:00,0.0034315106418836426
2025-09-21 11:00:00+00:00,0.003459342108284924
2025-09-21 12:00:00+00:00,0.0033321976369317424
2025-09-21 13:00:00+00:00,0.0033383794835537698
2025-09-21 14:00:00+00:00,0.003327839617387562
2025-09-21 15:00:00+00:00,0.003183917415497845
2025-09-21 16:00:00+00:00,0.0031387682951357397
2025-09-21 17:00:00+00:00,0.0034315240898906444
2025-09-21 18:00:00+00:00,0.0035642057188207837
2025-09-21 19:00:00+00:00,0.003749048917223731
2025-09-21 20:00:00+00:00,0.003611873842835534
2025-09-21 21:00:00+00:00,0.003803145653272027
2025-09-21 22:00:00+00:00,0.0038030686050332376
2025-09-21 23:00:00+00:00,0.003752901060110316
2025-09-22 00:00:00+00:00,0.0040090505600531125
2025-09-22 01:00:00+00:00,0.009073992356763082
2025-09-22 02:00:00+00:00,0.008396984288498003
2025-09-22 03:00:00+00:00,0.009194897576222372
2025-09-22 04:00:00+00:00,0.008568369524602595
2025-09-22 05:00:00+00:00,0.008041840404723452
2025-09-22 06:00:00+00:00,0.007662359432054024
2025-09-22 07:00:00+00:00,0.010699169108467124
2025-09-22 08:00:00+00:00,0.009747665863494945
2025-09-22 09:00:00+00:00,0.008815133051791622
2025-09-22 10:00:00+00:00,0.009719400388580695
2025-09-22 11:00:00+00:00,0.009567710656419702
2025-09-22 12:00:00+00:00,0.008676687159402712
2025-09-22 13:00:00+00:00,0.00816921244224636
2025-09-22 14:00:00+00:00,0.007474351991779354
2025-09-22 15:00:00+00:00,0.0068953722010187835
2025-09-22 16:00:00+00:00,0.006998384786037923
2025-09-22 17:00:00+00:00,0.006483725084708903
2025-09-22 18:00:00+00:00,0.005973139086398375
2025-09-22 19:00:00+00:00,0.005734591734412636
2025-09-22 20:00:00+00:00,0.005928094355563272
2025-09-22 21:00:00+00:00,0.006602794317109699
2025-09-22 22:00:00+00:00,0.006326591115056661
2025-09-22 23:00:00+00:00,0.005998867478896126
2025-09-23 00:00:00+00:00,0.005819327235126774
2025-09-23 01:00:00+00:00,0.005548724834985337
2025-09-23 02:00:00+00:00,0.005925149736580109
2025-09-23 03:00:00+00:00,0.006153368988595057
2025-09-23 04:00:00+00:00,0.006716300066177761
2025-09-23 05:00:00+00:00,0.006498233073512476
2025-09-23 06:00:00+00:00,0.006133373155628206
2025-09-23 07:00:00+00:00,0.006223389097382378
2025-09-23 08:00:00+00:00,0.005752455924847185
2025-09-23 09:00:00+00:00,0.005393793152985555
2025-09-23 10:00:00+00:00,0.00551297128405882
2025-09-23 11:00:00+00:00,0.005131885656995532
2025-09-23 12:00:00+00:00,0.004814254721298473
2025-09-23 13:00:00+00:00,0.004562540314983883
2025-09-23 14:00:00+00:00,0.004433867994356804
2025-09-23 15:00:00+00:00,0.004614333822079228
2025-09-23 16:00:00+00:00,0.004475145363345817
2025-09-23 17:00:00+00:00,0.004535527094795074
2025-09-23 18:00:00+00:00,0.006137977423980375
2025-09-23 19:00:00+00:00,0.005680618315740438
2025-09-23 20:00:00+00:00,0.005294020449722306
2025-09-23 21:00:00+00:00,0.005128595717455099
2025-09-23 22:00:00+00:00,0.005467000476953584
2025-09-23 23:00:00+00:00,0.005168093834703033
2025-09-24 00:00:00+00:00,0.0052983503868295825
2025-09-24 01:00:00+00:00,0.005211683553080549
2025-09-24 02:00:00+00:00,0.005197634234089469
2025-09-24 03:00:00+00:00,0.005610966735546548
2025-09-24 04:00:00+00:00,0.006067687262799318
2025-09-24 05:00:00+00:00,0.005699556927418523
2025-09-24 06:00:00+00:00,0.00612369335437094
2025-09-24 07:00:00+00:00,0.005869978348680496
2025-09-24 08:00:00+00:00,0.0055121256371235714
2025-09-24 09:00:00+00:00,0.005241157197958968
2025-09-24 10:00:00+00:00,0.0050520612192588
2025-09-24 11:00:00+00:00,0.004930563689359534
2025-09-24 12:00:00+00:00,0.004812859206760228
2025-09-24 13:00:00+00:00,0.004511836856286891
2025-09-24 14:00:00+00:00,0.004852468945734767
2025-09-24 15:00:00+00:00,0.005552218972121131
2025-09-24 16:00:00+00:00,0.006111430829374383
2025-09-24 17:00:00+00:00,0.005661435500576299
2025-09-24 18:00:00+00:00,0.005497123750589321
2025-09-24 19:00:00+00:00,0.005458490519597357
2025-09-24 20:00:00+00:00,0.005276162617392567
2025-09-24 21:00:00+00:00,0.004913580391751187
2025-09-24 22:00:00+00:00,0.004630132322969365
2025-09-24 23:00:00+00:00,0.0047275549333295
2025-09-25 00:00:00+00:00,0.0045518055850462275
2025-09-25 01:00:00+00:00,0.004789028244749895
2025-09-25 02:00:00+00:00,0.005977245228272852
2025-09-25 03:00:00+00:00,0.005920819880077015
2025-09-25 04:00:00+00:00,0.007702055952638858
2025-09-25 05:00:00+00:00,0.009022302730578479
2025-09-25 06:00:00+00:00,0.009052156976734416
2025-09-25 07:00:00+00:00,0.009223210175856944
2025-09-25 08:00:00+00:00,0.00857376858301915
2025-09-25 09:00:00+00:00,0.007846878866704947
2025-09-25 10:00:00+00:00,0.007657040807314133
2025-09-25 11:00:00+00:00,0.0075124923131000085
2025-09-25 12:00:00+00:00,0.007235739940937539
2025-09-25 13:00:00+00:00,0.0068561709010150395
2025-09-25 14:00:00+00:00,0.0075160980816454
2025-09-25 15:00:00+00:00,0.008244322524087555
2025-09-25 16:00:00+00:00,0.007827013840213953
2025-09-25 17:00:00+00:00,0.009143933702191243
2025-09-25 18:00:00+00:00,0.011873894704093394
2025-09-25 19:00:00+00:00,0.012223938686847336
2025-09-25 20:00:00+00:00,0.010920151117840001
2025-09-25 21:00:00+00:00,0.010889770810382098
2025-09-25 22:00:00+00:00,0.010292021416690804
2025-09-25 23:00:00+00:00,0.009845684855695164
2025-09-26 00:00:00+00:00,0.009750457041046207
2025-09-26 01:00:00+00:00,0.010262667077403014
2025-09-26 02:00:00+00:00,0.009999159081628904
2025-09-26 03:00:00+00:00,0.009495066327077752
2025-09-26 04:00:00+00:00,0.008600142303218894
2025-09-26 05:00:00+00:00,0.008252925199762388
2025-09-26 06:00:00+00:00,0.008451200844491557
2025-09-26 07:00:00+00:00,0.007707412450066599
2025-09-26 08:00:00+00:00,0.007117732590790567
2025-09-26 09:00:00+00:00,0.0069341890730281654
2025-09-26 10:00:00+00:00,0.007115725856760746
2025-09-26 11:00:00+00:00,0.007395112987730164
2025-09-26 12:00:00+00:00,0.00732315320986624
2025-09-26 13:00:00+00:00,0.007402571743637612
2025-09-26 14:00:00+00:00,0.007904999420914294
2025-09-26 15:00:00+00:00,0.008816335278472155
2025-09-26 16:00:00+00:00,0.008403439481166668
2025-09-26 17:00:00+00:00,0.008680107590627234
2025-09-26 18:00:00+00:00,0.009458876354892594
2025-09-26 19:00:00+00:00,0.008687101299078003
2025-09-26 20:00:00+00:00,0.00862461921932233
2025-09-26 21:00:00+00:00,0.008116701146921607
2025-09-26 22:00:00+00:00,0.007537640217434211
2025-09-26 23:00:00+00:00,0.007176342182480847
2025-09-27 00:00:00+00:00,0.006652801128690176
2025-09-27 01:00:00+00:00,0.0064019592124359165
2025-09-27 02:00:00+00:00,0.006275964676613747
2025-09-27 03:00:00+00:00,0.0058303868642407405
2025-09-27 04:00:00+00:00,0.005617393825639097
2025-09-27 05:00:00+00:00,0.005210603430012156
2025-09-27 06:00:00+00:00,0.004922860970101149
2025-09-27 07:00:00+00:00,0.004660232450611721
2025-09-27 08:00:00+00:00,0.004606832768036386
2025-09-27 09:00:00+00:00,0.005089892641425311
2025-09-27 10:00:00+00:00,0.004930047386776192
2025-09-27 11:00:00+00:00,0.005066013658287871
2025-09-27 12:00:00+00:00,0.005078055637272285
2025-09-27 13:00:00+00:00,0.005197075004294354
2025-09-27 14:00:00+00:00,0.004841863387846915
2025-09-27 15:00:00+00:00,0.004707268893215261
2025-09-27 16:00:00+00:00,0.004516013075729414
2025-09-27 17:00:00+00:00,0.00462459602196167
2025-09-27 18:00:00+00:00,0.004660542395748287
2025-09-27 19:00:00+00:00,0.004518583386392659
2025-09-27 20:00:00+00:00,0.004442573028866603
2025-09-27 21:00:00+00:00,0.004180832034247159
2025-09-27 22:00:00+00:00,0.004317739240378427
2025-09-27 23:00:00+00:00,0.004156407939835738
2025-09-28 00:00:00+00:00,0.0039335053056694155
2025-09-28 01:00:00+00:00,0.0037103400110958394
2025-09-28 02:00:00+00:00,0.004291775791259668
2025-09-28 03:00:00+00:00,0.004093118456495413
2025-09-28 04:00:00+00:00,0.0038658983264922013
2025-09-28 05:00:00+00:00,0.003740172623329041
2025-09-28 06:00:00+00:00,0.003645638339465932
2025-09-28 07:00:00+00:00,0.003739112421327656
2025-09-28 08:00:00+00:00,0.003879268686955683
2025-09-28 09:00:00+00:00,0.00388071884766538
2025-09-28 10:00:00+00:00,0.0039418531430710215
2025-09-28 11:00:00+00:00,0.003731915077765387
2025-09-28 12:00:00+00:00,0.00379532524675084
2025-09-28 13:00:00+00:00,0.00403985820684358
2025-09-28 14:00:00+00:00,0.004505055655950794
2025-09-28 15:00:00+00:00,0.004798312409890022
2025-09-28 16:00:00+00:00,0.0044991353299336095
2025-09-28 17:00:00+00:00,0.004388613198082074
2025-09-28 18:00:00+00:00,0.004485949245003314
2025-09-28 19:00:00+00:00,0.004309387757064308
2025-09-28 20:00:00+00:00,0.004040188792067555
2025-09-28 21:00:00+00:00,0.004373071330814793
2025-09-28 22:00:00+00:00,0.004515824055141525
2025-09-28 23:00:00+00:00,0.007172725254483787
2025-09-29 00:00:00+00:00,0.006804704108318997
2025-09-29 01:00:00+00:00,0.00661928922894993
2025-09-29 02:00:00+00:00,0.006448095701827979
2025-09-29 03:00:00+00:00,0.006208674874338557
2025-09-29 04:00:00+00:00,0.005809131172314742
2025-09-29 05:00:00+00:00,0.005496639615513452
2025-09-29 06:00:00+00:00,0.005292225809556329
2025-09-29 07:00:00+00:00,0.005273706360308819
2025-09-29 08:00:00+00:00,0.005078617677907925
2025-09-29 09:00:00+00:00,0.0051793173157788554
2025-09-29 10:00:00+00:00,0.004930410895471503
2025-09-29 11:00:00+00:00,0.005030875087532633
2025-09-29 12:00:00+00:00,0.005243601346783666
2025-09-29 13:00:00+00:00,0.005042005091885293
2025-09-29 14:00:00+00:00,0.006633769909304023
2025-09-29 15:00:00+00:00,0.007035841774735407
2025-09-29 16:00:00+00:00,0.007622844489070775
2025-09-29 17:00:00+00:00,0.0074380996457871305
2025-09-29 18:00:00+00:00,0.007018606104736463
2025-09-29 19:00:00+00:00,0.006541752840751222
2025-09-29 20:00:00+00:00,0.006732817798348621
2025-09-29 21:00:00+00:00,0.007148300785448172
2025-09-29 22:00:00+00:00,0.006717673058161008
2025-09-29 23:00:00+00:00,0.006216037930863859
2025-09-30 00:00:00+00:00,0.005793815350741928
2025-09-30 01:00:00+00:00,0.005477907092736372
2025-09-30 02:00:00+00:00,0.00553249858986297
2025-09-30 03:00:00+00:00,0.005202833017906415
2025-09-30 04:00:00+00:00,0.0048935122398365135
2025-09-30 05:00:00+00:00,0.004825619156848223
2025-09-30 06:00:00+00:00,0.004896346784056967
2025-09-30 07:00:00+00:00,0.004939684020466851
2025-09-30 08:00:00+00:00,0.004963084182743316
2025-09-30 09:00:00+00:00,0.005096569576456751
2025-09-30 10:00:00+00:00,0.005506692305907413
2025-09-30 11:00:00+00:00,0.005384700039392245
2025-09-30 12:00:00+00:00,0.005121163721330798
2025-09-30 13:00:00+00:00,0.004796670857987416
2025-09-30 14:00:00+00:00,0.00486050708406897
2025-09-30 15:00:00+00:00,0.0049940180297000595
2025-09-30 16:00:00+00:00,0.005463608042441665
2025-09-30 17:00:00+00:00,0.0054609144367060505
2025-09-30 18:00:00+00:00,0.005138099404669391
2025-09-30 19:00:00+00:00,0.005044828120450974
2025-09-30 20:00:00+00:00,0.005957779011331929
2025-09-30 21:00:00+00:00,0.006317661994443693
2025-09-30 22:00:00+00:00,0.006319360595305271
2025-09-30 23:00:00+00:00,0.006942677628455453
2025-10-01 00:00:00+00:00,0.006382651048217384
2025-10-01 01:00:00+00:00,0.006160577798247544
2025-10-01 02:00:00+00:00,0.00659690257350564
2025-10-01 03:00:00+00:00,0.00640488772593737
2025-10-01 04:00:00+00:00,0.006851694673735029
2025-10-01 05:00:00+00:00,0.006587982697289175
2025-10-01 06:00:00+00:00,0.006259712615895486
2025-10-01 07:00:00+00:00,0.006564379260862264
2025-10-01 08:00:00+00:00,0.006490738679133318
2025-10-01 09:00:00+00:00,0.011031387627504555
2025-10-01 10:00:00+00:00,0.010223537549883551
2025-10-01 11:00:00+00:00,0.009818466343273845
2025-10-01 12:00:00+00:00,0.009121650620411698
2025-10-01 13:00:00+00:00,0.008659201253545731
2025-10-01 14:00:00+00:00,0.008081138727601982
2025-10-01 15:00:00+00:00,0.00811473449971786
2025-10-01 16:00:00+00:00,0.007588184770194114
2025-10-01 17:00:00+00:00,0.006976122497049212
2025-10-01 18:00:00+00:00,0.007827577182362494
2025-10-01 19:00:00+00:00,0.007721600827092677
2025-10-01 20:00:00+00:00,0.0075914902661977385
2025-10-01 21:00:00+00:00,0.007227222606004455
2025-10-01 22:00:00+00:00,0.007357641701507155
2025-10-01 23:00:00+00:00,0.006956317168057824
2025-10-02 00:00:00+00:00,0.006986057752107249
2025-10-02 01:00:00+00:00,0.006427229245688358
2025-10-02 02:00:00+00:00,0.007061764612614582
2025-10-02 03:00:00+00:00,0.0065702925561986905
2025-10-02 04:00:00+00:00,0.006263320686743071
2025-10-02 05:00:00+00:00,0.005982071769917969
2025-10-02 06:00:00+00:00,0.005794236939225542
2025-10-02 07:00:00+00:00,0.0057440809030725685
2025-10-02 08:00:00+00:00,0.005984615284857064
2025-10-02 09:00:00+00:00,0.005721225995059724
2025-10-02 10:00:00+00:00,0.0053192475307291594
2025-10-02 11:00:00+00:00,0.005061517917739442
2025-10-02 12:00:00+00:00,0.004832548164845536
2025-10-02 13:00:00+00:00,0.004580158094341695
2025-10-02 14:00:00+00:00,0.004800271965746264
2025-10-02 15:00:00+00:00,0.005480708354796234
2025-10-02 16:00:00+00:00,0.006120260784301275
2025-10-02 17:00:00+00:00,0.0062400539449155665
2025-10-02 18:00:00+00:00,0.006262660315625543
2025-10-02 19:00:00+00:00,0.0062939608573908505
2025-10-02 20:00:00+00:00,0.006046130567979184
2025-10-02 21:00:00+00:00,0.006074274602456755
2025-10-02 22:00:00+00:00,0.00578124544069252
2025-10-02 23:00:00+00:00,0.005907966409800807
2025-10-03 00:00:00+00:00,0.005960848986652626
2025-10-03 01:00:00+00:00,0.005858767958758477
2025-10-03 02:00:00+00:00,0.005424018587923703
2025-10-03 03:00:00+00:00,0.005808235901589765
2025-10-03 04:00:00+00:00,0.005870825798774134
2025-10-03 05:00:00+00:00,0.006174051459892139
2025-10-03 06:00:00+00:00,0.006473163673735974
2025-10-03 07:00:00+00:00,0.006185632871503183
2025-10-03 08:00:00+00:00,0.0058923052239240525
2025-10-03 09:00:00+00:00,0.005552386444699377
2025-10-03 10:00:00+00:00,0.005568019026110739
2025-10-03 11:00:00+00:00,0.005440960884433451
2025-10-03 12:00:00+00:00,0.005105167817233294
2025-10-03 13:00:00+00:00,0.0048065880417535725
2025-10-03 14:00:00+00:00,0.004645674854856184
2025-10-03 15:00:00+00:00,0.004491167449637439
2025-10-03 16:00:00+00:00,0.005112016552245924
2025-10-03 17:00:00+00:00,0.005311031492201405
2025-10-03 18:00:00+00:00,0.008053062570161569
2025-10-03 19:00:00+00:00,0.008275390024083208
2025-10-03 20:00:00+00:00,0.007998776907835313
2025-10-03 21:00:00+00:00,0.007466025099693245
2025-10-03 22:00:00+00:00,0.007154582603117155
2025-10-03 23:00:00+00:00,0.0067710999181200895
2025-10-04 00:00:00+00:00,0.006613220739130795
2025-10-04 01:00:00+00:00,0.006578932079375679
2025-10-04 02:00:00+00:00,0.00673631563575859
2025-10-04 03:00:00+00:00,0.0063609755002586145
2025-10-04 04:00:00+00:00,0.005898976453183507
2025-10-04 05:00:00+00:00,0.005760369622763555
2025-10-04 06:00:00+00:00,0.005484748428173217
2025-10-04 07:00:00+00:00,0.005237741071279181
2025-10-04 08:00:00+00:00,0.005216598737605134
2025-10-04 09:00:00+00:00,0.005158500878507097
2025-10-04 10:00:00+00:00,0.004799481262043534
2025-10-04 11:00:00+00:00,0.004558819434556597
2025-10-04 12:00:00+00:00,0.004348996424057948
2025-10-04 13:00:00+00:00,0.0042744725507629705
2025-10-04 14:00:00+00:00,0.004425542470918574
2025-10-04 15:00:00+00:00,0.004788813230328228
2025-10-04 16:00:00+00:00,0.005080393436567007
2025-10-04 17:00:00+00:00,0.00479941702911727
2025-10-04 18:00:00+00:00,0.004486049477831991
2025-10-04 19:00:00+00:00,0.004367282292723344
2025-10-04 20:00:00+00:00,0.0043748917918071464
2025-10-04 21:00:00+00:00,0.004363658503019842
2025-10-04 22:00:00+00:00,0.004289584913189152
2025-10-04 23:00:00+00:00,0.0041536442029319835
2025-10-05 00:00:00+00:00,0.0040327532101503355
2025-10-05 01:00:00+00:00,0.004149758775805249
2025-10-05 02:00:00+00:00,0.004222813436920355
2025-10-05 03:00:00+00:00,0.0049959067536125435
2025-10-05 04:00:00+00:00,0.005221444763321722
2025-10-05 05:00:00+00:00,0.005568059698741728
2025-10-05 06:00:00+00:00,0.005770603519328374
2025-10-05 07:00:00+00:00,0.005339360912555872
2025-10-05 08:00:00+00:00,0.005714400854344031
2025-10-05 09:00:00+00:00,0.00529486007320481
2025-10-05 10:00:00+00:00,0.006080043618993025
2025-10-05 11:00:00+00:00,0.006030783039236225
2025-10-05 12:00:00+00:00,0.0058381131764868545
2025-10-05 13:00:00+00:00,0.005894840553184748
2025-10-05 14:00:00+00:00,0.005454577939035121
2025-10-05 15:00:00+00:00,0.005177867361304551
2025-10-05 16:00:00+00:00,0.004868922019714836
2025-10-05 17:00:00+00:00,0.004985524692948432
2025-10-05 18:00:00+00:00,0.004958194628280544
2025-10-05 19:00:00+00:00,0.004914438720043744
2025-10-05 20:00:00+00:00,0.005548979745557817
2025-10-05 21:00:00+00:00,0.005433373546182357
2025-10-05 22:00:00+00:00,0.005063578268812424
2025-10-05 23:00:00+00:00,0.0048832862089185575
2025-10-06 00:00:00+00:00,0.0046923219446504145
2025-10-06 01:00:00+00:00,0.004789617010345834
2025-10-06 02:00:00+00:00,0.005106285632052345
2025-10-06 03:00:00+00:00,0.004932619773836936
2025-10-06 04:00:00+00:00,0.004687166276590336
2025-10-06 05:00:00+00:00,0.004474115751012532
2025-10-06 06:00:00+00:00,0.004320871513301744
2025-10-06 07:00:00+00:00,0.004871924064265249
2025-10-06 08:00:00+00:00,0.0053358430704825875
2025-10-06 09:00:00+00:00,0.005639091082708444
2025-10-06 10:00:00+00:00,0.0054918258995745395
2025-10-06 11:00:00+00:00,0.005149155899762542
2025-10-06 12:00:00+00:00,0.0048519785072667935
2025-10-06 13:00:00+00:00,0.004713781164746667
2025-10-06 14:00:00+00:00,0.0053928367280329514
2025-10-06 15:00:00+00:00,0.00573870881204707
2025-10-06 16:00:00+00:00,0.00607632169930007
2025-10-06 17:00:00+00:00,0.005651880853509005
2025-10-06 18:00:00+00:00,0.00574712300778468
2025-10-06 19:00:00+00:00,0.005391118519563699
2025-10-06 20:00:00+00:00,0.005053657518153295
2025-10-06 21:00:00+00:00,0.00504513129592408
2025-10-06 22:00:00+00:00,0.004894158286491494
2025-10-06 23:00:00+00:00,0.004881714604002483
2025-10-07 00:00:00+00:00,0.004727804437406283
2025-10-07 01:00:00+00:00,0.004774629692393176
2025-10-07 02:00:00+00:00,0.004524817183230766
2025-10-07 03:00:00+00:00,0.004398493174141191
2025-10-07 04:00:00+00:00,0.004303547503998143
2025-10-07 05:00:00+00:00,0.00453369954819514
2025-10-07 06:00:00+00:00,0.004246146084462825
2025-10-07 07:00:00+00:00,0.00528415186842045
2025-10-07 08:00:00+00:00,0.004907405478570618
2025-10-07 09:00:00+00:00,0.004628088441133921
2025-10-07 10:00:00+00:00,0.004342692250363596
2025-10-07 11:00:00+00:00,0.004442313255547076
2025-10-07 12:00:00+00:00,0.004489158514634834
2025-10-07 13:00:00+00:00,0.004548288065211522
2025-10-07 14:00:00+00:00,0.0049339160893353004
2025-10-07 15:00:00+00:00,0.008326596402983047
2025-10-07 16:00:00+00:00,0.011250398961694181
2025-10-07 17:00:00+00:00,0.010238188114357344
2025-10-07 18:00:00+00:00,0.010396445144990375
2025-10-07 19:00:00+00:00,0.009713426570176164
2025-10-07 20:00:00+00:00,0.009158187849324768
2025-10-07 21:00:00+00:00,0.008983346832317263
2025-10-07 22:00:00+00:00,0.008971669612411654
2025-10-07 23:00:00+00:00,0.008405874830001275
2025-10-08 00:00:00+00:00,0.009170153851770023
2025-10-08 01:00:00+00:00,0.008917325147748999
2025-10-08 02:00:00+00:00,0.008250788633282439
2025-10-08 03:00:00+00:00,0.007566166971237974
2025-10-08 04:00:00+00:00,0.008354232231015384
2025-10-08 05:00:00+00:00,0.00796087264968911
2025-10-08 06:00:00+00:00,0.008034663291990062
2025-10-08 07:00:00+00:00,0.007764584543940767
2025-10-08 08:00:00+00:00,0.007246844766853854
2025-10-08 09:00:00+00:00,0.007243037315957821
2025-10-08 10:00:00+00:00,0.0067232778719857975
2025-10-08 11:00:00+00:00,0.006625990780871092
2025-10-08 12:00:00+00:00,0.006370222802318247
2025-10-08 13:00:00+00:00,0.006172176289643059
2025-10-08 14:00:00+00:00,0.006146988062651322
2025-10-08 15:00:00+00:00,0.0057717413816783985
2025-10-08 16:00:00+00:00,0.0057530284376467854
2025-10-08 17:00:00+00:00,0.006204415786782492
2025-10-08 18:00:00+00:00,0.007271353765614232
2025-10-08 19:00:00+00:00,0.007013945744489456
2025-10-08 20:00:00+00:00,0.006854582821094669
2025-10-08 21:00:00+00:00,0.0064453360874501785
2025-10-08 22:00:00+00:00,0.006092969116124995
2025-10-08 23:00:00+00:00,0.005791620096815422
2025-10-09 00:00:00+00:00,0.005411529821064364
2025-10-09 01:00:00+00:00,0.005340269940551961
2025-10-09 02:00:00+00:00,0.0063271960049978765
2025-10-09 03:00:00+00:00,0.007858045437184307
2025-10-09 04:00:00+00:00,0.007825452428469404
2025-10-09 05:00:00+00:00,0.007279228730732741
2025-10-09 06:00:00+00:00,0.0068406299874613444
2025-10-09 07:00:00+00:00,0.0067900339140197765
2025-10-09 08:00:00+00:00,0.0062413161687772676
2025-10-09 09:00:00+00:00,0.009802220542492976
2025-10-09 10:00:00+00:00,0.009021602904452716
2025-10-09 11:00:00+00:00,0.008308312628462865
2025-10-09 12:00:00+00:00,0.008269594139298366
2025-10-09 13:00:00+00:00,0.008114238605018654
2025-10-09 14:00:00+00:00,0.008529499089655076
2025-10-09 15:00:00+00:00,0.008709409796109674
2025-10-09 16:00:00+00:00,0.008596694383556886
2025-10-09 17:00:00+00:00,0.008286871496125623
2025-10-09 18:00:00+00:00,0.00802837165638612
2025-10-09 19:00:00+00:00,0.007819834981943165
2025-10-09 20:00:00+00:00,0.007800176073268054
2025-10-09 21:00:00+00:00,0.007272720706984402
2025-10-09 22:00:00+00:00,0.007084632134626204
2025-10-09 23:00:00+00:00,0.007005869274075339
2025-10-10 00:00:00+00:00,0.006697223648560284
2025-10-10 01:00:00+00:00,0.006378149884924807
2025-10-10 02:00:00+00:00,0.00590243181689663
2025-10-10 03:00:00+00:00,0.0061892841886474126
2025-10-10 04:00:00+00:00,0.006033516023970498
2025-10-10 05:00:00+00:00,0.006379945954111389
2025-10-10 06:00:00+00:00,0.0063768695158489125
2025-10-10 07:00:00+00:00,0.007229546395841282
2025-10-10 08:00:00+00:00,0.006654153106043292
2025-10-10 09:00:00+00:00,0.006512291058377428
2025-10-10 10:00:00+00:00,0.0064133080360014695
2025-10-10 11:00:00+00:00,0.006202690771450685
2025-10-10 12:00:00+00:00,0.005836943691750441
2025-10-10 13:00:00+00:00,0.005398863177806832
2025-10-10 14:00:00+00:00,0.005177172289211756
2025-10-10 15:00:00+00:00,0.005552344494935799
2025-10-10 16:00:00+00:00,0.020571070073555135
2025-10-10 17:00:00+00:00,0.017725872610932645
2025-10-10 18:00:00+00:00,0.015969778058418305
2025-10-10 19:00:00+00:00,0.015005335396540321
2025-10-10 20:00:00+00:00,0.014919378488493859
2025-10-10 21:00:00+00:00,0.01746564963170393
2025-10-10 22:00:00+00:00,0.017529158145481973
2025-10-10 23:00:00+00:00,0.01599849337584058
2025-10-11 00:00:00+00:00,0.014847272924805673
2025-10-11 01:00:00+00:00,0.013278487604367773
2025-10-11 02:00:00+00:00,0.01645979029647588
2025-10-11 03:00:00+00:00,0.017471399697380492
2025-10-11 04:00:00+00:00,0.017496902185124695
2025-10-11 05:00:00+00:00,0.01626088295393958
2025-10-11 06:00:00+00:00,0.014856765240928877
2025-10-11 07:00:00+00:00,0.013682936397905972
2025-10-11 08:00:00+00:00,0.013190860335256394
2025-10-11 09:00:00+00:00,0.013599972814420266
2025-10-11 10:00:00+00:00,0.012313461938257352
2025-10-11 11:00:00+00:00,0.011150003362013517
2025-10-11 12:00:00+00:00,0.010018095013411065
2025-10-11 13:00:00+00:00,0.009577957327282787
2025-10-11 14:00:00+00:00,0.008949152692736865
2025-10-11 15:00:00+00:00,0.008995700299298798
2025-10-11 16:00:00+00:00,0.008648406873239091
2025-10-11 17:00:00+00:00,0.00788011242290323
2025-10-11 18:00:00+00:00,0.007182720356963179
2025-10-11 19:00:00+00:00,0.006841933121383099
2025-10-11 20:00:00+00:00,0.009352421629086984
2025-10-11 21:00:00+00:00,0.010943470327380793
2025-10-11 22:00:00+00:00,0.0110624512820829
2025-10-11 23:00:00+00:00,0.010402157228918105
2025-10-12 00:00:00+00:00,0.00939149352279331
2025-10-12 01:00:00+00:00,0.01000061817935586
2025-10-12 02:00:00+00:00,0.009399363145058626
2025-10-12 03:00:00+00:00,0.008553537128843477
2025-10-12 04:00:00+00:00,0.009656981733421742
2025-10-12 05:00:00+00:00,0.0091997056804373
2025-10-12 06:00:00+00:00,0.008641207378260959
2025-10-12 07:00:00+00:00,0.008355557798430549
2025-10-12 08:00:00+00:00,0.007617740679623236
2025-10-12 09:00:00+00:00,0.007034130409110342
2025-10-12 10:00:00+00:00,0.006572696300629333
2025-10-12 11:00:00+00:00,0.0064053617322829045
2025-10-12 12:00:00+00:00,0.006069461667088674
2025-10-12 13:00:00+00:00,0.0059836911959743975
2025-10-12 14:00:00+00:00,0.006337730168414822
2025-10-12 15:00:00+00:00,0.012838225089664793
2025-10-12 16:00:00+00:00,0.012888298099157739
2025-10-12 17:00:00+00:00,0.013404100610785922
2025-10-12 18:00:00+00:00,0.012299406582193409
2025-10-12 19:00:00+00:00,0.011543397129978875
2025-10-12 20:00:00+00:00,0.011204850549954808
2025-10-12 21:00:00+00:00,0.010633572770464944
2025-10-12 22:00:00+00:00,0.010912888305061666
2025-10-12 23:00:00+00:00,0.010198763278207772
