timestamp,observed,predicted
2025-08-22 17:00:00,6.35150795072511e-05,1.00000002
2025-08-22 18:00:00,5.203097712563701e-05,1.00000002
2025-08-22 19:00:00,4.7051773031066866e-05,1.00000002
2025-08-22 20:00:00,7.212606480732081e-05,1.00000002
2025-08-22 21:00:00,4.3789119569103354e-05,1.00000002
2025-08-22 22:00:00,1.638211301808429e-05,1.00000002
2025-08-22 23:00:00,1.881404187434183e-05,1.00000002
2025-08-23 00:00:00,4.2412130763721926e-05,1.00000002
2025-08-23 01:00:00,0.0001549322046115652,1.00000002
2025-08-23 02:00:00,5.910322135565286e-05,1.00000002
2025-08-23 03:00:00,4.838451200796058e-05,1.00000002
2025-08-23 04:00:00,1.5698896008448895e-05,1.00000002
2025-08-23 05:00:00,2.067627151200046e-05,1.00000002
2025-08-23 06:00:00,2.934738967601589e-05,1.00000002
2025-08-23 07:00:00,1.356647841436563e-05,1.00000002
2025-08-23 08:00:00,1.3218056148130815e-05,1.00000002
2025-08-23 09:00:00,1.8545105097633764e-05,1.00000002
2025-08-23 10:00:00,6.759439540687423e-06,1.00000002
2025-08-23 11:00:00,3.949100334266496e-05,1.00000002
2025-08-23 12:00:00,1.5833299517969325e-05,1.00000002
2025-08-23 13:00:00,3.774397289532567e-05,1.00000002
2025-08-23 14:00:00,1.4706666502775115e-05,1.00000002
2025-08-23 15:00:00,6.431757470756771e-06,1.00000002
2025-08-23 16:00:00,1.5617705907236964e-05,1.00000002
2025-08-23 17:00:00,5.381386276999035e-06,1.00000002
2025-08-23 18:00:00,4.344327298646205e-06,1.00000002
2025-08-23 19:00:00,8.252344013318185e-06,1.00000002
2025-08-23 20:00:00,3.486715944680979e-06,1.00000002
2025-08-23 21:00:00,6.811389079873262e-06,1.00000002
2025-08-23 22:00:00,2.9104153291144174e-05,1.00000002
2025-08-23 23:00:00,2.3611106671634357e-05,1.00000002
2025-08-24 00:00:00,2.9820178007796023e-05,1.00000002
2025-08-24 01:00:00,2.0254575082616435e-05,1.00000002
2025-08-24 02:00:00,3.191330456606469e-05,1.00000002
2025-08-24 03:00:00,1.5543916155267376e-05,1.00000002
2025-08-24 04:00:00,4.518725646592495e-06,1.00000002
2025-08-24 05:00:00,1.3588918510342708e-05,1.00000002
2025-08-24 06:00:00,1.7171336304283767e-05,1.00000002
2025-08-24 07:00:00,2.085040454997392e-05,1.00000002
2025-08-24 08:00:00,2.0654966873739664e-05,1.00000002
2025-08-24 09:00:00,1.8861559609386934e-05,1.00000002
2025-08-24 10:00:00,2.4803481792835143e-05,1.00000002
2025-08-24 11:00:00,1.562105746293313e-05,1.00000002
2025-08-24 12:00:00,1.0169586487203892e-05,1.00000002
2025-08-24 13:00:00,1.811037786775871e-05,1.00000002
2025-08-24 14:00:00,3.782360674598934e-05,1.00000002
2025-08-24 15:00:00,2.951771230499627e-05,1.00000002
2025-08-24 16:00:00,8.459390375545903e-05,1.00000002
2025-08-24 17:00:00,7.218138897416996e-05,1.00000002
2025-08-24 18:00:00,0.00041842708538620806,1.00000002
2025-08-24 19:00:00,0.000227733854364626,1.00000002
2025-08-24 20:00:00,6.268572879665422e-05,1.00000002
2025-08-24 21:00:00,9.527371128391966e-05,1.00000002
2025-08-24 22:00:00,2.9699473009422966e-05,1.00000002
2025-08-24 23:00:00,0.0001522508774204306,1.00000002
2025-08-25 00:00:00,3.0157621641435643e-05,1.00000002
2025-08-25 01:00:00,2.3541114245760554e-05,1.00000002
2025-08-25 02:00:00,2.2139308573790254e-05,1.00000002
2025-08-25 03:00:00,3.513826452442095e-05,1.00000002
2025-08-25 04:00:00,2.470030341957674e-05,1.00000002
2025-08-25 05:00:00,7.830315389990677e-05,1.00000002
2025-08-25 06:00:00,8.196964454699276e-05,1.00000002
2025-08-25 07:00:00,8.678055094405585e-05,1.00000002
2025-08-25 08:00:00,7.25384345520245e-05,1.00000002
2025-08-25 09:00:00,7.842160439591312e-05,1.00000002
2025-08-25 10:00:00,3.283343174706069e-05,1.00000002
2025-08-25 11:00:00,6.611625561560276e-05,1.00000002
2025-08-25 12:00:00,0.0001576509804044679,1.00000002
2025-08-25 13:00:00,9.02109933742321e-05,1.00000002
2025-08-25 14:00:00,6.1273046068361e-05,1.00000002
2025-08-25 15:00:00,8.09992184137567e-05,1.00000002
2025-08-25 16:00:00,7.207456340640196e-05,1.00000002
2025-08-25 17:00:00,2.2187859878234415e-05,1.00000002
2025-08-25 18:00:00,0.00014629415471552071,1.00000002
2025-08-25 19:00:00,0.00027701876137182894,1.00000002
2025-08-25 20:00:00,8.906575548315907e-05,1.00000002
2025-08-25 21:00:00,5.629153052774261e-05,1.00000002
2025-08-25 22:00:00,6.210964493085176e-05,1.00000002
2025-08-25 23:00:00,0.00019344449324951667,1.00000002
2025-08-26 00:00:00,0.00016025095043170599,1.00000002
2025-08-26 01:00:00,7.525286644223426e-05,1.00000002
2025-08-26 02:00:00,2.1577215401891318e-05,1.00000002
2025-08-26 03:00:00,4.146831400753495e-05,1.00000002
2025-08-26 04:00:00,1.2503330673103097e-05,1.00000002
2025-08-26 05:00:00,4.023219816078307e-05,1.00000002
2025-08-26 06:00:00,9.138838641424187e-05,1.00000002
2025-08-26 07:00:00,3.670954080232043e-05,1.00000002
2025-08-26 08:00:00,2.979874290703421e-05,1.00000002
2025-08-26 09:00:00,1.7765173380915107e-05,1.00000002
2025-08-26 10:00:00,3.495237279567508e-05,1.00000002
2025-08-26 11:00:00,0.00045884171803356537,1.00000002
2025-08-26 12:00:00,9.449073397628523e-05,1.00000002
2025-08-26 13:00:00,8.389549469784251e-05,1.00000002
2025-08-26 14:00:00,6.544414132446934e-05,1.00000002
2025-08-26 15:00:00,5.522602796191354e-05,1.00000002
2025-08-26 16:00:00,5.193703099213749e-05,1.00000002
2025-08-26 17:00:00,2.700055004008361e-05,1.00000002
2025-08-26 18:00:00,8.874111437552146e-05,1.00000002
2025-08-26 19:00:00,3.987550451915211e-05,1.00000002
2025-08-26 20:00:00,3.1000420753310856e-05,1.00000002
2025-08-26 21:00:00,2.2458589869352637e-05,1.00000002
2025-08-26 22:00:00,8.757936684735755e-05,1.00000002
2025-08-26 23:00:00,3.290534102430412e-05,1.00000002
2025-08-27 00:00:00,2.228613227060041e-05,1.00000002
2025-08-27 01:00:00,2.82422523526044e-05,1.00000002
2025-08-27 02:00:00,9.931720926215307e-05,1.00000002
2025-08-27 03:00:00,6.454440510791126e-05,1.00000002
2025-08-27 04:00:00,2.6342755733950256e-05,1.00000002
2025-08-27 05:00:00,1.3975982962846e-05,1.00000002
2025-08-27 06:00:00,2.4049187274019368e-05,1.00000002
2025-08-27 07:00:00,2.2467758721648504e-05,1.00000002
2025-08-27 08:00:00,3.322549959129736e-05,1.00000002
2025-08-27 09:00:00,4.331893258514423e-05,1.00000002
2025-08-27 10:00:00,1.7698360742848302e-05,1.00000002
2025-08-27 11:00:00,2.7430742937805368e-05,1.00000002
2025-08-27 12:00:00,7.598751689547964e-05,1.00000002
2025-08-27 13:00:00,7.388825901701725e-05,1.00000002
2025-08-27 14:00:00,3.575426279814477e-05,1.00000002
2025-08-27 15:00:00,5.8810959917704014e-05,1.00000002
2025-08-27 16:00:00,1.9915603573626932e-05,1.00000002
2025-08-27 17:00:00,2.7852645332745392e-05,1.00000002
2025-08-27 18:00:00,9.524854636260676e-05,1.00000002
2025-08-27 19:00:00,9.461769884740977e-05,1.00000002
2025-08-27 20:00:00,7.28363719660121e-05,1.00000002
2025-08-27 21:00:00,3.6963917878645335e-05,1.00000002
2025-08-27 22:00:00,2.729632323386135e-05,1.00000002
2025-08-27 23:00:00,6.602684338946365e-05,1.00000002
2025-08-28 00:00:00,2.478548729180849e-05,1.00000002
2025-08-28 01:00:00,7.541073678036948e-06,1.00000002
2025-08-28 02:00:00,2.0438094761712013e-05,1.00000002
2025-08-28 03:00:00,2.154359718332989e-05,1.00000002
2025-08-28 04:00:00,1.604583895711135e-05,1.00000002
2025-08-28 05:00:00,2.0928298063624665e-05,1.00000002
2025-08-28 06:00:00,9.610142952949084e-06,1.00000002
2025-08-28 07:00:00,4.422014983235297e-05,1.00000002
2025-08-28 08:00:00,8.20593155314147e-06,1.00000002
2025-08-28 09:00:00,1.4874320467007786e-05,1.00000002
2025-08-28 10:00:00,1.2809510114153926e-05,1.00000002
2025-08-28 11:00:00,2.24307848793752e-05,1.00000002
2025-08-28 12:00:00,2.8391590323390993e-05,1.00000002
2025-08-28 13:00:00,4.574413828296039e-05,1.00000002
2025-08-28 14:00:00,0.00011383592818006293,1.00000002
2025-08-28 15:00:00,2.48463096137932e-05,1.00000002
2025-08-28 16:00:00,5.189509516389411e-05,1.00000002
2025-08-28 17:00:00,2.0073756163630347e-05,1.00000002
2025-08-28 18:00:00,1.5171147688790142e-05,1.00000002
2025-08-28 19:00:00,1.1891288157607239e-05,1.00000002
2025-08-28 20:00:00,1.3676389692330159e-05,1.00000002
2025-08-28 21:00:00,1.02113365954897e-05,1.00000002
2025-08-28 22:00:00,1.0451607450469322e-05,1.00000002
2025-08-28 23:00:00,1.9910609041107227e-05,1.00000002
2025-08-29 00:00:00,4.290838852565751e-05,1.00000002
2025-08-29 01:00:00,1.8468488914293843e-05,1.00000002
2025-08-29 02:00:00,1.638206614855004e-05,1.00000002
2025-08-29 03:00:00,8.021171342616561e-06,1.00000002
2025-08-29 04:00:00,8.260406879324204e-06,1.00000002
2025-08-29 05:00:00,3.258478686603851e-05,1.00000002
2025-08-29 06:00:00,6.447962092059892e-05,1.00000002
2025-08-29 07:00:00,2.395572537393323e-05,1.00000002
2025-08-29 08:00:00,2.496211688478367e-05,1.00000002
2025-08-29 09:00:00,1.8891118690035494e-05,1.00000002
2025-08-29 10:00:00,2.5066795299272968e-05,1.00000002
2025-08-29 11:00:00,0.00017523751316678678,1.00000002
2025-08-29 12:00:00,6.440323095643639e-05,1.00000002
2025-08-29 13:00:00,0.00016831980052027062,1.00000002
2025-08-29 14:00:00,7.438593306195122e-05,1.00000002
2025-08-29 15:00:00,5.711787907958108e-05,1.00000002
2025-08-29 16:00:00,1.970807331959975e-05,1.00000002
2025-08-29 17:00:00,9.585987068974757e-06,1.00000002
2025-08-29 18:00:00,4.468584014376411e-05,1.00000002
2025-08-29 19:00:00,1.7692876089433376e-05,1.00000002
2025-08-29 20:00:00,5.49654133142182e-05,1.00000002
2025-08-29 21:00:00,1.2871607995529191e-05,1.00000002
2025-08-29 22:00:00,1.1742700911591773e-05,1.00000002
2025-08-29 23:00:00,2.0056304584967673e-05,1.00000002
2025-08-30 00:00:00,1.898119644867732e-05,1.00000002
2025-08-30 01:00:00,7.056628665932352e-05,1.00000002
2025-08-30 02:00:00,5.3024620260613886e-05,1.00000002
2025-08-30 03:00:00,5.30728572890055e-06,1.00000002
2025-08-30 04:00:00,1.8354709100647186e-05,1.00000002
2025-08-30 05:00:00,1.2212852711183005e-05,1.00000002
2025-08-30 06:00:00,7.366307618387943e-06,1.00000002
2025-08-30 07:00:00,7.662093187799337e-06,1.00000002
2025-08-30 08:00:00,7.510234054196097e-06,1.00000002
2025-08-30 09:00:00,7.337372182042439e-06,1.00000002
2025-08-30 10:00:00,3.828528277639741e-06,1.00000002
2025-08-30 11:00:00,1.668552579694107e-05,1.00000002
2025-08-30 12:00:00,2.7351018712511974e-05,1.00000002
2025-08-30 13:00:00,1.6058759470078292e-05,1.00000002
2025-08-30 14:00:00,7.440923810823529e-06,1.00000002
2025-08-30 15:00:00,4.052634407355444e-06,1.00000002
2025-08-30 16:00:00,5.828340514418456e-06,1.00000002
2025-08-30 17:00:00,6.3008269343048e-06,1.00000002
2025-08-30 18:00:00,8.150711619771571e-06,1.00000002
2025-08-30 19:00:00,6.125309196684226e-06,1.00000002
2025-08-30 20:00:00,8.085207846436434e-06,1.00000002
2025-08-30 21:00:00,3.7510206198394835e-06,1.00000002
2025-08-30 22:00:00,6.236209952914456e-06,1.00000002
2025-08-30 23:00:00,5.7130463464032394e-05,1.00000002
2025-08-31 00:00:00,1.421318200867076e-05,1.00000002
2025-08-31 01:00:00,2.4890053238495962e-06,1.00000002
2025-08-31 02:00:00,1.4537463548327208e-05,1.00000002
2025-08-31 03:00:00,1.1480487334607017e-05,1.00000002
2025-08-31 04:00:00,4.156204660839374e-06,1.00000002
2025-08-31 05:00:00,5.472520324406147e-06,1.00000002
2025-08-31 06:00:00,3.0660811166092164e-06,1.00000002
2025-08-31 07:00:00,4.252291760477466e-06,1.00000002
2025-08-31 08:00:00,6.471072134654824e-06,1.00000002
2025-08-31 09:00:00,8.024690923707553e-06,1.00000002
2025-08-31 10:00:00,1.1145951679022223e-05,1.00000002
2025-08-31 11:00:00,5.750591230517634e-06,1.00000002
2025-08-31 12:00:00,1.5886843180279537e-05,1.00000002
2025-08-31 13:00:00,1.4458349763510692e-05,1.00000002
2025-08-31 14:00:00,1.4513069524090303e-05,1.00000002
2025-08-31 15:00:00,6.205123768873534e-06,1.00000002
2025-08-31 16:00:00,2.7542843717473425e-06,1.00000002
2025-08-31 17:00:00,5.17077871509447e-06,1.00000002
2025-08-31 18:00:00,6.742732064342218e-06,1.00000002
2025-08-31 19:00:00,1.3778187661739224e-05,1.00000002
2025-08-31 20:00:00,7.3113807648656305e-06,1.00000002
2025-08-31 21:00:00,2.1190852481700576e-05,1.00000002
2025-08-31 22:00:00,2.6889283594895485e-05,1.00000002
2025-08-31 23:00:00,4.492071396304788e-05,1.00000002
2025-09-01 00:00:00,2.3156568560769632e-05,1.00000002
2025-09-01 01:00:00,2.7696499594681346e-05,1.00000002
2025-09-01 02:00:00,2.9208312772935632e-05,1.00000002
2025-09-01 03:00:00,3.189723898460809e-05,1.00000002
2025-09-01 04:00:00,5.042866136231396e-05,1.00000002
2025-09-01 05:00:00,1.7992625949697887e-05,1.00000002
2025-09-01 06:00:00,0.00010608368327195989,1.00000002
2025-09-01 07:00:00,5.2352915103529726e-05,1.00000002
2025-09-01 08:00:00,1.8208207300919807e-05,1.00000002
2025-09-01 09:00:00,4.400744333953852e-05,1.00000002
2025-09-01 10:00:00,2.7255847787859503e-05,1.00000002
2025-09-01 11:00:00,3.0694471722428766e-05,1.00000002
2025-09-01 12:00:00,3.6315405640634276e-05,1.00000002
2025-09-01 13:00:00,2.160274676387453e-05,1.00000002
2025-09-01 14:00:00,2.099989263806425e-05,1.00000002
2025-09-01 15:00:00,2.1151239158698262e-05,1.00000002
2025-09-01 16:00:00,5.9690742406133964e-05,1.00000002
2025-09-01 17:00:00,1.1777097641411448e-05,1.00000002
2025-09-01 18:00:00,2.439899003171679e-05,1.00000002
2025-09-01 19:00:00,0.00021396247853304551,1.00000002
2025-09-01 20:00:00,7.829830012940818e-05,1.00000002
2025-09-01 21:00:00,9.025668788598008e-05,1.00000002
2025-09-01 22:00:00,4.1475591342961914e-05,1.00000002
2025-09-01 23:00:00,2.2701685948940066e-05,1.00000002
2025-09-02 00:00:00,4.944022051920578e-05,1.00000002
2025-09-02 01:00:00,2.3689619663136707e-05,1.00000002
2025-09-02 02:00:00,7.324581718470517e-05,1.00000002
2025-09-02 03:00:00,9.541751188523657e-06,1.00000002
2025-09-02 04:00:00,1.732488746417208e-05,1.00000002
2025-09-02 05:00:00,2.0169011407477105e-05,1.00000002
2025-09-02 06:00:00,3.361160537630964e-05,1.00000002
2025-09-02 07:00:00,2.6787594265457586e-05,1.00000002
2025-09-02 08:00:00,1.6162945824784516e-05,1.00000002
2025-09-02 09:00:00,1.012107441943993e-05,1.00000002
2025-09-02 10:00:00,2.679970611044815e-05,1.00000002
2025-09-02 11:00:00,7.642684712944212e-05,1.00000002
2025-09-02 12:00:00,0.0001438953724357157,1.00000002
2025-09-02 13:00:00,4.069572948147067e-05,1.00000002
2025-09-02 14:00:00,8.576298345592355e-05,1.00000002
2025-09-02 15:00:00,6.924841595353816e-05,1.00000002
2025-09-02 16:00:00,3.3305889786493455e-05,1.00000002
2025-09-02 17:00:00,9.52132176761971e-05,1.00000002
2025-09-02 18:00:00,5.599479982142781e-05,1.00000002
2025-09-02 19:00:00,6.086229030069098e-05,1.00000002
2025-09-02 20:00:00,3.101869687902197e-05,1.00000002
2025-09-02 21:00:00,4.8906742697808766e-05,1.00000002
2025-09-02 22:00:00,1.736929012158468e-05,1.00000002
2025-09-02 23:00:00,2.5908392590214146e-05,1.00000002
2025-09-03 00:00:00,2.8992650001858893e-05,1.00000002
2025-09-03 01:00:00,0.0001398226922778478,1.00000002
2025-09-03 02:00:00,1.2649232112008948e-05,1.00000002
2025-09-03 03:00:00,2.1131440122662915e-05,1.00000002
2025-09-03 04:00:00,1.2197511498055898e-05,1.00000002
2025-09-03 05:00:00,1.953595216109213e-05,1.00000002
2025-09-03 06:00:00,2.127870146081102e-05,1.00000002
2025-09-03 07:00:00,1.4152208372574062e-05,1.00000002
2025-09-03 08:00:00,3.116776128945574e-05,1.00000002
2025-09-03 09:00:00,3.516193087577631e-05,1.00000002
2025-09-03 10:00:00,1.4452821609338166e-05,1.00000002
2025-09-03 11:00:00,2.483590955986356e-05,1.00000002
2025-09-03 12:00:00,0.0001401368060966118,1.00000002
2025-09-03 13:00:00,8.615746117031397e-05,1.00000002
2025-09-03 14:00:00,2.7540625134252134e-05,1.00000002
2025-09-03 15:00:00,2.13718464492872e-05,1.00000002
2025-09-03 16:00:00,3.1261770838329356e-05,1.00000002
2025-09-03 17:00:00,2.1493749738353787e-05,1.00000002
2025-09-03 18:00:00,6.7227632400996415e-06,1.00000002
2025-09-03 19:00:00,4.731891003378365e-06,1.00000002
2025-09-03 20:00:00,2.508882199097418e-05,1.00000002
2025-09-03 21:00:00,2.606086887627443e-05,1.00000002
2025-09-03 22:00:00,8.843405582572111e-06,1.00000002
2025-09-03 23:00:00,2.3288896069829958e-05,1.00000002
2025-09-04 00:00:00,2.156781347113815e-05,1.00000002
2025-09-04 01:00:00,1.4352854193127393e-05,1.00000002
2025-09-04 02:00:00,3.852942783835897e-05,1.00000002
2025-09-04 03:00:00,7.970470168767827e-06,1.00000002
2025-09-04 04:00:00,4.3884688343091194e-05,1.00000002
2025-09-04 05:00:00,2.058125051255068e-05,1.00000002
2025-09-04 06:00:00,1.886229712298911e-05,1.00000002
2025-09-04 07:00:00,2.692718590827752e-05,1.00000002
2025-09-04 08:00:00,1.4290899759059583e-05,1.00000002
2025-09-04 09:00:00,2.7332713897763874e-05,1.00000002
2025-09-04 10:00:00,3.452688577191676e-05,1.00000002
2025-09-04 11:00:00,4.906623492829287e-05,1.00000002
2025-09-04 12:00:00,4.871760655757862e-05,1.00000002
2025-09-04 13:00:00,5.9681008934533425e-05,1.00000002
2025-09-04 14:00:00,6.654361949566262e-05,1.00000002
2025-09-04 15:00:00,3.240340996610773e-05,1.00000002
2025-09-04 16:00:00,3.034667965726448e-05,1.00000002
2025-09-04 17:00:00,7.88077134424545e-05,1.00000002
2025-09-04 18:00:00,3.802509530053827e-05,1.00000002
2025-09-04 19:00:00,2.4526649109272834e-05,1.00000002
2025-09-04 20:00:00,2.0892363227666236e-05,1.00000002
2025-09-04 21:00:00,8.017355107766771e-06,1.00000002
2025-09-04 22:00:00,4.804672962320093e-05,1.00000002
2025-09-04 23:00:00,2.254446920656853e-05,1.00000002
2025-09-05 00:00:00,3.5269602288922244e-05,1.00000002
2025-09-05 01:00:00,9.408456727090141e-05,1.00000002
2025-09-05 02:00:00,3.2587179750019826e-05,1.00000002
2025-09-05 03:00:00,6.367418891236455e-06,1.00000002
2025-09-05 04:00:00,6.6582625543716905e-06,1.00000002
2025-09-05 05:00:00,6.874415779368416e-06,1.00000002
2025-09-05 06:00:00,8.342922276440363e-05,1.00000002
2025-09-05 07:00:00,3.453488805833455e-05,1.00000002
2025-09-05 08:00:00,5.768698498632809e-05,1.00000002
2025-09-05 09:00:00,2.843017321048584e-05,1.00000002
2025-09-05 10:00:00,1.920959342521013e-05,1.00000002
2025-09-05 11:00:00,0.00011297138004976698,1.00000002
2025-09-05 12:00:00,5.146679540869444e-05,1.00000002
2025-09-05 13:00:00,0.0004048036121671074,1.00000002
2025-09-05 14:00:00,9.519142759390201e-05,1.00000002
2025-09-05 15:00:00,3.0473851001197016e-05,1.00000002
2025-09-05 16:00:00,2.1130754948373075e-05,1.00000002
2025-09-05 17:00:00,1.7296277966132027e-05,1.00000002
2025-09-05 18:00:00,1.191333165204949e-05,1.00000002
2025-09-05 19:00:00,1.6166028956067593e-05,1.00000002
2025-09-05 20:00:00,3.824508748815255e-05,1.00000002
2025-09-05 21:00:00,8.358160539157828e-06,1.00000002
2025-09-05 22:00:00,4.965737165241416e-06,1.00000002
2025-09-05 23:00:00,9.46780367953298e-06,1.00000002
2025-09-06 00:00:00,5.525681901475211e-06,1.00000002
2025-09-06 01:00:00,6.3466425956069135e-06,1.00000002
2025-09-06 02:00:00,5.446071912428084e-06,1.00000002
2025-09-06 03:00:00,5.026054464821922e-06,1.00000002
2025-09-06 04:00:00,1.776886716220063e-05,1.00000002
2025-09-06 05:00:00,6.110256523519713e-06,1.00000002
2025-09-06 06:00:00,4.2054613801322836e-06,1.00000002
2025-09-06 07:00:00,3.864683854598534e-06,1.00000002
2025-09-06 08:00:00,8.186780758686538e-06,1.00000002
2025-09-06 09:00:00,8.494309558740819e-06,1.00000002
2025-09-06 10:00:00,3.6314936936017747e-06,1.00000002
2025-09-06 11:00:00,5.238440226559923e-06,1.00000002
2025-09-06 12:00:00,8.93757688044214e-06,1.00000002
2025-09-06 13:00:00,7.0906448052801495e-06,1.00000002
2025-09-06 14:00:00,2.0442207836882146e-05,1.00000002
2025-09-06 15:00:00,4.4277202637282215e-05,1.00000002
2025-09-06 16:00:00,1.615614959786758e-05,1.00000002
2025-09-06 17:00:00,7.847064118639915e-06,1.00000002
2025-09-06 18:00:00,1.619627478319919e-05,1.00000002
2025-09-06 19:00:00,8.093331244373709e-06,1.00000002
2025-09-06 20:00:00,6.3824842013139045e-06,1.00000002
2025-09-06 21:00:00,5.125204057728322e-06,1.00000002
2025-09-06 22:00:00,7.450246980863074e-06,1.00000002
2025-09-06 23:00:00,6.396853052281933e-06,1.00000002
2025-09-07 00:00:00,5.581408824453543e-06,1.00000002
2025-09-07 01:00:00,7.1223624698218895e-06,1.00000002
2025-09-07 02:00:00,8.149351436519127e-06,1.00000002
2025-09-07 03:00:00,3.2800084280632674e-06,1.00000002
2025-09-07 04:00:00,4.5312142546902295e-06,1.00000002
2025-09-07 05:00:00,9.669406457647314e-07,1.00000002
2025-09-07 06:00:00,1.1310834039862995e-05,1.00000002
2025-09-07 07:00:00,1.0267309317575607e-05,1.00000002
2025-09-07 08:00:00,8.590340621500402e-06,1.00000002
2025-09-07 09:00:00,5.845178765213082e-06,1.00000002
2025-09-07 10:00:00,3.483824227913541e-06,1.00000002
2025-09-07 11:00:00,1.2077926688159608e-05,1.00000002
2025-09-07 12:00:00,6.80217770734376e-06,1.00000002
2025-09-07 13:00:00,6.913119223545375e-06,1.00000002
2025-09-07 14:00:00,4.570578471166335e-06,1.00000002
2025-09-07 15:00:00,3.3559476028891542e-06,1.00000002
2025-09-07 16:00:00,7.8048437036221e-06,1.00000002
2025-09-07 17:00:00,2.0114851464089384e-06,1.00000002
2025-09-07 18:00:00,8.594757453307712e-06,1.00000002
2025-09-07 19:00:00,6.007528188528304e-06,1.00000002
2025-09-07 20:00:00,9.192153306027549e-06,1.00000002
2025-09-07 21:00:00,7.0358340041325096e-06,1.00000002
2025-09-07 22:00:00,2.064738449292152e-05,1.00000002
2025-09-07 23:00:00,4.667608630632406e-05,1.00000002
2025-09-08 00:00:00,8.986044807821356e-06,1.00000002
2025-09-08 01:00:00,1.872334669451457e-05,1.00000002
2025-09-08 02:00:00,2.3430044784182314e-05,1.00000002
2025-09-08 03:00:00,7.041177107687665e-06,1.00000002
2025-09-08 04:00:00,4.568251441428932e-06,1.00000002
2025-09-08 05:00:00,8.191896283509631e-06,1.00000002
2025-09-08 06:00:00,1.3351921508637436e-05,1.00000002
2025-09-08 07:00:00,5.767254361824762e-06,1.00000002
2025-09-08 08:00:00,2.932156825502501e-05,1.00000002
2025-09-08 09:00:00,6.560720719833259e-06,1.00000002
2025-09-08 10:00:00,2.530849081751973e-05,1.00000002
2025-09-08 11:00:00,6.1243804606404e-06,1.00000002
2025-09-08 12:00:00,5.5308356126977286e-05,1.00000002
2025-09-08 13:00:00,3.1610010327610075e-05,1.00000002
2025-09-08 14:00:00,2.5618885900346575e-05,1.00000002
2025-09-08 15:00:00,1.948528593774209e-05,1.00000002
2025-09-08 16:00:00,3.7658795910862205e-05,1.00000002
2025-09-08 17:00:00,1.9841195398270757e-05,1.00000002
2025-09-08 18:00:00,2.1372376382164532e-05,1.00000002
2025-09-08 19:00:00,1.6772443008478268e-05,1.00000002
2025-09-08 20:00:00,1.0989570813441234e-05,1.00000002
2025-09-08 21:00:00,6.268480018170074e-06,1.00000002
2025-09-08 22:00:00,1.127021912940119e-05,1.00000002
2025-09-08 23:00:00,1.2560793411838106e-05,1.00000002
2025-09-09 00:00:00,2.1085683075270394e-05,1.00000002
2025-09-09 01:00:00,2.2296166280801365e-05,1.00000002
2025-09-09 02:00:00,1.2534730431529728e-05,1.00000002
2025-09-09 03:00:00,4.752871715547667e-06,1.00000002
2025-09-09 04:00:00,3.249793761596606e-06,1.00000002
2025-09-09 05:00:00,2.8886229148007953e-05,1.00000002
2025-09-09 06:00:00,2.1715485553516585e-05,1.00000002
2025-09-09 07:00:00,3.305760755858806e-05,1.00000002
2025-09-09 08:00:00,1.3851545239687152e-05,1.00000002
2025-09-09 09:00:00,1.4955182660062133e-05,1.00000002
2025-09-09 10:00:00,1.0444144511419604e-05,1.00000002
2025-09-09 11:00:00,2.7750382532209285e-05,1.00000002
2025-09-09 12:00:00,2.825130359668997e-05,1.00000002
2025-09-09 13:00:00,0.00010226193742112568,1.00000002
2025-09-09 14:00:00,1.965971660733064e-05,1.00000002
2025-09-09 15:00:00,1.798542056862123e-05,1.00000002
2025-09-09 16:00:00,1.2977857393192253e-05,1.00000002
2025-09-09 17:00:00,5.726391200621894e-06,1.00000002
2025-09-09 18:00:00,2.6241468143576162e-06,1.00000002
2025-09-09 19:00:00,1.3169952222305379e-05,1.00000002
2025-09-09 20:00:00,2.2597098239847644e-05,1.00000002
2025-09-09 21:00:00,7.78666608742305e-06,1.00000002
2025-09-09 22:00:00,3.95196540810065e-06,1.00000002
2025-09-09 23:00:00,1.3188402987499327e-05,1.00000002
2025-09-10 00:00:00,9.303239755464036e-06,1.00000002
2025-09-10 01:00:00,7.687498300736849e-06,1.00000002
2025-09-10 02:00:00,1.0199608696715368e-05,1.00000002
2025-09-10 03:00:00,4.4241091585528365e-06,1.00000002
2025-09-10 04:00:00,3.397072594145774e-05,1.00000002
2025-09-10 05:00:00,1.2805039801475618e-05,1.00000002
2025-09-10 06:00:00,1.2495177244639438e-05,1.00000002
2025-09-10 07:00:00,5.887209603572045e-06,1.00000002
2025-09-10 08:00:00,6.909461152061112e-06,1.00000002
2025-09-10 09:00:00,1.3665803020799635e-05,1.00000002
2025-09-10 10:00:00,2.2870825087627334e-06,1.00000002
2025-09-10 11:00:00,6.198502673880596e-05,1.00000002
2025-09-10 12:00:00,0.0002010211925830551,1.00000002
2025-09-10 13:00:00,4.553074414977533e-05,1.00000002
2025-09-10 14:00:00,1.808450653250213e-05,1.00000002
2025-09-10 15:00:00,2.0504863786611247e-05,1.00000002
2025-09-10 16:00:00,7.137801583417962e-05,1.00000002
2025-09-10 17:00:00,1.8962415994756938e-05,1.00000002
2025-09-10 18:00:00,3.563651240737389e-05,1.00000002
2025-09-10 19:00:00,4.966731760992005e-06,1.00000002
2025-09-10 20:00:00,9.281713975536772e-06,1.00000002
2025-09-10 21:00:00,8.136359536705287e-06,1.00000002
2025-09-10 22:00:00,1.0732878686745259e-05,1.00000002
2025-09-10 23:00:00,5.6689409888822976e-06,1.00000002
2025-09-11 00:00:00,2.2622736046361123e-05,1.00000002
2025-09-11 01:00:00,3.3030695151955124e-05,1.00000002
2025-09-11 02:00:00,5.1062891417165145e-06,1.00000002
2025-09-11 03:00:00,3.210696881905591e-05,1.00000002
2025-09-11 04:00:00,5.271541403363804e-06,1.00000002
2025-09-11 05:00:00,9.633854378701868e-06,1.00000002
2025-09-11 06:00:00,1.1960711927263297e-05,1.00000002
2025-09-11 07:00:00,4.591872925598938e-06,1.00000002
2025-09-11 08:00:00,5.290982672710187e-06,1.00000002
2025-09-11 09:00:00,3.698516185137456e-06,1.00000002
2025-09-11 10:00:00,7.26978203461313e-06,1.00000002
2025-09-11 11:00:00,0.0001579180735560494,1.00000002
2025-09-11 12:00:00,6.937499894119928e-05,1.00000002
2025-09-11 13:00:00,6.290935185094784e-05,1.00000002
2025-09-11 14:00:00,1.3076688052554508e-05,1.00000002
2025-09-11 15:00:00,1.3602714312860334e-05,1.00000002
2025-09-11 16:00:00,6.1982453371758905e-06,1.00000002
2025-09-11 17:00:00,1.1413655010907029e-05,1.00000002
2025-09-11 18:00:00,2.8399374927597824e-06,1.00000002
2025-09-11 19:00:00,5.811068607279731e-06,1.00000002
2025-09-11 20:00:00,1.8928818047789264e-06,1.00000002
2025-09-11 21:00:00,1.277736109960051e-05,1.00000002
2025-09-11 22:00:00,1.1175860934959629e-05,1.00000002
2025-09-11 23:00:00,7.065221022604134e-05,1.00000002
2025-09-12 00:00:00,1.405584829381201e-05,1.00000002
2025-09-12 01:00:00,1.2618363797020727e-05,1.00000002
2025-09-12 02:00:00,2.5097400328571447e-06,1.00000002
2025-09-12 03:00:00,6.5586187748943566e-06,1.00000002
2025-09-12 04:00:00,2.2412587958889354e-05,1.00000002
2025-09-12 05:00:00,9.391535871193184e-06,1.00000002
2025-09-12 06:00:00,5.070969911622876e-06,1.00000002
2025-09-12 07:00:00,6.667113723206728e-06,1.00000002
2025-09-12 08:00:00,5.763257187771206e-06,1.00000002
2025-09-12 09:00:00,2.1859320640010977e-06,1.00000002
2025-09-12 10:00:00,4.078289268529691e-06,1.00000002
2025-09-12 11:00:00,5.974379018488879e-06,1.00000002
2025-09-12 12:00:00,1.3924377083444313e-05,1.00000002
2025-09-12 13:00:00,5.066984314528974e-05,1.00000002
2025-09-12 14:00:00,7.0715808847941805e-06,1.00000002
2025-09-12 15:00:00,1.6084125520615556e-05,1.00000002
2025-09-12 16:00:00,3.804196159390959e-05,1.00000002
2025-09-12 17:00:00,8.24600319148346e-06,1.00000002
2025-09-12 18:00:00,2.3051380016754172e-05,1.00000002
2025-09-12 19:00:00,4.579328642783489e-05,1.00000002
2025-09-12 20:00:00,5.9989862628409386e-06,1.00000002
2025-09-12 21:00:00,6.42973077426499e-05,1.00000002
2025-09-12 22:00:00,1.1417868248383877e-05,1.00000002
2025-09-12 23:00:00,7.559434902164895e-06,1.00000002
2025-09-13 00:00:00,1.141854338186045e-05,1.00000002
2025-09-13 01:00:00,8.638836660365633e-06,1.00000002
2025-09-13 02:00:00,2.817024223317458e-05,1.00000002
2025-09-13 03:00:00,9.191294246761048e-06,1.00000002
2025-09-13 04:00:00,1.0394411932670997e-05,1.00000002
2025-09-13 05:00:00,7.805387081902207e-06,1.00000002
2025-09-13 06:00:00,4.028950250408677e-06,1.00000002
2025-09-13 07:00:00,3.4742820006604776e-06,1.00000002
2025-09-13 08:00:00,2.5915100897876315e-06,1.00000002
2025-09-13 09:00:00,1.2487350668262617e-05,1.00000002
2025-09-13 10:00:00,3.043346591994931e-06,1.00000002
2025-09-13 11:00:00,2.2961258645309306e-06,1.00000002
2025-09-13 12:00:00,5.522339464247405e-05,1.00000002
2025-09-13 13:00:00,2.9350608455474107e-05,1.00000002
2025-09-13 14:00:00,2.7397539855417764e-05,1.00000002
2025-09-13 15:00:00,3.446438035038931e-05,1.00000002
2025-09-13 16:00:00,2.257659169103279e-05,1.00000002
2025-09-13 17:00:00,1.3295441410484118e-05,1.00000002
2025-09-13 18:00:00,2.94271363231211e-06,1.00000002
2025-09-13 19:00:00,1.0220738370349338e-05,1.00000002
2025-09-13 20:00:00,3.8743818899009936e-06,1.00000002
2025-09-13 21:00:00,4.123152972695731e-06,1.00000002
2025-09-13 22:00:00,5.742688462046505e-06,1.00000002
2025-09-13 23:00:00,6.003948489631136e-06,1.00000002
2025-09-14 00:00:00,8.944116825310604e-06,1.00000002
2025-09-14 01:00:00,5.4408235325099035e-06,1.00000002
2025-09-14 02:00:00,2.322666839255447e-06,1.00000002
2025-09-14 03:00:00,2.475274766032392e-05,1.00000002
2025-09-14 04:00:00,3.896495915757441e-06,1.00000002
2025-09-14 05:00:00,3.1748696295011506e-06,1.00000002
2025-09-14 06:00:00,4.737155718258234e-06,1.00000002
2025-09-14 07:00:00,3.4875739496246615e-06,1.00000002
2025-09-14 08:00:00,7.3626203858741805e-06,1.00000002
2025-09-14 09:00:00,1.8321925800470967e-06,1.00000002
2025-09-14 10:00:00,1.363990549979835e-05,1.00000002
2025-09-14 11:00:00,5.444695734921071e-06,1.00000002
2025-09-14 12:00:00,1.431597157839158e-05,1.00000002
2025-09-14 13:00:00,3.9889273120197076e-05,1.00000002
2025-09-14 14:00:00,2.6428486985558353e-05,1.00000002
2025-09-14 15:00:00,1.7081276798142154e-05,1.00000002
2025-09-14 16:00:00,8.528555703823601e-06,1.00000002
2025-09-14 17:00:00,3.949527689770206e-06,1.00000002
2025-09-14 18:00:00,7.39260709783315e-06,1.00000002
2025-09-14 19:00:00,4.872627069632289e-06,1.00000002
2025-09-14 20:00:00,1.2316717994225368e-05,1.00000002
2025-09-14 21:00:00,8.884336126867633e-06,1.00000002
2025-09-14 22:00:00,9.942851266902325e-06,1.00000002
2025-09-14 23:00:00,8.15589794303839e-06,1.00000002
2025-09-15 00:00:00,3.3649001740434385e-05,1.00000002
2025-09-15 01:00:00,1.3465923568921943e-05,1.00000002
2025-09-15 02:00:00,5.170280683955813e-06,1.00000002
2025-09-15 03:00:00,1.6559862545872595e-05,1.00000002
2025-09-15 04:00:00,5.649129075977952e-06,1.00000002
2025-09-15 05:00:00,1.6868964286985403e-05,1.00000002
2025-09-15 06:00:00,1.6820385774803922e-05,1.00000002
2025-09-15 07:00:00,7.774790179446437e-05,1.00000002
2025-09-15 08:00:00,2.2542383795144823e-05,1.00000002
2025-09-15 09:00:00,9.442546635819817e-06,1.00000002
2025-09-15 10:00:00,9.567711550887627e-06,1.00000002
2025-09-15 11:00:00,1.4183149355109541e-05,1.00000002
2025-09-15 12:00:00,3.8698676323201396e-05,1.00000002
2025-09-15 13:00:00,1.4552888500093303e-05,1.00000002
2025-09-15 14:00:00,6.970892141963057e-05,1.00000002
2025-09-15 15:00:00,2.7647466876595555e-05,1.00000002
2025-09-15 16:00:00,1.431097553493021e-05,1.00000002
2025-09-15 17:00:00,1.0716698064652009e-05,1.00000002
2025-09-15 18:00:00,2.131794358295706e-05,1.00000002
2025-09-15 19:00:00,3.4275138505159225e-06,1.00000002
2025-09-15 20:00:00,2.3537734926913006e-06,1.00000002
2025-09-15 21:00:00,4.262511214669528e-06,1.00000002
2025-09-15 22:00:00,2.5449752882765244e-06,1.00000002
2025-09-15 23:00:00,6.989174475806164e-06,1.00000002
2025-09-16 00:00:00,1.4318156188965294e-05,1.00000002
2025-09-16 01:00:00,5.726828106265408e-06,1.00000002
2025-09-16 02:00:00,7.227006942559147e-06,1.00000002
2025-09-16 03:00:00,1.1742152187511856e-05,1.00000002
2025-09-16 04:00:00,9.481212500313391e-06,1.00000002
2025-09-16 05:00:00,3.345448985816714e-05,1.00000002
2025-09-16 06:00:00,5.0405893083444504e-06,1.00000002
2025-09-16 07:00:00,1.0493354460151104e-05,1.00000002
2025-09-16 08:00:00,4.036892430924873e-06,1.00000002
2025-09-16 09:00:00,1.757313662325264e-06,1.00000002
2025-09-16 10:00:00,2.3095112936474113e-06,1.00000002
2025-09-16 11:00:00,9.55548769383216e-07,1.00000002
2025-09-16 12:00:00,6.241115640613754e-05,1.00000002
2025-09-16 13:00:00,3.355958911899725e-05,1.00000002
2025-09-16 14:00:00,9.249134949508591e-06,1.00000002
2025-09-16 15:00:00,2.1187134320331458e-05,1.00000002
2025-09-16 16:00:00,3.24825235686656e-05,1.00000002
2025-09-16 17:00:00,1.258879532368368e-05,1.00000002
2025-09-16 18:00:00,5.461935998900135e-06,1.00000002
2025-09-16 19:00:00,3.259738928428364e-06,1.00000002
2025-09-16 20:00:00,8.491021268607463e-06,1.00000002
2025-09-16 21:00:00,7.83766294049341e-06,1.00000002
2025-09-16 22:00:00,6.450234436224002e-06,1.00000002
2025-09-16 23:00:00,6.1310307447317805e-06,1.00000002
2025-09-17 00:00:00,4.6941269409569655e-06,1.00000002
2025-09-17 01:00:00,1.1047638773385956e-05,1.00000002
2025-09-17 02:00:00,1.665242872123867e-05,1.00000002
2025-09-17 03:00:00,8.72024483435701e-06,1.00000002
2025-09-17 04:00:00,8.09956239238771e-06,1.00000002
2025-09-17 05:00:00,4.189099931627651e-05,1.00000002
2025-09-17 06:00:00,5.493740068675623e-06,1.00000002
2025-09-17 07:00:00,1.3984982621009715e-05,1.00000002
2025-09-17 08:00:00,4.5478645011907535e-06,1.00000002
2025-09-17 09:00:00,5.067696959908553e-06,1.00000002
2025-09-17 10:00:00,3.697380607578681e-06,1.00000002
2025-09-17 11:00:00,1.4162996263680529e-05,1.00000002
2025-09-17 12:00:00,1.5824166767185788e-05,1.00000002
2025-09-17 13:00:00,2.125977655819391e-05,1.00000002
2025-09-17 14:00:00,8.402444547506627e-06,1.00000002
2025-09-17 15:00:00,4.491859201011467e-06,1.00000002
2025-09-17 16:00:00,5.1822246072117624e-05,1.00000002
2025-09-17 17:00:00,9.938732404093e-05,1.00000002
2025-09-17 18:00:00,0.00010008012793769705,1.00000002
2025-09-17 19:00:00,2.263946263670009e-05,1.00000002
2025-09-17 20:00:00,2.9069229604035995e-05,1.00000002
2025-09-17 21:00:00,2.878780272984787e-05,1.00000002
2025-09-17 22:00:00,2.1339036610479747e-05,1.00000002
2025-09-17 23:00:00,8.947290464341989e-06,1.00000002
2025-09-18 00:00:00,2.4182579385505223e-05,1.00000002
2025-09-18 01:00:00,4.7226400327788255e-06,1.00000002
2025-09-18 02:00:00,1.4479627359355867e-05,1.00000002
2025-09-18 03:00:00,6.149271250227914e-06,1.00000002
2025-09-18 04:00:00,7.152782547391233e-06,1.00000002
2025-09-18 05:00:00,1.955461063238303e-05,1.00000002
2025-09-18 06:00:00,3.583825810055735e-06,1.00000002
2025-09-18 07:00:00,8.860424334727048e-06,1.00000002
2025-09-18 08:00:00,3.7509490754812767e-06,1.00000002
2025-09-18 09:00:00,7.898750308863933e-06,1.00000002
2025-09-18 10:00:00,6.673863246062826e-06,1.00000002
2025-09-18 11:00:00,6.637625956571247e-06,1.00000002
2025-09-18 12:00:00,2.0648881054057862e-05,1.00000002
2025-09-18 13:00:00,3.433741642441773e-05,1.00000002
2025-09-18 14:00:00,5.58004634214017e-06,1.00000002
2025-09-18 15:00:00,1.085954981038031e-05,1.00000002
2025-09-18 16:00:00,1.559438411846437e-05,1.00000002
2025-09-18 17:00:00,5.908526986865096e-06,1.00000002
2025-09-18 18:00:00,9.573680822645935e-06,1.00000002
2025-09-18 19:00:00,3.855366724257775e-06,1.00000002
2025-09-18 20:00:00,1.7459144198954089e-06,1.00000002
2025-09-18 21:00:00,7.0242756509063475e-06,1.00000002
2025-09-18 22:00:00,1.1955101184772886e-05,1.00000002
2025-09-18 23:00:00,7.689456025681427e-06,1.00000002
2025-09-19 00:00:00,8.072803217348058e-06,1.00000002
2025-09-19 01:00:00,5.209390760667031e-06,1.00000002
2025-09-19 02:00:00,2.9635191400461005e-05,1.00000002
2025-09-19 03:00:00,7.888233944890163e-06,1.00000002
2025-09-19 04:00:00,8.942743637039664e-06,1.00000002
2025-09-19 05:00:00,6.530102828322054e-06,1.00000002
2025-09-19 06:00:00,6.976355358555353e-06,1.00000002
2025-09-19 07:00:00,4.2014606650826495e-06,1.00000002
2025-09-19 08:00:00,1.0850864204193234e-05,1.00000002
2025-09-19 09:00:00,3.496258979078279e-06,1.00000002
2025-09-19 10:00:00,4.940074669010641e-06,1.00000002
2025-09-19 11:00:00,2.7888433622566957e-06,1.00000002
2025-09-19 12:00:00,2.1075771730343428e-05,1.00000002
2025-09-19 13:00:00,2.6604897434192394e-05,1.00000002
2025-09-19 14:00:00,2.0718037835497932e-05,1.00000002
2025-09-19 15:00:00,9.07897259212694e-06,1.00000002
2025-09-19 16:00:00,8.3357285213267e-06,1.00000002
2025-09-19 17:00:00,8.573636221592105e-06,1.00000002
2025-09-19 18:00:00,9.120949935285881e-06,1.00000002
2025-09-19 19:00:00,7.508286156535645e-06,1.00000002
2025-09-19 20:00:00,5.464416002001062e-06,1.00000002
2025-09-19 21:00:00,1.4236019297645437e-06,1.00000002
2025-09-19 22:00:00,6.013971290468728e-06,1.00000002
2025-09-19 23:00:00,5.46854488947054e-06,1.00000002
2025-09-20 00:00:00,6.982525575012075e-06,1.00000002
2025-09-20 01:00:00,8.774158891771462e-06,1.00000002
2025-09-20 02:00:00,2.4916153881947036e-06,1.00000002
2025-09-20 03:00:00,2.166310133324308e-06,1.00000002
2025-09-20 04:00:00,1.8183088657785462e-06,1.00000002
2025-09-20 05:00:00,1.5518165776402203e-06,1.00000002
2025-09-20 06:00:00,2.0675886345087775e-06,1.00000002
2025-09-20 07:00:00,2.41817368528066e-06,1.00000002
2025-09-20 08:00:00,5.719917983017942e-06,1.00000002
2025-09-20 09:00:00,2.2443783362489297e-06,1.00000002
2025-09-20 10:00:00,1.679437856535134e-06,1.00000002
2025-09-20 11:00:00,1.0054860311581493e-06,1.00000002
2025-09-20 12:00:00,7.906885938937787e-07,1.00000002
2025-09-20 13:00:00,1.0113519561065083e-05,1.00000002
2025-09-20 14:00:00,7.52392654706682e-06,1.00000002
2025-09-20 15:00:00,3.819509575683722e-06,1.00000002
2025-09-20 16:00:00,7.057742297730846e-06,1.00000002
2025-09-20 17:00:00,4.339486744616186e-06,1.00000002
2025-09-20 18:00:00,1.4569961923499493e-06,1.00000002
2025-09-20 19:00:00,1.3722148116525298e-06,1.00000002
2025-09-20 20:00:00,4.61684041280973e-06,1.00000002
2025-09-20 21:00:00,2.982687512897179e-06,1.00000002
2025-09-20 22:00:00,1.8130207070395358e-06,1.00000002
2025-09-20 23:00:00,3.3209389949200354e-06,1.00000002
2025-09-21 00:00:00,7.879726228766622e-07,1.00000002
2025-09-21 01:00:00,9.163523349947718e-06,1.00000002
2025-09-21 02:00:00,9.57049917985207e-07,1.00000002
2025-09-21 03:00:00,1.1121386834248761e-06,1.00000002
2025-09-21 04:00:00,1.3335714960105843e-06,1.00000002
2025-09-21 05:00:00,3.6056875470067092e-06,1.00000002
2025-09-21 06:00:00,6.948683073398842e-07,1.00000002
2025-09-21 07:00:00,2.0251377844978654e-06,1.00000002
2025-09-21 08:00:00,1.150390844895105e-05,1.00000002
2025-09-21 09:00:00,5.97229405645416e-06,1.00000002
2025-09-21 10:00:00,2.561095810020892e-06,1.00000002
2025-09-21 11:00:00,6.080917336048438e-06,1.00000002
2025-09-21 12:00:00,4.094465999072644e-06,1.00000002
2025-09-21 13:00:00,2.0042699569771926e-06,1.00000002
2025-09-21 14:00:00,4.097919286275153e-06,1.00000002
2025-09-21 15:00:00,1.0581122738118825e-05,1.00000002
2025-09-21 16:00:00,5.784109195141184e-06,1.00000002
2025-09-21 17:00:00,1.1240593329022972e-05,1.00000002
2025-09-21 18:00:00,1.6077178446454748e-05,1.00000002
2025-09-21 19:00:00,3.882926513831686e-06,1.00000002
2025-09-21 20:00:00,3.6383400821622884e-06,1.00000002
2025-09-21 21:00:00,7.3406477258288945e-06,1.00000002
2025-09-21 22:00:00,9.341335178405495e-06,1.00000002
2025-09-21 23:00:00,0.0001792228336261355,1.00000002
2025-09-22 00:00:00,1.4961245397408002e-05,1.00000002
2025-09-22 01:00:00,5.687203348749211e-05,1.00000002
2025-09-22 02:00:00,6.563023622945944e-06,1.00000002
2025-09-22 03:00:00,5.856433144458987e-06,1.00000002
2025-09-22 04:00:00,4.195086639384472e-06,1.00000002
2025-09-22 05:00:00,0.001047248079737387,1.00000002
2025-09-22 06:00:00,5.4990160700224795e-05,1.00000002
2025-09-22 07:00:00,1.142541676939767e-05,1.00000002
2025-09-22 08:00:00,2.4155127773491845e-05,1.00000002
2025-09-22 09:00:00,3.132978980431384e-05,1.00000002
2025-09-22 10:00:00,6.730037617295678e-06,1.00000002
2025-09-22 11:00:00,9.201818869358955e-06,1.00000002
2025-09-22 12:00:00,1.840570014082849e-05,1.00000002
2025-09-22 13:00:00,1.987162642672352e-05,1.00000002
2025-09-22 14:00:00,9.955670031853933e-06,1.00000002
2025-09-22 15:00:00,8.962688339091399e-06,1.00000002
2025-09-22 16:00:00,1.4398329006181399e-05,1.00000002
2025-09-22 17:00:00,5.897954283551763e-06,1.00000002
2025-09-22 18:00:00,2.133321716367582e-05,1.00000002
2025-09-22 19:00:00,2.4090069382466293e-05,1.00000002
2025-09-22 20:00:00,4.425501700228068e-06,1.00000002
2025-09-22 21:00:00,4.9874788463538715e-06,1.00000002
2025-09-22 22:00:00,5.210096273265335e-06,1.00000002
2025-09-22 23:00:00,6.9851630589108544e-06,1.00000002
2025-09-23 00:00:00,1.9052761036804633e-05,1.00000002
2025-09-23 01:00:00,1.4520060782006368e-05,1.00000002
2025-09-23 02:00:00,6.600506001936699e-05,1.00000002
2025-09-23 03:00:00,1.852251617030934e-05,1.00000002
2025-09-23 04:00:00,1.8612114285027406e-05,1.00000002
2025-09-23 05:00:00,9.570567939664437e-06,1.00000002
2025-09-23 06:00:00,6.4983510545065e-06,1.00000002
2025-09-23 07:00:00,2.9357788066307273e-06,1.00000002
2025-09-23 08:00:00,1.5340848432029455e-05,1.00000002
2025-09-23 09:00:00,1.8077134480418743e-06,1.00000002
2025-09-23 10:00:00,5.232034578567306e-06,1.00000002
2025-09-23 11:00:00,1.0533379513480826e-05,1.00000002
2025-09-23 12:00:00,8.687772184025818e-06,1.00000002
2025-09-23 13:00:00,2.4348502743980166e-05,1.00000002
2025-09-23 14:00:00,2.9721800414043163e-05,1.00000002
2025-09-23 15:00:00,3.8508489150270444e-05,1.00000002
2025-09-23 16:00:00,3.7832986473417905e-05,1.00000002
2025-09-23 17:00:00,1.1129074023483735e-05,1.00000002
2025-09-23 18:00:00,2.196976364806243e-05,1.00000002
2025-09-23 19:00:00,1.2719210859544536e-05,1.00000002
2025-09-23 20:00:00,1.4574861199871224e-05,1.00000002
2025-09-23 21:00:00,8.42765976709506e-06,1.00000002
2025-09-23 22:00:00,1.708047860801831e-05,1.00000002
2025-09-23 23:00:00,2.4932401229572856e-05,1.00000002
2025-09-24 00:00:00,6.29658605275073e-06,1.00000002
2025-09-24 01:00:00,1.6174726554366683e-05,1.00000002
2025-09-24 02:00:00,1.99945807047839e-05,1.00000002
2025-09-24 03:00:00,0.00010991075215450324,1.00000002
2025-09-24 04:00:00,1.0613291015466038e-05,1.00000002
2025-09-24 05:00:00,4.6142697988417135e-06,1.00000002
2025-09-24 06:00:00,8.007803370112491e-06,1.00000002
2025-09-24 07:00:00,4.024326768436272e-06,1.00000002
2025-09-24 08:00:00,3.1510399550984843e-06,1.00000002
2025-09-24 09:00:00,3.839786748652429e-06,1.00000002
2025-09-24 10:00:00,1.1500299562054187e-05,1.00000002
2025-09-24 11:00:00,4.159523573422968e-06,1.00000002
2025-09-24 12:00:00,1.759301627379439e-05,1.00000002
2025-09-24 13:00:00,2.9192745855992844e-05,1.00000002
2025-09-24 14:00:00,2.208776680510013e-05,1.00000002
2025-09-24 15:00:00,4.675416044531273e-06,1.00000002
2025-09-24 16:00:00,1.1019281116732058e-05,1.00000002
2025-09-24 17:00:00,6.992941439431583e-06,1.00000002
2025-09-24 18:00:00,5.644390127005574e-06,1.00000002
2025-09-24 19:00:00,6.181887282287995e-06,1.00000002
2025-09-24 20:00:00,3.4405185942078672e-06,1.00000002
2025-09-24 21:00:00,3.9638912941289815e-05,1.00000002
2025-09-24 22:00:00,2.948171504008975e-06,1.00000002
2025-09-24 23:00:00,1.6664041775011793e-05,1.00000002
2025-09-25 00:00:00,3.697407171626391e-05,1.00000002
2025-09-25 01:00:00,6.612533592506623e-05,1.00000002
2025-09-25 02:00:00,6.0836814843319336e-05,1.00000002
2025-09-25 03:00:00,0.00021709036196264982,1.00000002
2025-09-25 04:00:00,5.8600564088058e-05,1.00000002
2025-09-25 05:00:00,2.7731757546920426e-05,1.00000002
2025-09-25 06:00:00,1.4680854449250494e-05,1.00000002
2025-09-25 07:00:00,3.0155953575715225e-05,1.00000002
2025-09-25 08:00:00,2.778653054420079e-05,1.00000002
2025-09-25 09:00:00,1.3062802845320431e-05,1.00000002
2025-09-25 10:00:00,1.2609173315119071e-05,1.00000002
2025-09-25 11:00:00,6.183046055697665e-05,1.00000002
2025-09-25 12:00:00,0.00014419236830192923,1.00000002
2025-09-25 13:00:00,5.251377892746135e-05,1.00000002
2025-09-25 14:00:00,2.392369392592373e-05,1.00000002
2025-09-25 15:00:00,4.397782336161399e-05,1.00000002
2025-09-25 16:00:00,6.989431321760717e-05,1.00000002
2025-09-25 17:00:00,0.00014001430731987543,1.00000002
2025-09-25 18:00:00,3.100524010960945e-05,1.00000002
2025-09-25 19:00:00,4.3984702144913275e-05,1.00000002
2025-09-25 20:00:00,5.926436334514623e-05,1.00000002
2025-09-25 21:00:00,4.467177916290635e-05,1.00000002
2025-09-25 22:00:00,3.728336496656041e-05,1.00000002
2025-09-25 23:00:00,0.00016682463444223474,1.00000002
2025-09-26 00:00:00,3.863458693875106e-05,1.00000002
2025-09-26 01:00:00,2.7519253893980454e-05,1.00000002
2025-09-26 02:00:00,1.3405278854024323e-05,1.00000002
2025-09-26 03:00:00,2.183176899212125e-05,1.00000002
2025-09-26 04:00:00,2.9028561334321958e-05,1.00000002
2025-09-26 05:00:00,5.364310907432297e-05,1.00000002
2025-09-26 06:00:00,5.384438341669677e-05,1.00000002
2025-09-26 07:00:00,2.4963450041248816e-05,1.00000002
2025-09-26 08:00:00,2.084231313080972e-05,1.00000002
2025-09-26 09:00:00,3.649761557950406e-05,1.00000002
2025-09-26 10:00:00,1.996276195814924e-05,1.00000002
2025-09-26 11:00:00,0.00010856345301892956,1.00000002
2025-09-26 12:00:00,8.588198853962386e-05,1.00000002
2025-09-26 13:00:00,3.375950887195092e-05,1.00000002
2025-09-26 14:00:00,4.4928554317992916e-05,1.00000002
2025-09-26 15:00:00,2.7909227413814746e-05,1.00000002
2025-09-26 16:00:00,5.826759567890492e-05,1.00000002
2025-09-26 17:00:00,3.502828810419634e-05,1.00000002
2025-09-26 18:00:00,3.300597649311672e-05,1.00000002
2025-09-26 19:00:00,1.1354778525152751e-05,1.00000002
2025-09-26 20:00:00,8.646436023877704e-06,1.00000002
2025-09-26 21:00:00,9.99316765985838e-06,1.00000002
2025-09-26 22:00:00,8.575345271351093e-06,1.00000002
2025-09-26 23:00:00,9.100722485882042e-06,1.00000002
2025-09-27 00:00:00,5.525571238864232e-06,1.00000002
2025-09-27 01:00:00,3.820842988335757e-06,1.00000002
2025-09-27 02:00:00,6.6435409351024494e-06,1.00000002
2025-09-27 03:00:00,3.8799504049292775e-06,1.00000002
2025-09-27 04:00:00,1.576709678323724e-06,1.00000002
2025-09-27 05:00:00,1.210073698574818e-06,1.00000002
2025-09-27 06:00:00,1.8988102964993852e-06,1.00000002
2025-09-27 07:00:00,1.6332194984312356e-05,1.00000002
2025-09-27 08:00:00,8.137896050318346e-06,1.00000002
2025-09-27 09:00:00,1.5014402879116767e-05,1.00000002
2025-09-27 10:00:00,3.2546663244264393e-06,1.00000002
2025-09-27 11:00:00,2.3212065356213447e-05,1.00000002
2025-09-27 12:00:00,1.2836756522888155e-05,1.00000002
2025-09-27 13:00:00,5.797656166211925e-06,1.00000002
2025-09-27 14:00:00,7.994183213274267e-06,1.00000002
2025-09-27 15:00:00,5.230193719057846e-06,1.00000002
2025-09-27 16:00:00,2.2095414555322173e-05,1.00000002
2025-09-27 17:00:00,7.301465376344609e-06,1.00000002
2025-09-27 18:00:00,2.001322803640499e-06,1.00000002
2025-09-27 19:00:00,3.0073369514370625e-06,1.00000002
2025-09-27 20:00:00,3.366991391800983e-06,1.00000002
2025-09-27 21:00:00,5.43982219134876e-06,1.00000002
2025-09-27 22:00:00,4.037878120684577e-06,1.00000002
2025-09-27 23:00:00,9.892033489929142e-06,1.00000002
2025-09-28 00:00:00,1.009592310978668e-05,1.00000002
2025-09-28 01:00:00,6.246519211374023e-06,1.00000002
2025-09-28 02:00:00,2.074634043732834e-06,1.00000002
2025-09-28 03:00:00,1.9297903758424154e-06,1.00000002
2025-09-28 04:00:00,5.224600286748075e-06,1.00000002
2025-09-28 05:00:00,9.006395287761533e-06,1.00000002
2025-09-28 06:00:00,4.962077821218194e-06,1.00000002
2025-09-28 07:00:00,3.0617974650010597e-06,1.00000002
2025-09-28 08:00:00,7.458777992451831e-06,1.00000002
2025-09-28 09:00:00,4.367890482795573e-06,1.00000002
2025-09-28 10:00:00,3.779052450100471e-06,1.00000002
2025-09-28 11:00:00,1.3421819111131891e-05,1.00000002
2025-09-28 12:00:00,6.043627208423181e-06,1.00000002
2025-09-28 13:00:00,1.243052027634035e-05,1.00000002
2025-09-28 14:00:00,5.79105268416706e-06,1.00000002
2025-09-28 15:00:00,1.9034436194808735e-05,1.00000002
2025-09-28 16:00:00,1.629881948190619e-05,1.00000002
2025-09-28 17:00:00,1.3424820627884276e-06,1.00000002
2025-09-28 18:00:00,3.4892606442801737e-06,1.00000002
2025-09-28 19:00:00,9.256953359078279e-06,1.00000002
2025-09-28 20:00:00,7.845245828263236e-06,1.00000002
2025-09-28 21:00:00,0.00014983542198592956,1.00000002
2025-09-28 22:00:00,8.025104193196899e-06,1.00000002
2025-09-28 23:00:00,1.6703198087767454e-05,1.00000002
2025-09-29 00:00:00,9.719307945471667e-06,1.00000002
2025-09-29 01:00:00,1.0348241437626856e-05,1.00000002
2025-09-29 02:00:00,4.058052741842224e-06,1.00000002
2025-09-29 03:00:00,7.678068616031448e-06,1.00000002
2025-09-29 04:00:00,5.08442712972581e-06,1.00000002
2025-09-29 05:00:00,7.927593339056206e-06,1.00000002
2025-09-29 06:00:00,5.859500183591186e-06,1.00000002
2025-09-29 07:00:00,1.0469234746637799e-05,1.00000002
2025-09-29 08:00:00,7.430315438067192e-06,1.00000002
2025-09-29 09:00:00,6.824204434651513e-06,1.00000002
2025-09-29 10:00:00,6.861839865238707e-06,1.00000002
2025-09-29 11:00:00,1.2600241871570862e-05,1.00000002
2025-09-29 12:00:00,6.297502066801184e-05,1.00000002
2025-09-29 13:00:00,3.6570434418547905e-05,1.00000002
2025-09-29 14:00:00,9.800115950861244e-06,1.00000002
2025-09-29 15:00:00,7.872474384137848e-06,1.00000002
2025-09-29 16:00:00,1.8656968983566737e-05,1.00000002
2025-09-29 17:00:00,4.823544467219424e-06,1.00000002
2025-09-29 18:00:00,1.5555290195016105e-05,1.00000002
2025-09-29 19:00:00,3.199442519311055e-05,1.00000002
2025-09-29 20:00:00,9.651961678820823e-06,1.00000002
2025-09-29 21:00:00,5.915298271246287e-06,1.00000002
2025-09-29 22:00:00,1.3204562313677024e-05,1.00000002
2025-09-29 23:00:00,3.303356182417586e-05,1.00000002
2025-09-30 00:00:00,1.9554647929878454e-05,1.00000002
2025-09-30 01:00:00,8.224350617282294e-06,1.00000002
2025-09-30 02:00:00,7.025742856927671e-06,1.00000002
2025-09-30 03:00:00,1.6000919723820352e-06,1.00000002
2025-09-30 04:00:00,3.793228217604266e-06,1.00000002
2025-09-30 05:00:00,7.702446815839023e-06,1.00000002
2025-09-30 06:00:00,7.497310042041661e-06,1.00000002
2025-09-30 07:00:00,2.747259070133936e-06,1.00000002
2025-09-30 08:00:00,1.986696501283969e-05,1.00000002
2025-09-30 09:00:00,9.89342035254572e-06,1.00000002
2025-09-30 10:00:00,4.389211624518758e-06,1.00000002
2025-09-30 11:00:00,8.948058449400415e-06,1.00000002
2025-09-30 12:00:00,3.726846990011149e-05,1.00000002
2025-09-30 13:00:00,5.392172066206377e-05,1.00000002
2025-09-30 14:00:00,2.8112594770516856e-05,1.00000002
2025-09-30 15:00:00,1.239423877061049e-05,1.00000002
2025-09-30 16:00:00,1.7981218762268625e-05,1.00000002
2025-09-30 17:00:00,2.077713989966873e-05,1.00000002
2025-09-30 18:00:00,2.862324771467704e-05,1.00000002
2025-09-30 19:00:00,2.6297248158304218e-05,1.00000002
2025-09-30 20:00:00,1.6046053193604508e-05,1.00000002
2025-09-30 21:00:00,2.6751240539525816e-05,1.00000002
2025-09-30 22:00:00,9.799153347894864e-06,1.00000002
2025-09-30 23:00:00,2.4417146362126524e-05,1.00000002
2025-10-01 00:00:00,2.561866601262875e-05,1.00000002
2025-10-01 01:00:00,6.76445662611332e-06,1.00000002
2025-10-01 02:00:00,1.0407485327913581e-05,1.00000002
2025-10-01 03:00:00,1.5576889637683367e-05,1.00000002
2025-10-01 04:00:00,9.754305871924597e-06,1.00000002
2025-10-01 05:00:00,1.2318292077241326e-05,1.00000002
2025-10-01 06:00:00,5.706623406178022e-06,1.00000002
2025-10-01 07:00:00,0.00039329410262733993,1.00000002
2025-10-01 08:00:00,2.1926184863703294e-05,1.00000002
2025-10-01 09:00:00,1.9257136814535855e-05,1.00000002
2025-10-01 10:00:00,1.3225054174924618e-05,1.00000002
2025-10-01 11:00:00,1.791672020019122e-05,1.00000002
2025-10-01 12:00:00,2.1588453716904414e-05,1.00000002
2025-10-01 13:00:00,7.01664665757512e-05,1.00000002
2025-10-01 14:00:00,3.3148654244127856e-05,1.00000002
2025-10-01 15:00:00,6.816503230275626e-06,1.00000002
2025-10-01 16:00:00,3.4419282400672566e-05,1.00000002
2025-10-01 17:00:00,1.0195037981870448e-05,1.00000002
2025-10-01 18:00:00,2.5731274922134196e-05,1.00000002
2025-10-01 19:00:00,1.5474045871767818e-05,1.00000002
2025-10-01 20:00:00,2.4094526766397554e-05,1.00000002
2025-10-01 21:00:00,1.5494320778563256e-05,1.00000002
2025-10-01 22:00:00,1.5219752172981124e-05,1.00000002
2025-10-01 23:00:00,6.033540791271726e-05,1.00000002
2025-10-02 00:00:00,6.988404888401336e-05,1.00000002
2025-10-02 01:00:00,3.766712893321468e-05,1.00000002
2025-10-02 02:00:00,9.460772543878603e-06,1.00000002
2025-10-02 03:00:00,1.279653097895015e-05,1.00000002
2025-10-02 04:00:00,2.4340585826629276e-05,1.00000002
2025-10-02 05:00:00,2.7765921734781954e-05,1.00000002
2025-10-02 06:00:00,1.1541171268821906e-05,1.00000002
2025-10-02 07:00:00,6.942254980120945e-06,1.00000002
2025-10-02 08:00:00,7.09022556339277e-06,1.00000002
2025-10-02 09:00:00,6.504110907093346e-06,1.00000002
2025-10-02 10:00:00,9.667862294822613e-06,1.00000002
2025-10-02 11:00:00,1.4092786483529275e-05,1.00000002
2025-10-02 12:00:00,4.950891841193633e-05,1.00000002
2025-10-02 13:00:00,4.933142420542486e-05,1.00000002
2025-10-02 14:00:00,0.0001776665645245394,1.00000002
2025-10-02 15:00:00,6.461067157324822e-05,1.00000002
2025-10-02 16:00:00,2.2563009896416976e-05,1.00000002
2025-10-02 17:00:00,2.2891064767158536e-05,1.00000002
2025-10-02 18:00:00,2.3209741113776428e-05,1.00000002
2025-10-02 19:00:00,2.6953263489620535e-05,1.00000002
2025-10-02 20:00:00,1.839473275750076e-05,1.00000002
2025-10-02 21:00:00,1.0762829027634263e-05,1.00000002
2025-10-02 22:00:00,1.6183012127034827e-05,1.00000002
2025-10-02 23:00:00,8.251407530682865e-06,1.00000002
2025-10-03 00:00:00,3.0036009061005366e-05,1.00000002
2025-10-03 01:00:00,0.00010487417177504404,1.00000002
2025-10-03 02:00:00,0.0001185006403503205,1.00000002
2025-10-03 03:00:00,2.767511296941688e-05,1.00000002
2025-10-03 04:00:00,1.1673295638009494e-05,1.00000002
2025-10-03 05:00:00,7.08350079729538e-06,1.00000002
2025-10-03 06:00:00,8.757372648059026e-06,1.00000002
2025-10-03 07:00:00,2.1056946983826153e-05,1.00000002
2025-10-03 08:00:00,0.00010555960996899915,1.00000002
2025-10-03 09:00:00,3.0132006876374648e-05,1.00000002
2025-10-03 10:00:00,1.940254646708872e-05,1.00000002
2025-10-03 11:00:00,1.6355263140551634e-05,1.00000002
2025-10-03 12:00:00,3.696635031487481e-05,1.00000002
2025-10-03 13:00:00,5.412620832826683e-05,1.00000002
2025-10-03 14:00:00,7.170461847473809e-05,1.00000002
2025-10-03 15:00:00,8.014683551329054e-05,1.00000002
2025-10-03 16:00:00,0.0002102148355650324,1.00000002
2025-10-03 17:00:00,3.534543131540752e-05,1.00000002
2025-10-03 18:00:00,4.2499019680333915e-05,1.00000002
2025-10-03 19:00:00,2.3830628821446628e-05,1.00000002
2025-10-03 20:00:00,5.9153151950746025e-06,1.00000002
2025-10-03 21:00:00,9.921274166177412e-06,1.00000002
2025-10-03 22:00:00,7.644073079074388e-06,1.00000002
2025-10-03 23:00:00,8.993366364051926e-06,1.00000002
2025-10-04 00:00:00,7.625615360539288e-06,1.00000002
2025-10-04 01:00:00,1.34302569914425e-05,1.00000002
2025-10-04 02:00:00,6.590011380722015e-06,1.00000002
2025-10-04 03:00:00,1.1082430136665711e-05,1.00000002
2025-10-04 04:00:00,8.69593704395511e-06,1.00000002
2025-10-04 05:00:00,9.146393429827034e-06,1.00000002
2025-10-04 06:00:00,8.710678055110067e-06,1.00000002
2025-10-04 07:00:00,7.157593269060694e-06,1.00000002
2025-10-04 08:00:00,5.4109510500086775e-06,1.00000002
2025-10-04 09:00:00,9.06638338128045e-06,1.00000002
2025-10-04 10:00:00,4.794605057793196e-06,1.00000002
2025-10-04 11:00:00,6.6649840479541224e-06,1.00000002
2025-10-04 12:00:00,2.2304800844450842e-05,1.00000002
2025-10-04 13:00:00,1.5336957299540806e-05,1.00000002
2025-10-04 14:00:00,1.8575673969588496e-05,1.00000002
2025-10-04 15:00:00,1.587660448995981e-05,1.00000002
2025-10-04 16:00:00,1.6521404631022258e-05,1.00000002
2025-10-04 17:00:00,4.983366230528981e-06,1.00000002
2025-10-04 18:00:00,5.678480354228811e-06,1.00000002
2025-10-04 19:00:00,7.044078580910115e-06,1.00000002
2025-10-04 20:00:00,1.6302597054625254e-05,1.00000002
2025-10-04 21:00:00,8.392570084113088e-06,1.00000002
2025-10-04 22:00:00,2.404332730302445e-06,1.00000002
2025-10-04 23:00:00,8.10964120344429e-06,1.00000002
2025-10-05 00:00:00,1.168810013994008e-05,1.00000002
2025-10-05 01:00:00,0.00014333437754362902,1.00000002
2025-10-05 02:00:00,5.9740573031164295e-05,1.00000002
2025-10-05 03:00:00,5.317015267139823e-05,1.00000002
2025-10-05 04:00:00,2.0257917072671023e-05,1.00000002
2025-10-05 05:00:00,1.306626653381075e-05,1.00000002
2025-10-05 06:00:00,1.874712808720239e-05,1.00000002
2025-10-05 07:00:00,2.2249011731084433e-05,1.00000002
2025-10-05 08:00:00,2.153250542894273e-05,1.00000002
2025-10-05 09:00:00,3.164457613345958e-05,1.00000002
2025-10-05 10:00:00,1.1473602701447506e-05,1.00000002
2025-10-05 11:00:00,1.4462473129860163e-05,1.00000002
2025-10-05 12:00:00,4.7692674802108595e-06,1.00000002
2025-10-05 13:00:00,5.273351554190941e-06,1.00000002
2025-10-05 14:00:00,8.207481205105884e-06,1.00000002
2025-10-05 15:00:00,2.143579806103303e-05,1.00000002
2025-10-05 16:00:00,2.3333581028417956e-05,1.00000002
2025-10-05 17:00:00,1.2514938212222214e-05,1.00000002
2025-10-05 18:00:00,1.585646445762159e-05,1.00000002
2025-10-05 19:00:00,8.671101594082251e-06,1.00000002
2025-10-05 20:00:00,6.296976382854629e-06,1.00000002
2025-10-05 21:00:00,1.2220705369254147e-05,1.00000002
2025-10-05 22:00:00,8.174547712030139e-06,1.00000002
2025-10-05 23:00:00,8.976293717700536e-05,1.00000002
2025-10-06 00:00:00,3.5875549772742127e-05,1.00000002
2025-10-06 01:00:00,3.600171131293821e-05,1.00000002
2025-10-06 02:00:00,5.73276786633368e-06,1.00000002
2025-10-06 03:00:00,7.378288049701099e-06,1.00000002
2025-10-06 04:00:00,1.2887194808868988e-05,1.00000002
2025-10-06 05:00:00,3.2326277068094076e-05,1.00000002
2025-10-06 06:00:00,2.8045782691249117e-05,1.00000002
2025-10-06 07:00:00,2.7451757459244475e-05,1.00000002
2025-10-06 08:00:00,8.443685171553324e-06,1.00000002
2025-10-06 09:00:00,1.2026732501659616e-05,1.00000002
2025-10-06 10:00:00,3.565432532612988e-05,1.00000002
2025-10-06 11:00:00,1.273090954153738e-05,1.00000002
2025-10-06 12:00:00,6.503171458184558e-05,1.00000002
2025-10-06 13:00:00,0.00012419506641983013,1.00000002
2025-10-06 14:00:00,3.813171429949691e-05,1.00000002
2025-10-06 15:00:00,1.7683598240028513e-05,1.00000002
2025-10-06 16:00:00,7.825873445817173e-05,1.00000002
2025-10-06 17:00:00,1.779338756519796e-05,1.00000002
2025-10-06 18:00:00,2.2063408577973316e-05,1.00000002
2025-10-06 19:00:00,7.605943851514187e-05,1.00000002
2025-10-06 20:00:00,1.705121569749735e-05,1.00000002
2025-10-06 21:00:00,3.0438589992406895e-05,1.00000002
2025-10-06 22:00:00,1.0388911737946005e-05,1.00000002
2025-10-06 23:00:00,7.096625080356109e-06,1.00000002
2025-10-07 00:00:00,2.7923284366099038e-05,1.00000002
2025-10-07 01:00:00,2.0218312315267823e-05,1.00000002
2025-10-07 02:00:00,1.3461070127918535e-05,1.00000002
2025-10-07 03:00:00,3.036355686358042e-05,1.00000002
2025-10-07 04:00:00,2.56810430810145e-05,1.00000002
2025-10-07 05:00:00,1.5211916259995025e-05,1.00000002
2025-10-07 06:00:00,1.4100866195823102e-05,1.00000002
2025-10-07 07:00:00,4.058499888241286e-05,1.00000002
2025-10-07 08:00:00,8.73366930619174e-06,1.00000002
2025-10-07 09:00:00,1.7397406493027355e-05,1.00000002
2025-10-07 10:00:00,1.0289835247648151e-05,1.00000002
2025-10-07 11:00:00,1.5801320257010615e-05,1.00000002
2025-10-07 12:00:00,0.00012622125326501121,1.00000002
2025-10-07 13:00:00,0.000111871379521335,1.00000002
2025-10-07 14:00:00,0.0001928576222963024,1.00000002
2025-10-07 15:00:00,0.00015225305540228037,1.00000002
2025-10-07 16:00:00,5.449935030671977e-05,1.00000002
2025-10-07 17:00:00,2.850600111464835e-05,1.00000002
2025-10-07 18:00:00,4.199031362573636e-05,1.00000002
2025-10-07 19:00:00,3.317721309656547e-05,1.00000002
2025-10-07 20:00:00,1.28862853671441e-05,1.00000002
2025-10-07 21:00:00,1.0605368742870268e-05,1.00000002
2025-10-07 22:00:00,3.072030095479131e-05,1.00000002
2025-10-07 23:00:00,3.977572935648033e-05,1.00000002
2025-10-08 00:00:00,1.611209750528514e-05,1.00000002
2025-10-08 01:00:00,1.7737968134348283e-05,1.00000002
2025-10-08 02:00:00,3.3086655935988496e-05,1.00000002
2025-10-08 03:00:00,2.7511381698467146e-05,1.00000002
2025-10-08 04:00:00,1.2899392442920267e-05,1.00000002
2025-10-08 05:00:00,2.41764917034011e-05,1.00000002
2025-10-08 06:00:00,4.16076934481045e-06,1.00000002
2025-10-08 07:00:00,2.0538565096126247e-05,1.00000002
2025-10-08 08:00:00,3.800020730129007e-06,1.00000002
2025-10-08 09:00:00,7.481268346352444e-06,1.00000002
2025-10-08 10:00:00,4.770236372457884e-06,1.00000002
2025-10-08 11:00:00,1.1693384842094601e-05,1.00000002
2025-10-08 12:00:00,2.247324468395104e-05,1.00000002
2025-10-08 13:00:00,0.0001223066865172805,1.00000002
2025-10-08 14:00:00,2.229131877973623e-05,1.00000002
2025-10-08 15:00:00,1.531332453667596e-05,1.00000002
2025-10-08 16:00:00,5.33208134177724e-05,1.00000002
2025-10-08 17:00:00,2.681041713251041e-05,1.00000002
2025-10-08 18:00:00,1.946849449137729e-05,1.00000002
2025-10-08 19:00:00,9.908310700973227e-06,1.00000002
2025-10-08 20:00:00,6.44030753480348e-06,1.00000002
2025-10-08 21:00:00,6.4750600197042604e-06,1.00000002
2025-10-08 22:00:00,7.959744451392683e-06,1.00000002
2025-10-08 23:00:00,1.1389103329180877e-05,1.00000002
2025-10-09 00:00:00,1.4775044371696511e-05,1.00000002
2025-10-09 01:00:00,4.033981175559115e-05,1.00000002
2025-10-09 02:00:00,1.787010005171332e-05,1.00000002
2025-10-09 03:00:00,7.316444680523206e-06,1.00000002
2025-10-09 04:00:00,7.22661409721505e-06,1.00000002
2025-10-09 05:00:00,8.985796288213931e-06,1.00000002
2025-10-09 06:00:00,1.4183095250791674e-05,1.00000002
2025-10-09 07:00:00,8.264106569656475e-05,1.00000002
2025-10-09 08:00:00,9.776181776150656e-06,1.00000002
2025-10-09 09:00:00,1.3126541740185022e-05,1.00000002
2025-10-09 10:00:00,1.988635685713487e-05,1.00000002
2025-10-09 11:00:00,2.1040306024598483e-05,1.00000002
2025-10-09 12:00:00,3.23166599319994e-05,1.00000002
2025-10-09 13:00:00,6.494222067160655e-05,1.00000002
2025-10-09 14:00:00,6.233168843330565e-05,1.00000002
2025-10-09 15:00:00,3.729214837935608e-05,1.00000002
2025-10-09 16:00:00,5.1020422266940086e-05,1.00000002
2025-10-09 17:00:00,1.653169652896763e-05,1.00000002
2025-10-09 18:00:00,1.0694410489363425e-05,1.00000002
2025-10-09 19:00:00,1.4075258286393317e-05,1.00000002
2025-10-09 20:00:00,9.74024144313246e-06,1.00000002
2025-10-09 21:00:00,5.2437884243458825e-06,1.00000002
2025-10-09 22:00:00,3.7735747622763092e-06,1.00000002
2025-10-09 23:00:00,5.718783468259801e-06,1.00000002
2025-10-10 00:00:00,1.0094180551901657e-05,1.00000002
2025-10-10 01:00:00,2.2408527207995565e-05,1.00000002
2025-10-10 02:00:00,3.732470415773511e-05,1.00000002
2025-10-10 03:00:00,3.5371463496350374e-05,1.00000002
2025-10-10 04:00:00,4.12322978208008e-05,1.00000002
2025-10-10 05:00:00,6.373679824331295e-05,1.00000002
2025-10-10 06:00:00,1.9209098799789552e-05,1.00000002
2025-10-10 07:00:00,1.303883141480356e-05,1.00000002
2025-10-10 08:00:00,2.5818266066497538e-05,1.00000002
2025-10-10 09:00:00,1.4706596376091692e-05,1.00000002
2025-10-10 10:00:00,9.051256209024584e-06,1.00000002
2025-10-10 11:00:00,1.0364715782527889e-05,1.00000002
2025-10-10 12:00:00,7.718650167692823e-05,1.00000002
2025-10-10 13:00:00,5.083581231796076e-05,1.00000002
2025-10-10 14:00:00,0.0008918904865829459,1.00000002
2025-10-10 15:00:00,0.00012392980393651596,1.00000002
2025-10-10 16:00:00,4.5906667746883284e-05,1.00000002
2025-10-10 17:00:00,4.233930721366504e-05,1.00000002
2025-10-10 18:00:00,0.0002690471351700741,1.00000002
2025-10-10 19:00:00,0.0007665506873091738,1.00000002
2025-10-10 20:00:00,0.014142596669771733,1.00000002
2025-10-10 21:00:00,0.004811147543711427,1.00000002
2025-10-10 22:00:00,0.0003852265030152519,1.00000002
2025-10-10 23:00:00,0.0003177377834243346,1.00000002
2025-10-11 00:00:00,0.00027313992400844326,1.00000002
2025-10-11 01:00:00,0.00018661800916216394,1.00000002
2025-10-11 02:00:00,0.00011683949127220626,1.00000002
2025-10-11 03:00:00,0.0001167723202142933,1.00000002
2025-10-11 04:00:00,0.000132851057057425,1.00000002
2025-10-11 05:00:00,5.15241066433063e-05,1.00000002
2025-10-11 06:00:00,8.599746806515007e-05,1.00000002
2025-10-11 07:00:00,0.00010173520304008031,1.00000002
2025-10-11 08:00:00,2.946053822044805e-05,1.00000002
2025-10-11 09:00:00,5.20044368723404e-05,1.00000002
2025-10-11 10:00:00,6.234524316862921e-05,1.00000002
2025-10-11 11:00:00,3.68532530286664e-05,1.00000002
2025-10-11 12:00:00,6.401286816428407e-05,1.00000002
2025-10-11 13:00:00,3.553798857868155e-05,1.00000002
2025-10-11 14:00:00,6.487747029324159e-05,1.00000002
2025-10-11 15:00:00,4.861415558401204e-05,1.00000002
2025-10-11 16:00:00,5.407497514766671e-05,1.00000002
2025-10-11 17:00:00,1.1932582103718436e-05,1.00000002
2025-10-11 18:00:00,0.00011813133196610875,1.00000002
2025-10-11 19:00:00,0.00011345691781469936,1.00000002
2025-10-11 20:00:00,0.00029418832461221826,1.00000002
2025-10-11 21:00:00,1.9815856061053627e-05,1.00000002
2025-10-11 22:00:00,1.0408577173842295e-05,1.00000002
2025-10-11 23:00:00,0.00012027403875733143,1.00000002
2025-10-12 00:00:00,8.616567817791367e-05,1.00000002
2025-10-12 01:00:00,5.058592815475479e-05,1.00000002
2025-10-12 02:00:00,0.00014020083661443956,1.00000002
2025-10-12 03:00:00,5.7459563995513445e-05,1.00000002
2025-10-12 04:00:00,6.195172323368876e-06,1.00000002
2025-10-12 05:00:00,3.702975581441431e-05,1.00000002
2025-10-12 06:00:00,2.4438742033586268e-05,1.00000002
2025-10-12 07:00:00,1.6064840607295994e-05,1.00000002
2025-10-12 08:00:00,2.3935035873605668e-05,1.00000002
2025-10-12 09:00:00,2.8406486211422922e-05,1.00000002
2025-10-12 10:00:00,3.3618593989156434e-05,1.00000002
2025-10-12 11:00:00,3.308403706643764e-05,1.00000002
2025-10-12 12:00:00,5.79159688856091e-05,1.00000002
2025-10-12 13:00:00,0.0009648235060358178,1.00000002
2025-10-12 14:00:00,0.0004189138018600722,1.00000002
2025-10-12 15:00:00,0.0003146577791124047,1.00000002
2025-10-12 16:00:00,0.00014859370107121161,1.00000002
2025-10-12 17:00:00,4.220156045558982e-05,1.00000002
2025-10-12 18:00:00,3.9080606012463246e-05,1.00000002
2025-10-12 19:00:00,6.334407111035524e-05,1.00000002
2025-10-12 20:00:00,0.00018887849677554362,1.00000002
2025-10-12 21:00:00,5.881382039886845e-05,1.00000002
2025-10-12 22:00:00,9.980619789314005e-05,1.00000002
2025-10-12 23:00:00,0.00010427002290683636,1.00000002
