timestamp,vol_future,pred_vol_future
2025-08-22 17:00:00+00:00,-4.83211651765405,-4.7864623
2025-08-22 18:00:00+00:00,-4.931835872116969,-4.819179
2025-08-22 19:00:00+00:00,-4.982131097862117,-4.948697
2025-08-22 20:00:00+00:00,-4.768547760318548,-4.980243
2025-08-22 21:00:00+00:00,-5.018062390427553,-4.9749393
2025-08-22 22:00:00+00:00,-5.509660430049257,-4.942721
2025-08-22 23:00:00+00:00,-5.44045370534148,-5.0872135
2025-08-23 00:00:00+00:00,-5.034037885832643,-5.198784
2025-08-23 01:00:00+00:00,-4.386261252506582,-5.18052
2025-08-23 02:00:00+00:00,-4.868112660667117,-5.068055
2025-08-23 03:00:00+00:00,-4.9681653181048056,-5.1251783
2025-08-23 04:00:00+00:00,-5.530960060982346,-5.1448903
2025-08-23 05:00:00+00:00,-5.393262076658891,-5.1769323
2025-08-23 06:00:00+00:00,-5.2181534947335715,-5.3185434
2025-08-23 07:00:00+00:00,-5.603954300156838,-5.269
2025-08-23 08:00:00+00:00,-5.616963480858941,-5.339886
2025-08-23 09:00:00+00:00,-5.447652151008377,-5.396612
2025-08-23 10:00:00+00:00,-5.952285230329942,-5.4347563
2025-08-23 11:00:00+00:00,-5.069718800404425,-5.4385967
2025-08-23 12:00:00+00:00,-5.526697724940207,-5.5061135
2025-08-23 13:00:00+00:00,-5.09234220090231,-5.288801
2025-08-23 14:00:00+00:00,-5.563605002479866,-5.333127
2025-08-23 15:00:00+00:00,-5.977131155413545,-5.196486
2025-08-23 16:00:00+00:00,-5.5335524748423435,-5.327491
2025-08-23 17:00:00+00:00,-6.06628219115887,-5.5136013
2025-08-23 18:00:00+00:00,-6.173319720232749,-5.4595613
2025-08-23 19:00:00+00:00,-5.852506479049603,-5.569786
2025-08-23 20:00:00+00:00,-6.283275031872485,-5.5928507
2025-08-23 21:00:00+00:00,-5.948457020598467,-5.6267843
2025-08-23 22:00:00+00:00,-5.22231482765953,-5.6222878
2025-08-23 23:00:00+00:00,-5.32689676142902,-5.713315
2025-08-24 00:00:00+00:00,-5.210162688904774,-5.463266
2025-08-24 01:00:00+00:00,-5.403564909096854,-5.4978776
2025-08-24 02:00:00+00:00,-5.1762438849919885,-5.4373164
2025-08-24 03:00:00+00:00,-5.535920831425823,-5.451877
2025-08-24 04:00:00+00:00,-6.153640160159899,-5.44856
2025-08-24 05:00:00+00:00,-5.603127968600696,-5.500565
2025-08-24 06:00:00+00:00,-5.486134686527811,-5.521648
2025-08-24 07:00:00+00:00,-5.389068452418566,-5.6384726
2025-08-24 08:00:00+00:00,-5.393777291724974,-5.457911
2025-08-24 09:00:00+00:00,-5.439192421388082,-5.422921
2025-08-24 10:00:00+00:00,-5.30226304604068,-5.3093853
2025-08-24 11:00:00+00:00,-5.53344558067489,-5.431186
2025-08-24 12:00:00+00:00,-5.748054399088157,-5.398557
2025-08-24 13:00:00+00:00,-5.459512634954678,-5.37747
2025-08-24 14:00:00+00:00,-5.09128838911257,-5.469456
2025-08-24 15:00:00+00:00,-5.215259942826197,-5.3129797
2025-08-24 16:00:00+00:00,-4.688823996559146,-5.319911
2025-08-24 17:00:00+00:00,-4.768164129106834,-5.0894165
2025-08-24 18:00:00+00:00,-3.8895039571268617,-5.0797033
2025-08-24 19:00:00+00:00,-4.193666331081446,-4.7703094
2025-08-24 20:00:00+00:00,-4.838688562332933,-4.928062
2025-08-24 21:00:00+00:00,-4.629378280628582,-4.971552
2025-08-24 22:00:00+00:00,-5.212190507806143,-5.0319815
2025-08-24 23:00:00+00:00,-4.394990421916262,-5.06709
2025-08-25 00:00:00+00:00,-5.2045363951862935,-5.0700755
2025-08-25 01:00:00+00:00,-5.328381134968027,-5.13542
2025-08-25 02:00:00+00:00,-5.359078104867233,-5.226818
2025-08-25 03:00:00+00:00,-5.1281097521429695,-5.2359586
2025-08-25 04:00:00+00:00,-5.304347290536507,-5.254017
2025-08-25 05:00:00+00:00,-4.727461148665897,-5.285629
2025-08-25 06:00:00+00:00,-4.70458059544089,-5.038841
2025-08-25 07:00:00+00:00,-4.676064047315201,-5.0846076
2025-08-25 08:00:00+00:00,-4.765697223168314,-5.087594
2025-08-25 09:00:00+00:00,-4.726705522935028,-5.040218
2025-08-25 10:00:00+00:00,-5.1620316313906995,-4.867602
2025-08-25 11:00:00+00:00,-4.812047916209172,-5.041312
2025-08-25 12:00:00+00:00,-4.377563630350795,-5.093002
2025-08-25 13:00:00+00:00,-4.656679440090462,-5.028525
2025-08-25 14:00:00+00:00,-4.850085145914331,-4.999043
2025-08-25 15:00:00+00:00,-4.710535624081844,-4.959387
2025-08-25 16:00:00+00:00,-4.768904843393198,-5.0108337
2025-08-25 17:00:00+00:00,-5.357982438124824,-5.033833
2025-08-25 18:00:00+00:00,-4.414945457413385,-5.0439396
2025-08-25 19:00:00+00:00,-4.095712606256076,-4.7632337
2025-08-25 20:00:00+00:00,-4.663067768774867,-4.7906823
2025-08-25 21:00:00+00:00,-4.892483436422049,-4.9148498
2025-08-25 22:00:00+00:00,-4.843304434574504,-5.016335
2025-08-25 23:00:00+00:00,-4.275260185189878,-5.0276403
2025-08-26 00:00:00+00:00,-4.369384976509334,-4.9620214
2025-08-26 01:00:00+00:00,-4.747328137033929,-4.9915447
2025-08-26 02:00:00+00:00,-5.371936126072511,-4.9833264
2025-08-26 03:00:00+00:00,-5.045290263519796,-5.0630684
2025-08-26 04:00:00+00:00,-5.64475780277912,-5.2272754
2025-08-26 05:00:00+00:00,-5.060421501152665,-5.221271
2025-08-26 06:00:00+00:00,-4.65019623463511,-5.281694
2025-08-26 07:00:00+00:00,-5.106237143639902,-5.212276
2025-08-26 08:00:00+00:00,-5.2105220168402075,-5.1531286
2025-08-26 09:00:00+00:00,-5.46913509202008,-5.17802
2025-08-26 10:00:00+00:00,-5.130762263659725,-5.221472
2025-08-26 11:00:00+00:00,-3.8434027122284697,-5.2033224
2025-08-26 12:00:00+00:00,-4.633504323405858,-4.93575
2025-08-26 13:00:00+00:00,-4.692969273932052,-4.988494
2025-08-26 14:00:00+00:00,-4.817156917791401,-4.914625
2025-08-26 15:00:00+00:00,-4.902037953843696,-4.934207
2025-08-26 16:00:00+00:00,-4.932739227784027,-5.0147314
2025-08-26 17:00:00+00:00,-5.259826739630306,-5.0430727
2025-08-26 18:00:00+00:00,-4.664893652463749,-5.100416
2025-08-26 19:00:00+00:00,-5.064874167479593,-5.180095
2025-08-26 20:00:00+00:00,-5.190755040338351,-5.052049
2025-08-26 21:00:00+00:00,-5.351918813167459,-5.1722655
2025-08-26 22:00:00+00:00,-4.6714825043640325,-5.2059946
2025-08-26 23:00:00+00:00,-5.160937864059513,-5.3083987
2025-08-27 00:00:00+00:00,-5.3557731908802895,-5.1659393
2025-08-27 01:00:00+00:00,-5.237345482508536,-5.246615
2025-08-27 02:00:00+00:00,-4.608595647288838,-5.2693315
2025-08-27 03:00:00+00:00,-4.824078501622369,-5.2840056
2025-08-27 04:00:00+00:00,-5.2721588026027355,-5.2378063
2025-08-27 05:00:00+00:00,-5.589085101591333,-5.181534
2025-08-27 06:00:00+00:00,-5.317704581520029,-5.2000184
2025-08-27 07:00:00+00:00,-5.351714772063387,-5.2857065
2025-08-27 08:00:00+00:00,-5.1560964993933025,-5.3097982
2025-08-27 09:00:00+00:00,-5.023460401162239,-5.2580028
2025-08-27 10:00:00+00:00,-5.471019371996115,-5.1667967
2025-08-27 11:00:00+00:00,-5.25192307867161,-5.140032
2025-08-27 12:00:00+00:00,-4.742470845121266,-5.0968666
2025-08-27 13:00:00+00:00,-4.756478441702641,-5.0733795
2025-08-27 14:00:00+00:00,-5.119420389432261,-5.1001105
2025-08-27 15:00:00+00:00,-4.87059102157393,-5.0569835
2025-08-27 16:00:00+00:00,-5.4120033647391645,-5.1035495
2025-08-27 17:00:00+00:00,-5.244291078013231,-5.135116
2025-08-27 18:00:00+00:00,-4.629510469225814,-5.2084274
2025-08-27 19:00:00+00:00,-4.63283298162526,-5.1210713
2025-08-27 20:00:00+00:00,-4.763647446550845,-5.012323
2025-08-27 21:00:00+00:00,-5.102784213046601,-5.001537
2025-08-27 22:00:00+00:00,-5.25437915145283,-5.070592
2025-08-27 23:00:00+00:00,-4.812724481099324,-5.2160635
2025-08-28 00:00:00+00:00,-5.302625915294496,-5.226684
2025-08-28 01:00:00+00:00,-5.897572984731634,-5.2024627
2025-08-28 02:00:00+00:00,-5.399054893392204,-5.2749023
2025-08-28 03:00:00+00:00,-5.372715948954219,-5.343629
2025-08-28 04:00:00+00:00,-5.520030665901007,-5.3911963
2025-08-28 05:00:00+00:00,-5.387204034907927,-5.411414
2025-08-28 06:00:00+00:00,-5.7763458130907575,-5.39153
2025-08-28 07:00:00+00:00,-5.013164937178408,-5.3788347
2025-08-28 08:00:00+00:00,-5.85532676405985,-5.411159
2025-08-28 09:00:00+00:00,-5.55793705024155,-5.206799
2025-08-28 10:00:00+00:00,-5.6326615018614286,-5.4195747
2025-08-28 11:00:00+00:00,-5.352538000795488,-5.23588
2025-08-28 12:00:00+00:00,-5.234708797963496,-5.200909
2025-08-28 13:00:00+00:00,-4.996223293426583,-5.0658984
2025-08-28 14:00:00+00:00,-4.540376056029557,-5.1501627
2025-08-28 15:00:00+00:00,-5.3014004303896725,-4.924607
2025-08-28 16:00:00+00:00,-4.933143367047841,-5.097401
2025-08-28 17:00:00+00:00,-5.408048701908221,-5.1481743
2025-08-28 18:00:00+00:00,-5.548057402892237,-5.1898484
2025-08-28 19:00:00+00:00,-5.669852154435878,-5.189198
2025-08-28 20:00:00+00:00,-5.599920014507332,-5.207326
2025-08-28 21:00:00+00:00,-5.746006080962564,-5.430558
2025-08-28 22:00:00+00:00,-5.7343772302371585,-5.4541144
2025-08-28 23:00:00+00:00,-5.412129046712398,-5.5018907
2025-08-29 00:00:00+00:00,-5.028221602608317,-5.438771
2025-08-29 01:00:00+00:00,-5.4497223643583546,-5.43999
2025-08-29 02:00:00+00:00,-5.509661730051085,-5.371899
2025-08-29 03:00:00+00:00,-5.866713249338127,-5.36073
2025-08-29 04:00:00+00:00,-5.852018408506734,-5.411455
2025-08-29 05:00:00+00:00,-5.165832549616879,-5.5121317
2025-08-29 06:00:00+00:00,-4.824580467838259,-5.5064964
2025-08-29 07:00:00+00:00,-5.319651526332004,-5.1034617
2025-08-29 08:00:00+00:00,-5.299075725402557,-5.10303
2025-08-29 09:00:00+00:00,-5.438409365455545,-5.138824
2025-08-29 10:00:00+00:00,-5.2969833068653545,-5.1505527
2025-08-29 11:00:00+00:00,-4.324683990832435,-5.1878858
2025-08-29 12:00:00+00:00,-4.8251734668010196,-4.9664497
2025-08-29 13:00:00+00:00,-4.344822383492934,-4.8967414
2025-08-29 14:00:00+00:00,-4.753122007094011,-4.9469776
2025-08-29 15:00:00+00:00,-4.885196453821056,-4.9408607
2025-08-29 16:00:00+00:00,-5.417241117204174,-5.0444565
2025-08-29 17:00:00+00:00,-5.777604107306998,-4.990768
2025-08-29 18:00:00+00:00,-5.007926956834753,-5.0637064
2025-08-29 19:00:00+00:00,-5.4711740674142835,-5.087093
2025-08-29 20:00:00+00:00,-4.904403028517434,-5.193009
2025-08-29 21:00:00+00:00,-5.630243467727852,-5.2892294
2025-08-29 22:00:00+00:00,-5.676139297192449,-5.216647
2025-08-29 23:00:00+00:00,-5.408483684727189,-5.344883
2025-08-30 00:00:00+00:00,-5.436030993133577,-5.300526
2025-08-30 01:00:00+00:00,-4.779479163523847,-5.379978
2025-08-30 02:00:00+00:00,-4.922377237434803,-5.4661884
2025-08-30 03:00:00+00:00,-6.0732151000257,-5.2142057
2025-08-30 04:00:00+00:00,-5.45281223474455,-5.340949
2025-08-30 05:00:00+00:00,-5.656510977004596,-5.415147
2025-08-30 06:00:00+00:00,-5.909297051233277,-5.440502
2025-08-30 07:00:00+00:00,-5.889612774449743,-5.476053
2025-08-30 08:00:00+00:00,-5.899622059567381,-5.509088
2025-08-30 09:00:00+00:00,-5.9112648607851,-5.538775
2025-08-30 10:00:00+00:00,-6.23651520262193,-5.5175824
2025-08-30 11:00:00+00:00,-5.500484326877474,-5.545625
2025-08-30 12:00:00+00:00,-5.253378614599553,-5.412049
2025-08-30 13:00:00+00:00,-5.519628114516011,-5.4990783
2025-08-30 14:00:00+00:00,-5.904257757287873,-5.437925
2025-08-30 15:00:00+00:00,-6.20807170721273,-5.462205
2025-08-30 16:00:00+00:00,-6.02638925732461,-5.607552
2025-08-30 17:00:00+00:00,-5.987414775589329,-5.658964
2025-08-30 18:00:00+00:00,-5.858702540393992,-5.6507487
2025-08-30 19:00:00+00:00,-6.001540605365231,-5.6708937
2025-08-30 20:00:00+00:00,-5.862736954184544,-5.64551
2025-08-30 21:00:00+00:00,-6.246741242387203,-5.660534
2025-08-30 22:00:00+00:00,-5.992568807215135,-5.666073
2025-08-30 23:00:00+00:00,-4.885086672266856,-5.7387204
2025-08-31 00:00:00+00:00,-5.580670325015722,-5.3726163
2025-08-31 01:00:00+00:00,-6.451813912409212,-5.5285196
2025-08-31 02:00:00+00:00,-5.569390914958458,-5.6062117
2025-08-31 03:00:00+00:00,-5.687430927267354,-5.660485
2025-08-31 04:00:00+00:00,-6.195454279991678,-5.5998197
2025-08-31 05:00:00+00:00,-6.057885592949821,-5.7306976
2025-08-31 06:00:00+00:00,-6.347555229867437,-5.748032
2025-08-31 07:00:00+00:00,-6.184026328071374,-5.7470694
2025-08-31 08:00:00+00:00,-5.974084304603735,-5.6434126
2025-08-31 09:00:00+00:00,-5.866493658575003,-5.6569753
2025-08-31 10:00:00+00:00,-5.702216990724504,-5.6348386
2025-08-31 11:00:00+00:00,-6.033103939098254,-5.606787
2025-08-31 12:00:00+00:00,-5.52500954887352,-5.590682
2025-08-31 13:00:00+00:00,-5.572119134711812,-5.6221914
2025-08-31 14:00:00+00:00,-5.5702305729255,-5.5012994
2025-08-31 15:00:00+00:00,-5.995067525977728,-5.4773846
2025-08-31 16:00:00+00:00,-6.401176500890173,-5.5212793
2025-08-31 17:00:00+00:00,-6.086243791546336,-5.5353084
2025-08-31 18:00:00+00:00,-5.953522618224925,-5.6325026
2025-08-31 19:00:00+00:00,-5.5962118766519815,-5.575468
2025-08-31 20:00:00+00:00,-5.913039212961297,-5.609095
2025-08-31 21:00:00+00:00,-5.380970442192079,-5.628616
2025-08-31 22:00:00+00:00,-5.2618911415464185,-5.5324764
2025-08-31 23:00:00+00:00,-5.005305836127162,-5.4416924
2025-09-01 00:00:00+00:00,-5.336616164954313,-5.524986
2025-09-01 01:00:00+00:00,-5.247102078134792,-5.3848305
2025-09-01 02:00:00+00:00,-5.220528365327624,-5.2261214
2025-09-01 03:00:00+00:00,-5.17649533880489,-5.375374
2025-09-01 04:00:00+00:00,-4.947475587622236,-5.3960776
2025-09-01 05:00:00+00:00,-5.462774364132688,-5.3796797
2025-09-01 06:00:00+00:00,-4.575641317486926,-5.3263903
2025-09-01 07:00:00+00:00,-4.9287516689596105,-5.211553
2025-09-01 08:00:00+00:00,-5.456819110852157,-5.140214
2025-09-01 09:00:00+00:00,-5.015576051297312,-5.1358786
2025-09-01 10:00:00+00:00,-5.255121407067747,-5.015741
2025-09-01 11:00:00+00:00,-5.1957140220264115,-5.1388636
2025-09-01 12:00:00+00:00,-5.111634090477872,-5.0167356
2025-09-01 13:00:00+00:00,-5.371345232565188,-5.0334334
2025-09-01 14:00:00+00:00,-5.385496639135998,-5.124472
2025-09-01 15:00:00+00:00,-5.381905974165597,-5.0899425
2025-09-01 16:00:00+00:00,-4.863166998826813,-5.123856
2025-09-01 17:00:00+00:00,-5.674676804624192,-5.1551332
2025-09-01 18:00:00+00:00,-5.310484203978189,-5.175574
2025-09-01 19:00:00+00:00,-4.224855051627536,-5.322902
2025-09-01 20:00:00+00:00,-4.727492438405273,-4.898779
2025-09-01 21:00:00+00:00,-4.656426560914731,-5.0308647
2025-09-01 22:00:00+00:00,-5.0452026636290555,-5.1770597
2025-09-01 23:00:00+00:00,-5.346535753568018,-5.0982075
2025-09-02 00:00:00+00:00,-4.957373043491728,-5.2152004
2025-09-02 01:00:00+00:00,-5.325236796010798,-5.266647
2025-09-02 02:00:00+00:00,-4.760844874444441,-5.316547
2025-09-02 03:00:00+00:00,-5.779916793076483,-5.2841477
2025-09-02 04:00:00+00:00,-5.48168320671942,-5.1604667
2025-09-02 05:00:00+00:00,-5.405681686590851,-5.390792
2025-09-02 06:00:00+00:00,-5.150319439423424,-5.324921
2025-09-02 07:00:00+00:00,-5.263785882271685,-5.295515
2025-09-02 08:00:00+00:00,-5.516394559416349,-5.273373
2025-09-02 09:00:00+00:00,-5.750445327990315,-5.312621
2025-09-02 10:00:00+00:00,-5.26355970017688,-5.234159
2025-09-02 11:00:00+00:00,-4.739588067996621,-5.264435
2025-09-02 12:00:00+00:00,-4.4232119186336885,-5.085978
2025-09-02 13:00:00+00:00,-5.054693534074249,-4.954431
2025-09-02 14:00:00+00:00,-4.681961618297642,-5.087068
2025-09-02 15:00:00+00:00,-4.788904971012805,-4.9783387
2025-09-02 16:00:00+00:00,-5.154888143250655,-5.0601044
2025-09-02 17:00:00+00:00,-4.629695874698568,-5.117921
2025-09-02 18:00:00+00:00,-4.895125666268041,-5.117435
2025-09-02 19:00:00+00:00,-4.853448427009805,-5.043186
2025-09-02 20:00:00+00:00,-5.1904602020127015,-5.0876937
2025-09-02 21:00:00+00:00,-4.962797731356856,-5.1398716
2025-09-02 22:00:00+00:00,-5.480403423475646,-5.2178383
2025-09-02 23:00:00+00:00,-5.280471629186088,-5.2011437
2025-09-03 00:00:00+00:00,-5.224234264719581,-5.318463
2025-09-03 01:00:00+00:00,-4.43756790154107,-5.3212013
2025-09-03 02:00:00+00:00,-5.638957135182123,-5.278121
2025-09-03 03:00:00+00:00,-5.382374081148772,-5.1459203
2025-09-03 04:00:00+00:00,-5.657139214002758,-5.3462634
2025-09-03 05:00:00+00:00,-5.421626858089896,-5.34543
2025-09-03 06:00:00+00:00,-5.378902044929385,-5.454841
2025-09-03 07:00:00+00:00,-5.58281983390516,-5.4113817
2025-09-03 08:00:00+00:00,-5.188063043289281,-5.40555
2025-09-03 09:00:00+00:00,-5.1277730671914385,-5.331764
2025-09-03 10:00:00+00:00,-5.572310250612087,-5.204212
2025-09-03 11:00:00+00:00,-5.301610077639879,-5.2266507
2025-09-03 12:00:00+00:00,-4.436445619562443,-5.1149755
2025-09-03 13:00:00+00:00,-4.679667090989622,-4.974638
2025-09-03 14:00:00+00:00,-5.249924129421302,-5.048052
2025-09-03 15:00:00+00:00,-5.37671792046014,-5.100097
2025-09-03 16:00:00+00:00,-5.186557149240927,-5.128542
2025-09-03 17:00:00+00:00,-5.373874169982481,-5.1274977
2025-09-03 18:00:00+00:00,-5.955005719563939,-5.160399
2025-09-03 19:00:00+00:00,-6.130592974219834,-5.2454915
2025-09-03 20:00:00+00:00,-5.296544165138138,-5.3887687
2025-09-03 21:00:00+00:00,-5.277537866060115,-5.5057354
2025-09-03 22:00:00+00:00,-5.817919295293503,-5.4635696
2025-09-03 23:00:00+00:00,-5.3337671048876745,-5.439212
2025-09-04 00:00:00+00:00,-5.372154012122209,-5.4467993
2025-09-04 01:00:00+00:00,-5.57578092633334,-5.4148498
2025-09-04 02:00:00+00:00,-5.082044274368703,-5.3377237
2025-09-04 03:00:00+00:00,-5.869883659407639,-5.315365
2025-09-04 04:00:00+00:00,-5.016972756706889,-5.4182544
2025-09-04 05:00:00+00:00,-5.395565164927368,-5.361293
2025-09-04 06:00:00+00:00,-5.439172813564832,-5.371693
2025-09-04 07:00:00+00:00,-5.261187133415556,-5.397362
2025-09-04 08:00:00+00:00,-5.577943863724301,-5.368014
2025-09-04 09:00:00+00:00,-5.253713166028078,-5.179101
2025-09-04 10:00:00+00:00,-5.136885920670281,-5.293591
2025-09-04 11:00:00+00:00,-4.961169723638924,-5.268596
2025-09-04 12:00:00+00:00,-4.964734817982331,-5.129817
2025-09-04 13:00:00+00:00,-4.8632483514723255,-5.105832
2025-09-04 14:00:00+00:00,-4.8088264970008,-5.0880523
2025-09-04 15:00:00+00:00,-5.168623673300304,-5.020887
2025-09-04 16:00:00+00:00,-5.201411678795431,-5.0951095
2025-09-04 17:00:00+00:00,-4.724249860840962,-5.1625876
2025-09-04 18:00:00+00:00,-5.088632310627676,-5.103197
2025-09-04 19:00:00+00:00,-5.307875370819492,-5.12365
2025-09-04 20:00:00+00:00,-5.3880634339225795,-5.2065268
2025-09-04 21:00:00+00:00,-5.866950893241276,-5.2502966
2025-09-04 22:00:00+00:00,-4.971668465637832,-5.288018
2025-09-04 23:00:00+00:00,-5.350010372617406,-5.4053164
2025-09-05 00:00:00+00:00,-5.126244691786639,-5.3721514
2025-09-05 01:00:00+00:00,-4.635658183435598,-5.3714266
2025-09-05 02:00:00+00:00,-5.1657956329375665,-5.3474274
2025-09-05 03:00:00+00:00,-5.9821581673040605,-5.2618
2025-09-05 04:00:00+00:00,-5.959826037493122,-5.333311
2025-09-05 05:00:00+00:00,-5.9438521255405306,-5.4365454
2025-09-05 06:00:00+00:00,-4.695755774209284,-5.5115514
2025-09-05 07:00:00+00:00,-5.1367703810751495,-5.3418183
2025-09-05 08:00:00+00:00,-4.880239360008969,-5.2009754
2025-09-05 09:00:00+00:00,-5.234029896526885,-5.160029
2025-09-05 10:00:00+00:00,-5.430050458917017,-5.2446103
2025-09-05 11:00:00+00:00,-4.544188218652152,-5.322701
2025-09-05 12:00:00+00:00,-4.937286930077426,-5.0419173
2025-09-05 13:00:00+00:00,-3.90605432512905,-5.1015654
2025-09-05 14:00:00+00:00,-4.629810538843335,-4.7991524
2025-09-05 15:00:00+00:00,-5.199320640619205,-4.945966
2025-09-05 16:00:00+00:00,-5.382390275981222,-5.0496345
2025-09-05 17:00:00+00:00,-5.482509641180033,-5.073891
2025-09-05 18:00:00+00:00,-5.668926269958169,-5.214853
2025-09-05 19:00:00+00:00,-5.516299097740423,-5.310369
2025-09-05 20:00:00+00:00,-5.0857476854551855,-5.366615
2025-09-05 21:00:00+00:00,-5.846136291835645,-5.26345
2025-09-05 22:00:00+00:00,-6.106474327114907,-5.359648
2025-09-05 23:00:00+00:00,-5.783806996756284,-5.4857993
2025-09-06 00:00:00+00:00,-6.053051752528933,-5.513493
2025-09-06 01:00:00+00:00,-5.983792335901097,-5.6130266
2025-09-06 02:00:00+00:00,-6.060308208991311,-5.6293488
2025-09-06 03:00:00+00:00,-6.100437486362191,-5.639382
2025-09-06 04:00:00+00:00,-5.469031339285574,-5.722269
2025-09-06 05:00:00+00:00,-6.0027708751350275,-5.669517
2025-09-06 06:00:00+00:00,-6.18956327716043,-5.6462917
2025-09-06 07:00:00+00:00,-6.231815327441898,-5.729868
2025-09-06 08:00:00+00:00,-5.856494901245251,-5.7070026
2025-09-06 09:00:00+00:00,-5.83805706799334,-5.6719327
2025-09-06 10:00:00+00:00,-6.262933073951231,-5.6368895
2025-09-06 11:00:00+00:00,-6.079743536861354,-5.637308
2025-09-06 12:00:00+00:00,-5.812622911466192,-5.641486
2025-09-06 13:00:00+00:00,-5.928366950243085,-5.618742
2025-09-06 14:00:00+00:00,-5.398954438905963,-5.6579103
2025-09-06 15:00:00+00:00,-5.012520376595369,-5.4256177
2025-09-06 16:00:00+00:00,-5.516604903389639,-5.488429
2025-09-06 17:00:00+00:00,-5.8776856995712015,-5.4414034
2025-09-06 18:00:00+00:00,-5.515364648618461,-5.4192386
2025-09-06 19:00:00+00:00,-5.86223508995373,-5.3952537
2025-09-06 20:00:00+00:00,-5.98097641052565,-5.4791856
2025-09-06 21:00:00+00:00,-6.090670335266457,-5.6232715
2025-09-06 22:00:00+00:00,-5.903631833725265,-5.7110767
2025-09-06 23:00:00+00:00,-5.979852332453473,-5.7708626
2025-09-07 00:00:00+00:00,-6.048034827363871,-5.738829
2025-09-07 01:00:00+00:00,-5.926135421538835,-5.7535973
2025-09-07 02:00:00+00:00,-5.858786180765058,-5.7794676
2025-09-07 03:00:00+00:00,-6.313832271015747,-5.7638783
2025-09-07 04:00:00+00:00,-6.152260333215887,-5.7558136
2025-09-07 05:00:00+00:00,-6.924564281149716,-5.7868643
2025-09-07 06:00:00+00:00,-5.694874795947806,-5.7968354
2025-09-07 07:00:00+00:00,-5.743272802201635,-5.7611966
2025-09-07 08:00:00+00:00,-5.832436165231788,-5.751603
2025-09-07 09:00:00+00:00,-6.024946597687312,-5.676026
2025-09-07 10:00:00+00:00,-6.283690033442075,-5.6454906
2025-09-07 11:00:00+00:00,-5.6620654610455325,-5.71168
2025-09-07 12:00:00+00:00,-5.949133747911411,-5.6799974
2025-09-07 13:00:00+00:00,-5.941044672587498,-5.6432257
2025-09-07 14:00:00+00:00,-6.147935437233794,-5.643339
2025-09-07 15:00:00+00:00,-6.30238798781781,-5.634587
2025-09-07 16:00:00+00:00,-5.880382872849127,-5.61474
2025-09-07 17:00:00+00:00,-6.558318822339291,-5.635026
2025-09-07 18:00:00+00:00,-5.832179252821245,-5.631641
2025-09-07 19:00:00+00:00,-6.011248762618108,-5.66642
2025-09-07 20:00:00+00:00,-5.798580163725994,-5.6262546
2025-09-07 21:00:00+00:00,-5.932247308989827,-5.6964355
2025-09-07 22:00:00+00:00,-5.3939611766055915,-5.752468
2025-09-07 23:00:00+00:00,-4.986139184691673,-5.735619
2025-09-08 00:00:00+00:00,-5.809918727050583,-5.627453
2025-09-08 01:00:00+00:00,-5.442869690414125,-5.532803
2025-09-08 02:00:00+00:00,-5.330745632265306,-5.6148996
2025-09-08 03:00:00+00:00,-5.931867500039956,-5.5073004
2025-09-08 04:00:00+00:00,-6.148189993210481,-5.529286
2025-09-08 05:00:00+00:00,-5.856182631796704,-5.6573424
2025-09-08 06:00:00+00:00,-5.611925011202741,-5.6432686
2025-09-08 07:00:00+00:00,-6.031657277790386,-5.638844
2025-09-08 08:00:00+00:00,-5.218593792616773,-5.610104
2025-09-08 09:00:00+00:00,-5.967205030774393,-5.5667186
2025-09-08 10:00:00+00:00,-5.292185389629644,-5.3598633
2025-09-08 11:00:00+00:00,-6.001616396047217,-5.5002522
2025-09-08 12:00:00+00:00,-4.901293363633881,-5.264716
2025-09-08 13:00:00+00:00,-5.181018118961592,-5.414594
2025-09-08 14:00:00+00:00,-5.286090513798346,-5.177359
2025-09-08 15:00:00+00:00,-5.422925558552419,-5.050731
2025-09-08 16:00:00+00:00,-5.093471856201665,-5.1282425
2025-09-08 17:00:00+00:00,-5.413875112036982,-5.0968285
2025-09-08 18:00:00+00:00,-5.37670581175175,-5.1918616
2025-09-08 19:00:00+00:00,-5.497886826386112,-5.227081
2025-09-08 20:00:00+00:00,-5.709281731859778,-5.33558
2025-09-08 21:00:00+00:00,-5.989988488452391,-5.41359
2025-09-08 22:00:00+00:00,-5.696673580166032,-5.5015707
2025-09-08 23:00:00+00:00,-5.642464927620716,-5.561441
2025-09-09 00:00:00+00:00,-5.38345807944006,-5.538528
2025-09-09 01:00:00+00:00,-5.355547965361364,-5.530515
2025-09-09 02:00:00+00:00,-5.643503868034831,-5.486494
2025-09-09 03:00:00+00:00,-6.128380978863226,-5.411567
2025-09-09 04:00:00+00:00,-6.318459285502561,-5.544987
2025-09-09 05:00:00+00:00,-5.226072717748006,-5.5980744
2025-09-09 06:00:00+00:00,-5.368742621735967,-5.273156
2025-09-09 07:00:00+00:00,-5.1586294563296775,-5.4694834
2025-09-09 08:00:00+00:00,-5.593556955491243,-5.496669
2025-09-09 09:00:00+00:00,-5.5552261217404615,-5.3498793
2025-09-09 10:00:00+00:00,-5.734734384284648,-5.3113985
2025-09-09 11:00:00+00:00,-5.246130492628613,-5.372639
2025-09-09 12:00:00+00:00,-5.237185371611153,-5.2799225
2025-09-09 13:00:00+00:00,-4.593986616541829,-5.1553364
2025-09-09 14:00:00+00:00,-5.418469604886164,-5.0482426
2025-09-09 15:00:00+00:00,-5.4629745987101055,-5.10514
2025-09-09 16:00:00+00:00,-5.6261327467419555,-5.1411552
2025-09-09 17:00:00+00:00,-6.0352123874059345,-5.2815046
2025-09-09 18:00:00+00:00,-6.4253773981613875,-5.3587995
2025-09-09 19:00:00+00:00,-5.6187864743604585,-5.4469776
2025-09-09 20:00:00+00:00,-5.3488446468309405,-5.553345
2025-09-09 21:00:00+00:00,-5.881548786579888,-5.557051
2025-09-09 22:00:00+00:00,-6.22064861926959,-5.5006557
2025-09-09 23:00:00+00:00,-5.618086532575088,-5.53787
2025-09-10 00:00:00+00:00,-5.7925738079573295,-5.5258813
2025-09-10 01:00:00+00:00,-5.887957719871983,-5.5636845
2025-09-10 02:00:00+00:00,-5.746580632268461,-5.662549
2025-09-10 03:00:00+00:00,-6.164220879522745,-5.5958037
2025-09-10 04:00:00+00:00,-5.145005924442484,-5.705611
2025-09-10 05:00:00+00:00,-5.632835779653578,-5.6616907
2025-09-10 06:00:00+00:00,-5.645083709408321,-5.47861
2025-09-10 07:00:00+00:00,-6.021364421552955,-5.5820975
2025-09-10 08:00:00+00:00,-5.9413094440341805,-5.529071
2025-09-10 09:00:00+00:00,-5.600307145970156,-5.5766597
2025-09-10 10:00:00+00:00,-6.494116578942659,-5.604855
2025-09-10 11:00:00+00:00,-4.844308646270535,-5.565857
2025-09-10 12:00:00+00:00,-4.2560502845325425,-5.306247
2025-09-10 13:00:00+00:00,-4.998561313538943,-5.1139455
2025-09-10 14:00:00+00:00,-5.460227645276194,-5.113577
2025-09-10 15:00:00+00:00,-5.397424252034145,-5.118637
2025-09-10 16:00:00+00:00,-4.773760359998072,-5.0957804
2025-09-10 17:00:00+00:00,-5.43652570393804,-5.1288514
2025-09-10 18:00:00+00:00,-5.121069871529454,-5.1075435
2025-09-10 19:00:00+00:00,-6.106374457795831,-5.1588044
2025-09-10 20:00:00+00:00,-5.793731932187633,-5.170286
2025-09-10 21:00:00+00:00,-5.8595838587295015,-5.5033174
2025-09-10 22:00:00+00:00,-5.721099380190225,-5.4873285
2025-09-10 23:00:00+00:00,-6.040254077028047,-5.5927315
2025-09-11 00:00:00+00:00,-5.348277343391929,-5.548894
2025-09-11 01:00:00+00:00,-5.159036468695183,-5.520016
2025-09-11 02:00:00+00:00,-6.092518936376761,-5.495075
2025-09-11 03:00:00+00:00,-5.1732187103243845,-5.456791
2025-09-11 04:00:00+00:00,-6.0765940729358,-5.5380163
2025-09-11 05:00:00+00:00,-5.775113560800622,-5.4584756
2025-09-11 06:00:00+00:00,-5.6669417335373895,-5.623742
2025-09-11 07:00:00+00:00,-6.145611173444236,-5.514594
2025-09-11 08:00:00+00:00,-6.074753056859897,-5.4481387
2025-09-11 09:00:00+00:00,-6.25378955181186,-5.578743
2025-09-11 10:00:00+00:00,-5.915892108179689,-5.555542
2025-09-11 11:00:00+00:00,-4.37671720155691,-5.594832
2025-09-11 12:00:00+00:00,-4.787992142192134,-5.454478
2025-09-11 13:00:00+00:00,-4.836907898727293,-5.209807
2025-09-11 14:00:00+00:00,-5.622339554784107,-5.1389627
2025-09-11 15:00:00+00:00,-5.602620738809893,-5.116306
2025-09-11 16:00:00+00:00,-5.995622055123229,-5.179283
2025-09-11 17:00:00+00:00,-5.690349953101303,-5.277151
2025-09-11 18:00:00+00:00,-6.385864247668299,-5.3291817
2025-09-11 19:00:00+00:00,-6.027872927209668,-5.5143533
2025-09-11 20:00:00+00:00,-6.588704926850556,-5.6188364
2025-09-11 21:00:00+00:00,-5.633917889271498,-5.616073
2025-09-11 22:00:00+00:00,-5.70087703797622,-5.560552
2025-09-11 23:00:00+00:00,-4.778870464671579,-5.591796
2025-09-12 00:00:00+00:00,-5.586235986775277,-5.3898983
2025-09-12 01:00:00+00:00,-5.64017886781727,-5.384662
2025-09-12 02:00:00+00:00,-6.4476656809010215,-5.4775176
2025-09-12 03:00:00+00:00,-5.967365088432256,-5.4940886
2025-09-12 04:00:00+00:00,-5.352943818205664,-5.679802
2025-09-12 05:00:00+00:00,-5.787850952228228,-5.57942
2025-09-12 06:00:00+00:00,-6.095989424679565,-5.5862985
2025-09-12 07:00:00+00:00,-5.959161798926794,-5.514354
2025-09-12 08:00:00+00:00,-6.032003749647659,-5.483671
2025-09-12 09:00:00+00:00,-6.516733917548694,-5.6633286
2025-09-12 10:00:00+00:00,-6.204916324530014,-5.6084657
2025-09-12 11:00:00+00:00,-6.0140152694448155,-5.6574655
2025-09-12 12:00:00+00:00,-5.590934586071492,-5.591014
2025-09-12 13:00:00+00:00,-4.94508961585409,-5.518024
2025-09-12 14:00:00+00:00,-5.9297131572629045,-5.371712
2025-09-12 15:00:00+00:00,-5.518839065512979,-5.338434
2025-09-12 16:00:00+00:00,-5.088410147962529,-5.4310355
2025-09-12 17:00:00+00:00,-5.852891005530031,-5.1366434
2025-09-12 18:00:00+00:00,-5.338892254931903,-5.304787
2025-09-12 19:00:00+00:00,-4.995686556746445,-5.346128
2025-09-12 20:00:00+00:00,-6.011960100173448,-5.33126
2025-09-12 21:00:00+00:00,-4.82599658994841,-5.345263
2025-09-12 22:00:00+00:00,-5.690165702679821,-5.2424035
2025-09-12 23:00:00+00:00,-5.896356845356118,-5.3541746
2025-09-13 00:00:00+00:00,-5.690136047652349,-5.476501
2025-09-13 01:00:00+00:00,-5.829621184646923,-5.4900656
2025-09-13 02:00:00+00:00,-5.238622325567629,-5.513547
2025-09-13 03:00:00+00:00,-5.798626910751663,-5.442584
2025-09-13 04:00:00+00:00,-5.737121295332306,-5.490229
2025-09-13 05:00:00+00:00,-5.880347984257729,-5.519007
2025-09-13 06:00:00+00:00,-6.211002220996095,-5.566076
2025-09-13 07:00:00+00:00,-6.28506148522575,-5.572275
2025-09-13 08:00:00+00:00,-6.431634738108606,-5.6534314
2025-09-13 09:00:00+00:00,-5.645397162867065,-5.6877213
2025-09-13 10:00:00+00:00,-6.351276166942696,-5.6352615
2025-09-13 11:00:00+00:00,-6.492143776506076,-5.6447377
2025-09-13 12:00:00+00:00,-4.902062147010309,-5.659748
2025-09-13 13:00:00+00:00,-5.218098725666811,-5.3929334
2025-09-13 14:00:00+00:00,-5.252528702401186,-5.4810348
2025-09-13 15:00:00+00:00,-5.137792270389913,-5.381203
2025-09-13 16:00:00+00:00,-5.34929824527278,-5.319087
2025-09-13 17:00:00+00:00,-5.614044710291836,-5.3732038
2025-09-13 18:00:00+00:00,-6.368089338361267,-5.424003
2025-09-13 19:00:00+00:00,-5.74554587995503,-5.5234833
2025-09-13 20:00:00+00:00,-6.230562397671406,-5.638695
2025-09-13 21:00:00+00:00,-6.199446385659922,-5.644539
2025-09-13 22:00:00+00:00,-6.03379140334761,-5.710663
2025-09-13 23:00:00+00:00,-6.011546660770882,-5.718452
2025-09-14 00:00:00+00:00,-5.812257394315587,-5.651425
2025-09-14 01:00:00+00:00,-6.060790094891171,-5.7047772
2025-09-14 02:00:00+00:00,-6.486397169943982,-5.7223315
2025-09-14 03:00:00+00:00,-5.303286811702708,-5.7273293
2025-09-14 04:00:00+00:00,-6.2277166348814275,-5.7630844
2025-09-14 05:00:00+00:00,-6.330122213798663,-5.6763673
2025-09-14 06:00:00+00:00,-6.130036691798836,-5.7476516
2025-09-14 07:00:00+00:00,-6.2831523314694735,-5.7150373
2025-09-14 08:00:00+00:00,-5.909547511203184,-5.6989636
2025-09-14 09:00:00+00:00,-6.604998822283123,-5.6519637
2025-09-14 10:00:00+00:00,-5.601255495677043,-5.695983
2025-09-14 11:00:00+00:00,-6.060434296867671,-5.534124
2025-09-14 12:00:00+00:00,-5.577067180525085,-5.6225963
2025-09-14 13:00:00+00:00,-5.064701395710713,-5.672588
2025-09-14 14:00:00+00:00,-5.27053392910628,-5.4253597
2025-09-14 15:00:00+00:00,-5.488763980471425,-5.4966207
2025-09-14 16:00:00+00:00,-5.8360450868785865,-5.4090796
2025-09-14 17:00:00+00:00,-6.220957422682884,-5.3798246
2025-09-14 18:00:00+00:00,-5.907515247258405,-5.551257
2025-09-14 19:00:00+00:00,-6.115938431700722,-5.6268325
2025-09-14 20:00:00+00:00,-5.652276493740855,-5.6462603
2025-09-14 21:00:00+00:00,-5.815610491278613,-5.666672
2025-09-14 22:00:00+00:00,-5.759328497288288,-5.7095256
2025-09-14 23:00:00+00:00,-5.858384617799513,-5.6602235
2025-09-15 00:00:00+00:00,-5.149763681296696,-5.659952
2025-09-15 01:00:00+00:00,-5.607674254553814,-5.681838
2025-09-15 02:00:00+00:00,-6.086291674183508,-5.492567
2025-09-15 03:00:00+00:00,-5.504264546745398,-5.557969
2025-09-15 04:00:00+00:00,-6.04200475564611,-5.626645
2025-09-15 05:00:00+00:00,-5.4950174520603845,-5.5674686
2025-09-15 06:00:00+00:00,-5.4964593431276185,-5.4880075
2025-09-15 07:00:00+00:00,-4.731019682048399,-5.404769
2025-09-15 08:00:00+00:00,-5.350056419719147,-5.252874
2025-09-15 09:00:00+00:00,-5.785142571635702,-5.148954
2025-09-15 10:00:00+00:00,-5.7785581970794135,-5.241318
2025-09-15 11:00:00+00:00,-5.581728189415638,-5.2958636
2025-09-15 12:00:00+00:00,-5.079852804564527,-5.1906915
2025-09-15 13:00:00+00:00,-5.5688603807296575,-5.209577
2025-09-15 14:00:00+00:00,-4.78559123516089,-5.1471686
2025-09-15 15:00:00+00:00,-5.247988187497118,-5.147403
2025-09-15 16:00:00+00:00,-5.577242070644958,-5.1155834
2025-09-15 17:00:00+00:00,-5.7218539435099816,-5.162507
2025-09-15 18:00:00+00:00,-5.377980764801732,-5.148403
2025-09-15 19:00:00+00:00,-6.291837606621973,-5.4267306
2025-09-15 20:00:00+00:00,-6.479745339839727,-5.43903
2025-09-15 21:00:00+00:00,-6.182826036696429,-5.5266237
2025-09-15 22:00:00+00:00,-6.440695037635291,-5.563999
2025-09-15 23:00:00+00:00,-5.935574181998322,-5.6577716
2025-09-16 00:00:00+00:00,-5.576991184246487,-5.6796217
2025-09-16 01:00:00+00:00,-6.035174294730111,-5.6367197
2025-09-16 02:00:00+00:00,-5.918842858818782,-5.5847015
2025-09-16 03:00:00+00:00,-5.676162517661957,-5.6371164
2025-09-16 04:00:00+00:00,-5.783099369347698,-5.6150627
2025-09-16 05:00:00+00:00,-5.1526622147535,-5.6312757
2025-09-16 06:00:00+00:00,-6.098993735802659,-5.4603586
2025-09-16 07:00:00+00:00,-5.7323843607632545,-5.458476
2025-09-16 08:00:00+00:00,-6.210017774917801,-5.5427017
2025-09-16 09:00:00+00:00,-6.625862357407692,-5.539096
2025-09-16 10:00:00+00:00,-6.489237419921362,-5.60373
2025-09-16 11:00:00+00:00,-6.9304901956779235,-5.6218367
2025-09-16 12:00:00+00:00,-4.840883421835482,-5.5415287
2025-09-16 13:00:00+00:00,-5.1510938489726765,-5.1600575
2025-09-16 14:00:00+00:00,-5.795490240804496,-5.2943816
2025-09-16 15:00:00+00:00,-5.381058177558746,-5.265555
2025-09-16 16:00:00+00:00,-5.167404359231894,-5.2341757
2025-09-16 17:00:00+00:00,-5.641351705402081,-5.189067
2025-09-16 18:00:00+00:00,-6.058853438722313,-5.284309
2025-09-16 19:00:00+00:00,-6.316931894566755,-5.516542
2025-09-16 20:00:00+00:00,-5.838250422459254,-5.59294
2025-09-16 21:00:00+00:00,-5.8782849852026775,-5.625811
2025-09-16 22:00:00+00:00,-5.975696828895798,-5.643819
2025-09-16 23:00:00+00:00,-6.001073792014541,-5.5666976
2025-09-17 00:00:00+00:00,-6.134599058832204,-5.7238464
2025-09-17 01:00:00+00:00,-5.706646757780315,-5.732233
2025-09-17 02:00:00+00:00,-5.501477281639661,-5.5908437
2025-09-17 03:00:00+00:00,-5.824931446846541,-5.4568844
2025-09-17 04:00:00+00:00,-5.861850239075137,-5.507377
2025-09-17 05:00:00+00:00,-5.040219617134119,-5.6104693
2025-09-17 06:00:00+00:00,-6.055950611732354,-5.3148756
2025-09-17 07:00:00+00:00,-5.588763192893547,-5.4674196
2025-09-17 08:00:00+00:00,-6.150426409523563,-5.405898
2025-09-17 09:00:00+00:00,-6.0963122160688705,-5.521419
2025-09-17 10:00:00+00:00,-6.2539429107327225,-5.5944433
2025-09-17 11:00:00+00:00,-5.582439077233978,-5.626375
2025-09-17 12:00:00+00:00,-5.526986347407502,-5.5536137
2025-09-17 13:00:00+00:00,-5.37934704297003,-5.458771
2025-09-17 14:00:00+00:00,-5.843493731054392,-5.328991
2025-09-17 15:00:00+00:00,-6.156621980004975,-5.3211694
2025-09-17 16:00:00+00:00,-4.933845376856625,-5.420967
2025-09-17 17:00:00+00:00,-4.608242769540333,-5.547758
2025-09-17 18:00:00+00:00,-4.604769701478859,-5.059693
2025-09-17 19:00:00+00:00,-5.347908019675781,-5.129423
2025-09-17 20:00:00+00:00,-5.222915285244414,-5.165608
2025-09-17 21:00:00+00:00,-5.22777958824463,-5.2631845
2025-09-17 22:00:00+00:00,-5.377486335758693,-5.209442
2025-09-17 23:00:00+00:00,-5.8120799514255665,-5.3702602
2025-09-18 00:00:00+00:00,-5.314938987023962,-5.396739
2025-09-18 01:00:00+00:00,-6.131571421981762,-5.46969
2025-09-18 02:00:00+00:00,-5.5713838361439025,-5.4448295
2025-09-18 03:00:00+00:00,-5.999588451189025,-5.5166435
2025-09-18 04:00:00+00:00,-5.924004393288853,-5.497266
2025-09-18 05:00:00+00:00,-5.421149617869512,-5.561793
2025-09-18 06:00:00+00:00,-6.269539765525839,-5.493125
2025-09-18 07:00:00+00:00,-5.8169581492590865,-5.4921412
2025-09-18 08:00:00+00:00,-6.246750785221591,-5.529559
2025-09-18 09:00:00+00:00,-5.874402801010861,-5.5326605
2025-09-18 10:00:00+00:00,-5.958655696430215,-5.4385934
2025-09-18 11:00:00+00:00,-5.961377902677155,-5.4620333
2025-09-18 12:00:00+00:00,-5.393924922403777,-5.590642
2025-09-18 13:00:00+00:00,-5.139637421992458,-5.4943905
2025-09-18 14:00:00+00:00,-6.048156914735408,-5.3471856
2025-09-18 15:00:00+00:00,-5.71523291382908,-5.243955
2025-09-18 16:00:00+00:00,-5.534299655062731,-5.247169
2025-09-18 17:00:00+00:00,-6.019556927657449,-5.437381
2025-09-18 18:00:00+00:00,-5.778246446297264,-5.442154
2025-09-18 19:00:00+00:00,-6.233022020206792,-5.468323
2025-09-18 20:00:00+00:00,-6.629115861001534,-5.588082
2025-09-18 21:00:00+00:00,-5.93306940768604,-5.6290565
2025-09-18 22:00:00+00:00,-5.66717613980211,-5.6563807
2025-09-18 23:00:00+00:00,-5.887830127087453,-5.664545
2025-09-19 00:00:00+00:00,-5.8635049489424595,-5.687012
2025-09-19 01:00:00+00:00,-6.082523806986652,-5.6533046
2025-09-19 02:00:00+00:00,-5.213273928937326,-5.64601
2025-09-19 03:00:00+00:00,-5.875069175851615,-5.4667726
2025-09-19 04:00:00+00:00,-5.812334094011806,-5.54901
2025-09-19 05:00:00+00:00,-5.969543813807169,-5.6439157
2025-09-19 06:00:00+00:00,-5.9364922020031585,-5.598087
2025-09-19 07:00:00+00:00,-6.190039067258032,-5.6148353
2025-09-19 08:00:00+00:00,-5.7156331137147065,-5.6031923
2025-09-19 09:00:00+00:00,-6.281908319614005,-5.6368613
2025-09-19 10:00:00+00:00,-6.10906494298986,-5.582473
2025-09-19 11:00:00+00:00,-6.394941672451157,-5.582716
2025-09-19 12:00:00+00:00,-5.383693426128771,-5.6043043
2025-09-19 13:00:00+00:00,-5.267207796035922,-5.559731
2025-09-19 14:00:00+00:00,-5.392253001523456,-5.340517
2025-09-19 15:00:00+00:00,-5.804774876782824,-5.2742066
2025-09-19 16:00:00+00:00,-5.8474799336714725,-5.4108887
2025-09-19 17:00:00+00:00,-5.833409361316168,-5.2886057
2025-09-19 18:00:00+00:00,-5.802468366248337,-5.501834
2025-09-19 19:00:00+00:00,-5.899751730143699,-5.60001
2025-09-19 20:00:00+00:00,-6.05862660936104,-5.6077614
2025-09-19 21:00:00+00:00,-6.731160345144421,-5.6337743
2025-09-19 22:00:00+00:00,-6.010712742080611,-5.723552
2025-09-19 23:00:00+00:00,-6.058248971026872,-5.689453
2025-09-20 00:00:00+00:00,-5.936050062687552,-5.766253
2025-09-20 01:00:00+00:00,-5.82184970440178,-5.739003
2025-09-20 02:00:00+00:00,-6.451289674398094,-5.691046
2025-09-20 03:00:00+00:00,-6.521242403638137,-5.752401
2025-09-20 04:00:00+00:00,-6.608801742178838,-5.7735467
2025-09-20 05:00:00+00:00,-6.688042125285982,-5.738072
2025-09-20 06:00:00+00:00,-6.544563552918277,-5.7723002
2025-09-20 07:00:00+00:00,-6.466248904717015,-5.700773
2025-09-20 08:00:00+00:00,-6.035778043341582,-5.7184863
2025-09-20 09:00:00+00:00,-6.503540799465132,-5.6954083
2025-09-20 10:00:00+00:00,-6.648525800678926,-5.6890674
2025-09-20 11:00:00+00:00,-6.905019713645179,-5.7013392
2025-09-20 12:00:00+00:00,-7.025180810211894,-5.670086
2025-09-20 13:00:00+00:00,-5.750818672664433,-5.678417
2025-09-20 14:00:00+00:00,-5.898711202105295,-5.6613975
2025-09-20 15:00:00+00:00,-6.2376941133001145,-5.6632376
2025-09-20 16:00:00+00:00,-5.930692486925165,-5.653669
2025-09-20 17:00:00+00:00,-6.173877116567639,-5.6251206
2025-09-20 18:00:00+00:00,-6.719566810754724,-5.6444044
2025-09-20 19:00:00+00:00,-6.749542343308705,-5.674384
2025-09-20 20:00:00+00:00,-6.142899908053842,-5.6778865
2025-09-20 21:00:00+00:00,-6.3613426713801875,-5.711313
2025-09-20 22:00:00+00:00,-6.610257944196426,-5.742092
2025-09-20 23:00:00+00:00,-6.30763164481901,-5.777542
2025-09-21 00:00:00+00:00,-7.026901252333216,-5.7811217
2025-09-21 01:00:00+00:00,-5.800139941764203,-5.780655
2025-09-21 02:00:00+00:00,-6.929705347789795,-5.7706127
2025-09-21 03:00:00+00:00,-6.854612868668706,-5.755536
2025-09-21 04:00:00+00:00,-6.763824703606132,-5.786921
2025-09-21 05:00:00+00:00,-6.266499004833136,-5.7841544
2025-09-21 06:00:00+00:00,-7.0897718191215215,-5.7538476
2025-09-21 07:00:00+00:00,-6.554936418775632,-5.735846
2025-09-21 08:00:00+00:00,-5.686411646141895,-5.731481
2025-09-21 09:00:00+00:00,-6.014189572544509,-5.7090173
2025-09-21 10:00:00+00:00,-6.437537633789323,-5.6702695
2025-09-21 11:00:00+00:00,-6.005177500312421,-5.745999
2025-09-21 12:00:00+00:00,-6.202937132233907,-5.66486
2025-09-21 13:00:00+00:00,-6.56011543445729,-5.663857
2025-09-21 14:00:00+00:00,-6.202515414468131,-5.6452956
2025-09-21 15:00:00+00:00,-5.728219534938334,-5.649805
2025-09-21 16:00:00+00:00,-6.030197969427097,-5.5951753
2025-09-21 17:00:00+00:00,-5.697989511553454,-5.6113315
2025-09-21 18:00:00+00:00,-5.519054861297477,-5.6803703
2025-09-21 19:00:00+00:00,-6.2294607369177575,-5.6555376
2025-09-21 20:00:00+00:00,-6.261991342227609,-5.6173534
2025-09-21 21:00:00+00:00,-5.9110418818510775,-5.731841
2025-09-21 22:00:00+00:00,-5.790530563547671,-5.7108855
2025-09-21 23:00:00+00:00,-4.31344020937848,-5.7234406
2025-09-22 00:00:00+00:00,-5.555023861438811,-5.36827
2025-09-22 01:00:00+00:00,-4.8873535878248555,-5.401087
2025-09-22 02:00:00+00:00,-5.967029526497898,-5.184083
2025-09-22 03:00:00+00:00,-6.023985055699828,-5.330874
2025-09-22 04:00:00+00:00,-6.190798362154743,-5.6195927
2025-09-22 05:00:00+00:00,-3.4307945990606283,-5.6472163
2025-09-22 06:00:00+00:00,-4.90417792505128,-5.122841
2025-09-22 07:00:00+00:00,-5.689834926337487,-5.1162443
2025-09-22 08:00:00+00:00,-5.31550682402685,-5.2063627
2025-09-22 09:00:00+00:00,-5.185470429344108,-4.987483
2025-09-22 10:00:00+00:00,-5.954465063895938,-5.097845
2025-09-22 11:00:00+00:00,-5.798054620602077,-5.218835
2025-09-22 12:00:00+00:00,-5.451425120557792,-5.3689117
2025-09-22 13:00:00+00:00,-5.4131087327509935,-5.2652917
2025-09-22 14:00:00+00:00,-5.75868407936041,-5.196127
2025-09-22 15:00:00+00:00,-5.811219965709914,-5.194898
2025-09-22 16:00:00+00:00,-5.574199293674426,-5.2438087
2025-09-22 17:00:00+00:00,-6.020452531227775,-5.4273825
2025-09-22 18:00:00+00:00,-5.377622482265442,-5.292419
2025-09-22 19:00:00+00:00,-5.316855469436186,-5.403068
2025-09-22 20:00:00+00:00,-6.16406347084825,-5.347457
2025-09-22 21:00:00+00:00,-6.104290158324289,-5.419031
2025-09-22 22:00:00+00:00,-6.08245633134534,-5.561557
2025-09-22 23:00:00+00:00,-5.935860980883552,-5.691375
2025-09-23 00:00:00+00:00,-5.434149094427714,-5.704403
2025-09-23 01:00:00+00:00,-5.569989634835799,-5.5235476
2025-09-23 02:00:00+00:00,-4.812889520416562,-5.509838
2025-09-23 03:00:00+00:00,-5.4482619173609566,-5.329481
2025-09-23 04:00:00+00:00,-5.445848891240852,-5.3694444
2025-09-23 05:00:00+00:00,-5.778408813606797,-5.446205
2025-09-23 06:00:00+00:00,-5.971980942712903,-5.401704
2025-09-23 07:00:00+00:00,-6.369269071093417,-5.53001
2025-09-23 08:00:00+00:00,-5.542495640227751,-5.5786686
2025-09-23 09:00:00+00:00,-6.61172399273006,-5.6001
2025-09-23 10:00:00+00:00,-6.080354939667751,-5.443458
2025-09-23 11:00:00+00:00,-5.73048059444763,-5.6135764
2025-09-23 12:00:00+00:00,-5.826796914376398,-5.583438
2025-09-23 13:00:00+00:00,-5.311520236415353,-5.6133137
2025-09-23 14:00:00+00:00,-5.211814817569477,-5.479415
2025-09-23 15:00:00+00:00,-5.082316042681571,-5.356266
2025-09-23 16:00:00+00:00,-5.091164471702792,-5.2879567
2025-09-23 17:00:00+00:00,-5.7029747926088685,-5.06858
2025-09-23 18:00:00+00:00,-5.362921865944259,-5.3300476
2025-09-23 19:00:00+00:00,-5.6361985918408015,-5.453395
2025-09-23 20:00:00+00:00,-5.568106306127861,-5.458061
2025-09-23 21:00:00+00:00,-5.84199581583458,-5.481859
2025-09-23 22:00:00+00:00,-5.4887871561284625,-5.519349
2025-09-23 23:00:00+00:00,-5.299671397903906,-5.5578766
2025-09-24 00:00:00+00:00,-5.987751528190324,-5.4481354
2025-09-24 01:00:00+00:00,-5.516030269553472,-5.478769
2025-09-24 02:00:00+00:00,-5.410024778185562,-5.3954115
2025-09-24 03:00:00+00:00,-4.55792100573764,-5.431523
2025-09-24 04:00:00+00:00,-5.726701718654643,-5.4437695
2025-09-24 05:00:00+00:00,-6.143178670378611,-5.372171
2025-09-24 06:00:00+00:00,-5.8675468993335835,-5.431145
2025-09-24 07:00:00+00:00,-6.211576431276068,-5.5021486
2025-09-24 08:00:00+00:00,-6.333889113090578,-5.549133
2025-09-24 09:00:00+00:00,-6.235047101204163,-5.5888968
2025-09-24 10:00:00+00:00,-5.686568765810167,-5.6183987
2025-09-24 11:00:00+00:00,-6.195055030725722,-5.5954046
2025-09-24 12:00:00+00:00,-5.474004488320246,-5.562341
2025-09-24 13:00:00+00:00,-5.220795182295882,-5.457883
2025-09-24 14:00:00+00:00,-5.360243542438477,-5.3434725
2025-09-24 15:00:00+00:00,-6.1365963419583425,-5.2618766
2025-09-24 16:00:00+00:00,-5.707931932703503,-5.268484
2025-09-24 17:00:00+00:00,-5.935304424952289,-5.5640607
2025-09-24 18:00:00+00:00,-6.042424284187788,-5.473659
2025-09-24 19:00:00+00:00,-5.996943254147136,-5.644662
2025-09-24 20:00:00+00:00,-6.289944099207204,-5.64109
2025-09-24 21:00:00+00:00,-5.067849609289443,-5.605861
2025-09-24 22:00:00+00:00,-6.367162665399664,-5.546292
2025-09-24 23:00:00+00:00,-5.501128853033688,-5.5760317
2025-09-25 00:00:00+00:00,-5.102646738098433,-5.543814
2025-09-25 01:00:00+00:00,-4.811979455052315,-5.397839
2025-09-25 02:00:00+00:00,-4.853657723604112,-5.4829826
2025-09-25 03:00:00+00:00,-4.217598446677059,-5.0926957
2025-09-25 04:00:00+00:00,-4.872383226032532,-5.0158486
2025-09-25 05:00:00+00:00,-5.246466028214964,-5.0874743
2025-09-25 06:00:00+00:00,-5.564483277062296,-5.1185017
2025-09-25 07:00:00+00:00,-5.204564053367249,-5.300836
2025-09-25 08:00:00+00:00,-5.245479555126455,-5.3744655
2025-09-25 09:00:00+00:00,-5.622870831824643,-5.131346
2025-09-25 10:00:00+00:00,-5.64054302806461,-5.283135
2025-09-25 11:00:00+00:00,-4.845557235294157,-5.205987
2025-09-25 12:00:00+00:00,-4.422181086403028,-5.224297
2025-09-25 13:00:00+00:00,-4.927217592734792,-5.0914974
2025-09-25 14:00:00+00:00,-5.320320778965831,-4.9711857
2025-09-25 15:00:00+00:00,-5.015912734335931,-5.0561204
2025-09-25 16:00:00+00:00,-4.784263084349508,-4.976843
2025-09-25 17:00:00+00:00,-4.436883186206503,-4.8464975
2025-09-25 18:00:00+00:00,-5.190677307108796,-4.969181
2025-09-25 19:00:00+00:00,-5.015834288924121,-5.101662
2025-09-25 20:00:00+00:00,-4.866751118202369,-5.123464
2025-09-25 21:00:00+00:00,-5.008084331275536,-5.17238
2025-09-25 22:00:00+00:00,-5.098481572585423,-5.176556
2025-09-25 23:00:00+00:00,-4.349283787594009,-5.148898
2025-09-26 00:00:00+00:00,-5.080681101546888,-5.102423
2025-09-26 01:00:00+00:00,-5.250312168302312,-5.117865
2025-09-26 02:00:00+00:00,-5.609930950042135,-5.213026
2025-09-26 03:00:00+00:00,-5.3660720456232935,-5.259681
2025-09-26 04:00:00+00:00,-5.223615189362852,-5.328049
2025-09-26 05:00:00+00:00,-4.916578766814256,-5.249616
2025-09-26 06:00:00+00:00,-4.914706253414846,-5.3448796
2025-09-26 07:00:00+00:00,-5.299049073170107,-5.257543
2025-09-26 08:00:00+00:00,-5.389262542240183,-5.170581
2025-09-26 09:00:00+00:00,-5.109132017066434,-5.112514
2025-09-26 10:00:00+00:00,-5.410820992299277,-5.1416426
2025-09-26 11:00:00+00:00,-4.5640878826215046,-5.1897836
2025-09-26 12:00:00+00:00,-4.6812681575299475,-5.072561
2025-09-26 13:00:00+00:00,-5.148124173203816,-5.07085
2025-09-26 14:00:00+00:00,-5.005218345956456,-4.9991207
2025-09-26 15:00:00+00:00,-5.243276758113192,-5.1207533
2025-09-26 16:00:00+00:00,-4.875232282093399,-5.0907927
2025-09-26 17:00:00+00:00,-5.129677107882028,-5.0260897
2025-09-26 18:00:00+00:00,-5.159410756979626,-5.191355
2025-09-26 19:00:00+00:00,-5.6929358958855385,-5.21308
2025-09-26 20:00:00+00:00,-5.829181895673228,-5.250336
2025-09-26 21:00:00+00:00,-5.756804296019515,-5.368784
2025-09-26 22:00:00+00:00,-5.833309683225768,-5.4623275
2025-09-26 23:00:00+00:00,-5.803578172173239,-5.554446
2025-09-27 00:00:00+00:00,-6.053062049916913,-5.579398
2025-09-27 01:00:00+00:00,-6.237519920775052,-5.579081
2025-09-27 02:00:00+00:00,-5.960932923768964,-5.6442776
2025-09-27 03:00:00+00:00,-6.229843902879459,-5.6748004
2025-09-27 04:00:00+00:00,-6.680085299409524,-5.706473
2025-09-27 05:00:00+00:00,-6.81241468247695,-5.7128115
2025-09-27 06:00:00+00:00,-6.587141580123533,-5.7295747
2025-09-27 07:00:00+00:00,-5.511186298707922,-5.69537
2025-09-27 08:00:00+00:00,-5.859489435106922,-5.54144
2025-09-27 09:00:00+00:00,-5.553250126387755,-5.6105843
2025-09-27 10:00:00+00:00,-6.317710322661504,-5.6738496
2025-09-27 11:00:00+00:00,-5.335419138256576,-5.5600014
2025-09-27 12:00:00+00:00,-5.631598936730868,-5.633729
2025-09-27 13:00:00+00:00,-6.029028260233047,-5.5656295
2025-09-27 14:00:00+00:00,-5.86839821324042,-5.5890846
2025-09-27 15:00:00+00:00,-6.08053092323942,-5.616942
2025-09-27 16:00:00+00:00,-5.360070376329164,-5.6126
2025-09-27 17:00:00+00:00,-5.913717537577764,-5.6486754
2025-09-27 18:00:00+00:00,-6.56085107302968,-5.570275
2025-09-27 19:00:00+00:00,-6.357227807720058,-5.7206936
2025-09-27 20:00:00+00:00,-6.300745393276374,-5.709673
2025-09-27 21:00:00+00:00,-6.060882084228264,-5.7207036
2025-09-27 22:00:00+00:00,-6.2098955405323,-5.7134247
2025-09-27 23:00:00+00:00,-5.761890178102806,-5.793764
2025-09-28 00:00:00+00:00,-5.751689408709159,-5.7720814
2025-09-28 01:00:00+00:00,-5.99174294701232,-5.648202
2025-09-28 02:00:00+00:00,-6.542862847508112,-5.7575088
2025-09-28 03:00:00+00:00,-6.579049440647216,-5.7609797
2025-09-28 04:00:00+00:00,-6.0810661920032585,-5.7882495
2025-09-28 05:00:00+00:00,-5.8087879348108595,-5.777778
2025-09-28 06:00:00+00:00,-6.106842786225308,-5.776305
2025-09-28 07:00:00+00:00,-6.348254408297849,-5.757998
2025-09-28 08:00:00+00:00,-5.9030595866224305,-5.7388716
2025-09-28 09:00:00+00:00,-6.170615252929398,-5.7096233
2025-09-28 10:00:00+00:00,-6.243018550051618,-5.7221937
2025-09-28 11:00:00+00:00,-5.6093143757917225,-5.7672315
2025-09-28 12:00:00+00:00,-6.0082529643230265,-5.6159697
2025-09-28 13:00:00+00:00,-5.647677662034698,-5.5630913
2025-09-28 14:00:00+00:00,-6.029598107859709,-5.6418834
2025-09-28 15:00:00+00:00,-5.4346303816011075,-5.6000185
2025-09-28 16:00:00+00:00,-5.512208839418086,-5.6530614
2025-09-28 17:00:00+00:00,-6.760495185236563,-5.531328
2025-09-28 18:00:00+00:00,-6.282910460048031,-5.5393987
2025-09-28 19:00:00+00:00,-5.795067785659103,-5.7230773
2025-09-28 20:00:00+00:00,-5.877801585101875,-5.694973
2025-09-28 21:00:00+00:00,-4.402986447680438,-5.7538023
2025-09-28 22:00:00+00:00,-5.866467822131632,-5.3844447
2025-09-28 23:00:00+00:00,-5.499955176088363,-5.484819
2025-09-29 00:00:00+00:00,-5.770698289964401,-5.5889482
2025-09-29 01:00:00+00:00,-5.739346799870224,-5.4691277
2025-09-29 02:00:00+00:00,-6.207403738057223,-5.6624203
2025-09-29 03:00:00+00:00,-5.888571243494597,-5.6561704
2025-09-29 04:00:00+00:00,-6.094663959540262,-5.7480407
2025-09-29 05:00:00+00:00,-5.872580386481448,-5.6946197
2025-09-29 06:00:00+00:00,-6.023722966310858,-5.657646
2025-09-29 07:00:00+00:00,-5.733534848511409,-5.6543403
2025-09-29 08:00:00+00:00,-5.904971151465561,-5.658164
2025-09-29 09:00:00+00:00,-5.947517236142152,-5.5140133
2025-09-29 10:00:00+00:00,-5.944767345160251,-5.419539
2025-09-29 11:00:00+00:00,-5.640897288914538,-5.4308844
2025-09-29 12:00:00+00:00,-4.836386229623885,-5.528462
2025-09-29 13:00:00+00:00,-5.108135002741,-5.184578
2025-09-29 14:00:00+00:00,-5.766558140899889,-5.1571813
2025-09-29 15:00:00+00:00,-5.876069022924453,-5.084627
2025-09-29 16:00:00+00:00,-5.4446454919595615,-5.227996
2025-09-29 17:00:00+00:00,-6.121000584396083,-5.449098
2025-09-29 18:00:00+00:00,-5.53555497989789,-5.418867
2025-09-29 19:00:00+00:00,-5.174974583647846,-5.5375204
2025-09-29 20:00:00+00:00,-5.7741744638401755,-5.3148127
2025-09-29 21:00:00+00:00,-6.018984186911366,-5.382297
2025-09-29 22:00:00+00:00,-5.617474054490673,-5.5033884
2025-09-29 23:00:00+00:00,-5.158993211392503,-5.549137
2025-09-30 00:00:00+00:00,-5.421148738791039,-5.5402904
2025-09-30 01:00:00+00:00,-5.854205598390977,-5.461284
2025-09-30 02:00:00+00:00,-5.932964593058228,-5.436527
2025-09-30 03:00:00+00:00,-6.672724606651963,-5.537064
2025-09-30 04:00:00+00:00,-6.241146547791535,-5.608091
2025-09-30 05:00:00+00:00,-5.886986238564262,-5.663078
2025-09-30 06:00:00+00:00,-5.900482922743633,-5.6685505
2025-09-30 07:00:00+00:00,-6.402453600818687,-5.5682845
2025-09-30 08:00:00+00:00,-5.413225965154502,-5.5247507
2025-09-30 09:00:00+00:00,-5.761820367264394,-5.3153358
2025-09-30 10:00:00+00:00,-6.168180281640203,-5.4639645
2025-09-30 11:00:00+00:00,-5.81203716305035,-5.480594
2025-09-30 12:00:00+00:00,-5.098681334333236,-5.5294333
2025-09-30 13:00:00+00:00,-4.913988719620185,-5.4076276
2025-09-30 14:00:00+00:00,-5.239646322570372,-5.254047
2025-09-30 15:00:00+00:00,-5.649139403285697,-5.1263156
2025-09-30 16:00:00+00:00,-5.463091208735277,-5.122284
2025-09-30 17:00:00+00:00,-5.390828603498538,-5.189053
2025-09-30 18:00:00+00:00,-5.230645576525526,-5.2585783
2025-09-30 19:00:00+00:00,-5.273022897596473,-5.1524673
2025-09-30 20:00:00+00:00,-5.520023761643744,-5.2148514
2025-09-30 21:00:00+00:00,-5.264465079999044,-5.3456664
2025-09-30 22:00:00+00:00,-5.7666072451296175,-5.2708716
2025-09-30 23:00:00+00:00,-5.310112516936503,-5.415341
2025-10-01 00:00:00+00:00,-5.28609450640192,-5.5095773
2025-10-01 01:00:00+00:00,-5.9519145471600865,-5.388151
2025-10-01 02:00:00+00:00,-5.7364926534031,-5.475636
2025-10-01 03:00:00+00:00,-5.5348609095522425,-5.4328823
2025-10-01 04:00:00+00:00,-5.768900987956042,-5.539154
2025-10-01 05:00:00+00:00,-5.652212497312632,-5.536382
2025-10-01 06:00:00+00:00,-6.036941490979093,-5.479547
2025-10-01 07:00:00+00:00,-3.92047650068388,-5.5068603
2025-10-01 08:00:00+00:00,-5.36391464368978,-5.34104
2025-10-01 09:00:00+00:00,-5.4288145188996655,-5.1064534
2025-10-01 10:00:00+00:00,-5.6166986408713635,-5.280949
2025-10-01 11:00:00+00:00,-5.464888181651555,-5.302241
2025-10-01 12:00:00+00:00,-5.371676174670714,-5.2570252
2025-10-01 13:00:00+00:00,-4.782319952502594,-5.1717825
2025-10-01 14:00:00+00:00,-5.157253990601604,-5.0965366
2025-10-01 15:00:00+00:00,-5.948081733696955,-5.1283293
2025-10-01 16:00:00+00:00,-5.138446984786876,-5.130998
2025-10-01 17:00:00+00:00,-5.746804687745362,-5.1381044
2025-10-01 18:00:00+00:00,-5.283901542810914,-5.211932
2025-10-01 19:00:00+00:00,-5.53817313087199,-5.4484735
2025-10-01 20:00:00+00:00,-5.316763126190165,-5.385313
2025-10-01 21:00:00+00:00,-5.537518700464392,-5.3990264
2025-10-01 22:00:00+00:00,-5.546458391649527,-5.3998337
2025-10-01 23:00:00+00:00,-4.857795928575516,-5.4336596
2025-10-02 00:00:00+00:00,-4.784336432562552,-5.425095
2025-10-02 01:00:00+00:00,-5.093361139467927,-5.283107
2025-10-02 02:00:00+00:00,-5.784178359324341,-5.336714
2025-10-02 03:00:00+00:00,-5.633168147986132,-5.329758
2025-10-02 04:00:00+00:00,-5.311682607867552,-5.4185038
2025-10-02 05:00:00+00:00,-5.245850693793877,-5.4668202
2025-10-02 06:00:00+00:00,-5.684794815254397,-5.4039855
2025-10-02 07:00:00+00:00,-5.938942171733401,-5.325848
2025-10-02 08:00:00+00:00,-5.928396479026978,-5.4622035
2025-10-02 09:00:00+00:00,-5.971537862241065,-5.496303
2025-10-02 10:00:00+00:00,-5.773351534564306,-5.5118546
2025-10-02 11:00:00+00:00,-5.584923514226436,-5.498733
2025-10-02 12:00:00+00:00,-4.956678950595128,-5.5162716
2025-10-02 13:00:00+00:00,-4.958474751541119,-5.188367
2025-10-02 14:00:00+00:00,-4.317801201131712,-5.142406
2025-10-02 15:00:00+00:00,-4.823565576106513,-5.0775323
2025-10-02 16:00:00+00:00,-5.349599268847551,-5.1170163
2025-10-02 17:00:00+00:00,-5.3423821277372845,-5.108076
2025-10-02 18:00:00+00:00,-5.335469035626349,-5.145061
2025-10-02 19:00:00+00:00,-5.260702982350359,-5.2035155
2025-10-02 20:00:00+00:00,-5.451723207169893,-5.3138146
2025-10-02 21:00:00+00:00,-5.7197060184676,-5.367963
2025-10-02 22:00:00+00:00,-5.515774118314203,-5.4190516
2025-10-02 23:00:00+00:00,-5.852563463593334,-5.499854
2025-10-03 00:00:00+00:00,-5.206556685567331,-5.458596
2025-10-03 01:00:00+00:00,-4.581374760925966,-5.5246944
2025-10-03 02:00:00+00:00,-4.520296046217486,-5.411915
2025-10-03 03:00:00+00:00,-5.247488409813795,-5.301685
2025-10-03 04:00:00+00:00,-5.679103483745609,-5.2613726
2025-10-03 05:00:00+00:00,-5.9288710753700915,-5.3152246
2025-10-03 06:00:00+00:00,-5.82280723163768,-5.4202466
2025-10-03 07:00:00+00:00,-5.384139976917685,-5.5166626
2025-10-03 08:00:00+00:00,-4.578117601124883,-5.514415
2025-10-03 09:00:00+00:00,-5.204961458434962,-5.445268
2025-10-03 10:00:00+00:00,-5.425053108640939,-5.347426
2025-10-03 11:00:00+00:00,-5.510480470781772,-5.315366
2025-10-03 12:00:00+00:00,-5.102751233628977,-5.2089243
2025-10-03 13:00:00+00:00,-4.912095831243271,-5.1539383
2025-10-03 14:00:00+00:00,-4.771477750807542,-5.1571856
2025-10-03 15:00:00+00:00,-4.715824908026968,-5.1075068
2025-10-03 16:00:00+00:00,-4.233690098413726,-5.1087627
2025-10-03 17:00:00+00:00,-5.125170683681315,-4.8833575
2025-10-03 18:00:00+00:00,-5.033014604198185,-5.0470843
2025-10-03 19:00:00+00:00,-5.32226930681509,-5.1741343
2025-10-03 20:00:00+00:00,-6.018982808076533,-5.160268
2025-10-03 21:00:00+00:00,-5.760414571647921,-5.284433
2025-10-03 22:00:00+00:00,-5.890790089703523,-5.458217
2025-10-03 23:00:00+00:00,-5.8095114740544895,-5.5049534
2025-10-04 00:00:00+00:00,-5.8919989367944305,-5.601594
2025-10-04 01:00:00+00:00,-5.609000396121717,-5.53084
2025-10-04 02:00:00+00:00,-5.964977977798942,-5.6269803
2025-10-04 03:00:00+00:00,-5.7050748236986415,-5.617524
2025-10-04 04:00:00+00:00,-5.826327352893265,-5.6512957
2025-10-04 05:00:00+00:00,-5.801075261678881,-5.6115294
2025-10-04 06:00:00+00:00,-5.825480324868455,-5.720764
2025-10-04 07:00:00+00:00,-5.923668410582867,-5.6968026
2025-10-04 08:00:00+00:00,-6.0635429956213,-5.6855793
2025-10-04 09:00:00+00:00,-5.805468719748559,-5.690481
2025-10-04 10:00:00+00:00,-6.124009692470785,-5.6884575
2025-10-04 11:00:00+00:00,-5.959321340856614,-5.6931853
2025-10-04 12:00:00+00:00,-5.355354533038893,-5.67948
2025-10-04 13:00:00+00:00,-5.542622447415273,-5.593872
2025-10-04 14:00:00+00:00,-5.446828953741613,-5.4857163
2025-10-04 15:00:00+00:00,-5.525331890752591,-5.476478
2025-10-04 16:00:00+00:00,-5.5054266943551715,-5.506201
2025-10-04 17:00:00+00:00,-6.1047026195825635,-5.5317383
2025-10-04 18:00:00+00:00,-6.039413557923013,-5.5513363
2025-10-04 19:00:00+00:00,-5.931661432439719,-5.6522136
2025-10-04 20:00:00+00:00,-5.512093041342056,-5.710157
2025-10-04 21:00:00+00:00,-5.844081984620645,-5.7224092
2025-10-04 22:00:00+00:00,-6.469118903626222,-5.6029534
2025-10-04 23:00:00+00:00,-5.86122830666629,-5.6938696
2025-10-05 00:00:00+00:00,-5.678469447580109,-5.730605
2025-10-05 01:00:00+00:00,-4.425165180595774,-5.7650046
2025-10-05 02:00:00+00:00,-4.862749422057644,-5.5729685
2025-10-05 03:00:00+00:00,-4.921006598484639,-5.400745
2025-10-05 04:00:00+00:00,-5.403482259718034,-5.3035073
2025-10-05 05:00:00+00:00,-5.62273819948309,-5.2938104
2025-10-05 06:00:00+00:00,-5.4422347944570495,-5.376493
2025-10-05 07:00:00+00:00,-5.356606716891907,-5.427982
2025-10-05 08:00:00+00:00,-5.372973500943161,-5.43784
2025-10-05 09:00:00+00:00,-5.180471876439786,-5.309122
2025-10-05 10:00:00+00:00,-5.6877308924266625,-5.438125
2025-10-05 11:00:00+00:00,-5.571976742875057,-5.403185
2025-10-05 12:00:00+00:00,-6.12665905433561,-5.466804
2025-10-05 13:00:00+00:00,-6.076422142996333,-5.4365187
2025-10-05 14:00:00+00:00,-5.855232410198841,-5.551067
2025-10-05 15:00:00+00:00,-5.375224344863755,-5.573169
2025-10-05 16:00:00+00:00,-5.332808513288954,-5.5692863
2025-10-05 17:00:00+00:00,-5.644294001313316,-5.485189
2025-10-05 18:00:00+00:00,-5.525966508474785,-5.458979
2025-10-05 19:00:00+00:00,-5.827757479757618,-5.394124
2025-10-05 20:00:00+00:00,-5.987720556061612,-5.435171
2025-10-05 21:00:00+00:00,-5.656189420203281,-5.61099
2025-10-05 22:00:00+00:00,-5.857242694785892,-5.703201
2025-10-05 23:00:00+00:00,-4.659169045657805,-5.6950326
2025-10-06 00:00:00+00:00,-5.117727469752793,-5.6829767
2025-10-06 01:00:00+00:00,-5.115971856988552,-5.424122
2025-10-06 02:00:00+00:00,-6.034655948596396,-5.4431663
2025-10-06 03:00:00+00:00,-5.908484337706051,-5.371053
2025-10-06 04:00:00+00:00,-5.629638050267425,-5.577926
2025-10-06 05:00:00+00:00,-5.1698151770879734,-5.618737
2025-10-06 06:00:00+00:00,-5.2408362252934095,-5.531552
2025-10-06 07:00:00+00:00,-5.251540299908974,-5.4311943
2025-10-06 08:00:00+00:00,-5.841045658868514,-5.3924675
2025-10-06 09:00:00+00:00,-5.664189249247293,-5.362478
2025-10-06 10:00:00+00:00,-5.120820030776093,-5.4356604
2025-10-06 11:00:00+00:00,-5.635738648607168,-5.4829307
2025-10-06 12:00:00+00:00,-4.8203178073208,-5.394069
2025-10-06 13:00:00+00:00,-4.496828783193591,-5.1131916
2025-10-06 14:00:00+00:00,-5.0872318880914165,-5.0784335
2025-10-06 15:00:00+00:00,-5.471436321480792,-5.06345
2025-10-06 16:00:00+00:00,-4.727745155161295,-5.121906
2025-10-06 17:00:00+00:00,-5.468342029803992,-5.1060658
2025-10-06 18:00:00+00:00,-5.360794880644394,-5.204363
2025-10-06 19:00:00+00:00,-4.7419978876910465,-5.3103733
2025-10-06 20:00:00+00:00,-5.489644292051134,-5.304515
2025-10-06 21:00:00+00:00,-5.199899790857185,-5.2635837
2025-10-06 22:00:00+00:00,-5.737385586022505,-5.350333
2025-10-06 23:00:00+00:00,-5.9279457810229985,-5.3612056
2025-10-07 00:00:00+00:00,-5.243024760701488,-5.4982953
2025-10-07 01:00:00+00:00,-5.404460862311889,-5.5055704
2025-10-07 02:00:00+00:00,-5.607854584641326,-5.4722857
2025-10-07 03:00:00+00:00,-5.201133858426323,-5.4807053
2025-10-07 04:00:00+00:00,-5.2848789263662095,-5.5068326
2025-10-07 05:00:00+00:00,-5.546715722387552,-5.434473
2025-10-07 06:00:00+00:00,-5.584637395031196,-5.298842
2025-10-07 07:00:00+00:00,-5.056055858584868,-5.3862734
2025-10-07 08:00:00+00:00,-5.8241623975159325,-5.4115915
2025-10-07 09:00:00+00:00,-5.4795947582538735,-5.3878202
2025-10-07 10:00:00+00:00,-5.7421768756850575,-5.438664
2025-10-07 11:00:00+00:00,-5.527708636412634,-5.40246
2025-10-07 12:00:00+00:00,-4.488737096922264,-5.241119
2025-10-07 13:00:00+00:00,-4.549080201973882,-5.110819
2025-10-07 14:00:00+00:00,-4.276779350469813,-4.856033
2025-10-07 15:00:00+00:00,-4.394983277273736,-4.8536425
2025-10-07 16:00:00+00:00,-4.90866104139676,-4.956346
2025-10-07 17:00:00+00:00,-5.2326978300821185,-4.9805927
2025-10-07 18:00:00+00:00,-5.0390356219890124,-5.034695
2025-10-07 19:00:00+00:00,-5.156823789485755,-5.203553
2025-10-07 20:00:00+00:00,-5.629673551318307,-5.220221
2025-10-07 21:00:00+00:00,-5.727075281194922,-5.2405295
2025-10-07 22:00:00+00:00,-5.1952932758291475,-5.353532
2025-10-07 23:00:00+00:00,-5.066126864990004,-5.2788167
2025-10-08 00:00:00+00:00,-5.517970047094833,-5.376606
2025-10-08 01:00:00+00:00,-5.469901457216449,-5.3049383
2025-10-08 02:00:00+00:00,-5.158190093494536,-5.3192225
2025-10-08 03:00:00+00:00,-5.250455483350156,-5.163626
2025-10-08 04:00:00+00:00,-5.629165191258403,-5.426624
2025-10-08 05:00:00+00:00,-5.315065098201976,-5.355594
2025-10-08 06:00:00+00:00,-6.194905349171746,-5.4480953
2025-10-08 07:00:00+00:00,-5.396602971529874,-5.3873987
2025-10-08 08:00:00+00:00,-6.240251882869703,-5.4382977
2025-10-08 09:00:00+00:00,-5.901554213523649,-5.3716
2025-10-08 10:00:00+00:00,-6.1265573250984025,-5.511131
2025-10-08 11:00:00+00:00,-5.678243514629897,-5.522005
2025-10-08 12:00:00+00:00,-5.351592515223206,-5.356856
2025-10-08 13:00:00+00:00,-4.5044894720768625,-5.4251113
2025-10-08 14:00:00+00:00,-5.355656641430755,-5.250403
2025-10-08 15:00:00+00:00,-5.5433936653043485,-5.123366
2025-10-08 16:00:00+00:00,-4.919591769758897,-5.1049376
2025-10-08 17:00:00+00:00,-5.263360112108446,-5.0036807
2025-10-08 18:00:00+00:00,-5.4233565564847686,-5.2818294
2025-10-08 19:00:00+00:00,-5.7610681396293115,-5.3371882
2025-10-08 20:00:00+00:00,-5.976466949798967,-5.3403697
2025-10-08 21:00:00+00:00,-5.973776332719873,-5.4832697
2025-10-08 22:00:00+00:00,-5.870556754914985,-5.5389333
2025-10-08 23:00:00+00:00,-5.691426607384695,-5.6386194
2025-10-09 00:00:00+00:00,-5.561285320920366,-5.60931
2025-10-09 01:00:00+00:00,-5.0590857686025945,-5.4234915
2025-10-09 02:00:00+00:00,-5.466190998285053,-5.3537617
2025-10-09 03:00:00+00:00,-5.912693250408205,-5.3807592
2025-10-09 04:00:00+00:00,-5.918870170374799,-5.4346585
2025-10-09 05:00:00+00:00,-5.809932622177925,-5.533868
2025-10-09 06:00:00+00:00,-5.581729785011738,-5.6091175
2025-10-09 07:00:00+00:00,-4.700501935257037,-5.5878267
2025-10-09 08:00:00+00:00,-5.767780981027932,-5.1933904
2025-10-09 09:00:00+00:00,-5.6204371608344115,-5.3683953
2025-10-09 10:00:00+00:00,-5.412738496759241,-5.446761
2025-10-09 11:00:00+00:00,-5.384535405021808,-5.2183847
2025-10-09 12:00:00+00:00,-5.169963821010269,-5.1720996
2025-10-09 13:00:00+00:00,-4.821006308531524,-5.1340194
2025-10-09 14:00:00+00:00,-4.841520100875967,-5.103794
2025-10-09 15:00:00+00:00,-5.0983639791428095,-5.1337166
2025-10-09 16:00:00+00:00,-4.941642167349835,-5.1366544
2025-10-09 17:00:00+00:00,-5.505115281960252,-5.1172943
2025-10-09 18:00:00+00:00,-5.72289443315107,-5.1760497
2025-10-09 19:00:00+00:00,-5.5855461129847574,-5.335221
2025-10-09 20:00:00+00:00,-5.769622107674672,-5.4417944
2025-10-09 21:00:00+00:00,-6.079233332333168,-5.4517756
2025-10-09 22:00:00+00:00,-6.243743669977456,-5.4912515
2025-10-09 23:00:00+00:00,-6.035877045293399,-5.539715
2025-10-10 00:00:00+00:00,-5.751775671074318,-5.612117
2025-10-10 01:00:00+00:00,-5.3530346904108725,-5.5591397
2025-10-10 02:00:00+00:00,-5.097927380043306,-5.5547175
2025-10-10 03:00:00+00:00,-5.124802415035525,-5.424156
2025-10-10 04:00:00+00:00,-5.048144107743154,-5.4169083
2025-10-10 05:00:00+00:00,-4.830374206574735,-5.3767667
2025-10-10 06:00:00+00:00,-5.430063116345058,-5.2000413
2025-10-10 07:00:00+00:00,-5.623789089743332,-5.3014264
2025-10-10 08:00:00+00:00,-5.2822142165844905,-5.294709
2025-10-10 09:00:00+00:00,-5.563607204732044,-5.327089
2025-10-10 10:00:00+00:00,-5.806303619866319,-5.4068174
2025-10-10 11:00:00+00:00,-5.738551788247361,-5.4319935
2025-10-10 12:00:00+00:00,-4.734643083169938,-5.431161
2025-10-10 13:00:00+00:00,-4.943454964373422,-5.3035984
2025-10-10 14:00:00+00:00,-3.511083608429852,-5.128421
2025-10-10 15:00:00+00:00,-4.4978976013370415,-4.6705723
2025-10-10 16:00:00+00:00,-4.99445026830127,-4.900459
2025-10-10 17:00:00+00:00,-5.034897274317529,-4.9543934
2025-10-10 18:00:00+00:00,-4.11031200528273,-4.9513154
2025-10-10 19:00:00+00:00,-3.5868049451434114,-4.874262
2025-10-10 20:00:00+00:00,-2.1292820347610015,-4.7652874
2025-10-10 21:00:00+00:00,-2.668409874116398,-4.529106
2025-10-10 22:00:00+00:00,-3.930839474810309,-4.4646344
2025-10-10 23:00:00+00:00,-4.0271419153301045,-4.511578
2025-10-11 00:00:00+00:00,-4.102763395449351,-4.5596957
2025-10-11 01:00:00+00:00,-4.293223156923517,-4.5092483
2025-10-11 02:00:00+00:00,-4.527354758278483,-4.6046934
2025-10-11 03:00:00+00:00,-4.52764213832058,-4.5259
2025-10-11 04:00:00+00:00,-4.463140802540783,-4.851138
2025-10-11 05:00:00+00:00,-4.9367305503368275,-4.752046
2025-10-11 06:00:00+00:00,-4.68059611571581,-4.883209
2025-10-11 07:00:00+00:00,-4.596568773669867,-4.8652253
2025-10-11 08:00:00+00:00,-5.21622939886559,-4.806436
2025-10-11 09:00:00+00:00,-4.932090887929824,-4.880371
2025-10-11 10:00:00+00:00,-4.841411735976452,-4.989729
2025-10-11 11:00:00+00:00,-5.104283257892669,-5.0508046
2025-10-11 12:00:00+00:00,-4.828213091225375,-4.9840326
2025-10-11 13:00:00+00:00,-5.122453978269925,-5.106017
2025-10-11 14:00:00+00:00,-4.821505221924539,-5.0187664
2025-10-11 15:00:00+00:00,-4.9657976986479495,-5.1091304
2025-10-11 16:00:00+00:00,-4.912569725737497,-5.082195
2025-10-11 17:00:00+00:00,-5.668118868354928,-5.117234
2025-10-11 18:00:00+00:00,-4.521856693254226,-5.1496744
2025-10-11 19:00:00+00:00,-4.5420437356815775,-4.990794
2025-10-11 20:00:00+00:00,-4.065645152974345,-4.95349
2025-10-11 21:00:00+00:00,-5.414514245327616,-5.035133
2025-10-11 22:00:00+00:00,-5.7364400044444075,-4.968056
2025-10-11 23:00:00+00:00,-4.51286884387014,-5.206037
2025-10-12 00:00:00+00:00,-4.679619220145744,-4.944924
2025-10-12 01:00:00+00:00,-4.945918673502487,-5.2429395
2025-10-12 02:00:00+00:00,-4.436217163226207,-5.189851
2025-10-12 03:00:00+00:00,-4.882214352479149,-5.0875897
2025-10-12 04:00:00+00:00,-5.995870063687951,-5.112968
2025-10-12 05:00:00+00:00,-5.101894429632383,-5.2091813
2025-10-12 06:00:00+00:00,-5.309670253096145,-5.3446474
2025-10-12 07:00:00+00:00,-5.519438766428258,-5.335424
2025-10-12 08:00:00+00:00,-5.320083458884279,-5.3812795
2025-10-12 09:00:00+00:00,-5.23444632103364,-5.3390484
2025-10-12 10:00:00+00:00,-5.150215717284267,-5.3680277
2025-10-12 11:00:00+00:00,-5.158230005491542,-5.3544226
2025-10-12 12:00:00+00:00,-4.878258535884073,-5.2894564
2025-10-12 13:00:00+00:00,-3.4717826279975577,-5.2613873
2025-10-12 14:00:00+00:00,-3.888922574511585,-5.0644374
2025-10-12 15:00:00+00:00,-4.032012380338077,-4.8663225
2025-10-12 16:00:00+00:00,-4.407147301129247,-4.7152295
2025-10-12 17:00:00+00:00,-5.036526605802002,-4.916688
2025-10-12 18:00:00+00:00,-5.074942162777138,-4.9745054
2025-10-12 19:00:00+00:00,-4.833464418260021,-5.050481
2025-10-12 20:00:00+00:00,-4.287203096098208,-5.154832
2025-10-12 21:00:00+00:00,-4.870566832291547,-5.0302644
2025-10-12 22:00:00+00:00,-4.606140314646733,-5.059121
2025-10-12 23:00:00+00:00,-4.584263219815619,-5.0654454
